Date,Close,NIFTY_Return,Price,Gold_Return
2020-01-02,12434.28,-0.005980451016021071,69166.82,0.001880150678577941
2020-01-03,12253.7,-0.01452275483582488,68827.24,-0.0049095794775587676
2020-01-06,12538.33,0.023228086210695498,69196.48,0.005364736403784098
2020-01-07,12546.43,0.0006460190471937466,69562.45,0.005288852843381653
2020-01-08,12516.89,-0.002354454613782586,67916.99,-0.023654428502733804
2020-01-09,12377.17,-0.011162517206750211,68194.96,0.004092790331255758
2020-01-10,12849.64,0.038172700221456024,67493.91,-0.010280085214508516
2020-01-13,12683.09,-0.012961452616571334,67614.21,0.0017823830327803325
2020-01-14,12620.75,-0.004915205994753702,67848.8,0.003469536950886365
2020-01-15,12693.09,0.005731830517203829,68239.02,0.005751317635684039
2020-01-16,12795.53,0.008070532864731916,67798.13,-0.006460966174484883
2020-01-17,12957.06,0.012623939766465142,68928.65,0.016674796192756247
2020-01-20,13261.84,0.02352231138854033,68390.79,-0.00780314136429483
2020-01-21,13353.04,0.006876873797301286,67093.36,-0.01897082925931981
2020-01-22,13182.83,-0.012746910066921191,67455.24,0.005393678301399696
2020-01-23,13146.48,-0.0027573745546289885,66979.96,-0.007045857371495545
2020-01-24,13203.86,0.004364666435426212,66289.73,-0.010305022576902245
2020-01-27,13558.89,0.026888349316033233,66761.28,0.007113469914570514
2020-01-28,13328.54,-0.016988853807354376,66239.97,-0.0078085680801806
2020-01-29,13538.47,0.015750412273212167,66493.46,0.003826843520611467
2020-01-30,13575.65,0.002746248283594932,66386.69,-0.0016057218258758166
2020-01-31,13726.25,0.011093391476651338,65829.28,-0.008396411991620667
2020-02-03,13715.15,-0.0008086695200801852,64930.06,-0.013659879008246834
2020-02-04,13576.81,-0.010086655997200156,63602.61,-0.020444305765311088
2020-02-05,13712.39,0.009986145493676268,64593.27,0.015575775899762556
2020-02-06,13832.5,0.008759231614620111,65219.23,0.009690792864334163
2020-02-07,14009.62,0.012804626784746143,65418.99,0.0030629003132971455
2020-02-10,14013.94,0.0003083595415149798,65631.64,0.0032505851894075732
2020-02-11,13915.06,-0.007055831550584757,65994.49,0.0055285834698022285
2020-02-12,13650.95,-0.01898015531373909,66180.26,0.002814931973866175
2020-02-13,13799.17,0.010857852383900024,66852.27,0.010154236323641097
2020-02-14,13879.67,0.005833684199846756,66826.2,-0.00038996431983551183
2020-02-17,13718.34,-0.011623475197897304,67387.58,0.00840059737049259
2020-02-18,13632.06,-0.006289390698874686,66473.22,-0.013568672446762409
2020-02-19,13558.58,-0.005390234491338797,65974.94,-0.0074959510010196295
2020-02-20,13313.95,-0.018042449873069244,65878.87,-0.0014561589597505975
2020-02-21,13183.77,-0.00977771435223962,66546.34,0.010131776698659278
2020-02-24,13002.97,-0.013713831476125704,67134.73,0.008841808580306587
2020-02-25,12941.73,-0.004709693247004321,66678.44,-0.00679663119223084
2020-02-26,12827.96,-0.008790942169246363,66432.47,-0.003688898540517793
2020-02-27,12573.67,-0.019823105154677667,66040.12,-0.005905997473825808
2020-02-28,12904.33,0.02629781121979491,65868.54,-0.0025981176291018926
2020-03-02,12856.12,-0.003735955295625537,66295.16,0.0064768400817751814
2020-03-03,12484.42,-0.028912300134099622,66797.03,0.0075702358965570316
2020-03-04,12285.13,-0.015963096403357246,67154.47,0.005351136120872457
2020-03-05,12111.14,-0.014162650293484846,68607.36,0.021635045291847232
2020-03-06,12056.55,-0.004507420441015486,68608.88,2.2155057416650692e-05
2020-03-09,11702.13,-0.02939646913918159,70110.29,0.021883610401452147
2020-03-10,11634.86,-0.005748526123021902,69882.62,-0.00324731219910801
2020-03-11,11331.42,-0.02608024505666595,69800.85,-0.0011701049559960097
2020-03-12,10926.87,-0.03570161550802986,70287.61,0.00697355404697797
2020-03-13,10813.82,-0.01034605518323184,72447.25,0.030725756644734314
2020-03-16,10778.6,-0.0032569434297962108,72608.13,0.002220650197212626
2020-03-17,10920.52,0.013166830571688326,73099.87,0.006772519826636403
2020-03-18,10548.72,-0.03404599780962825,71493.02,-0.02198157123945621
2020-03-19,10436.26,-0.010661009108213992,72011.51,0.007252316379976476
2020-03-20,10181.78,-0.024384214268329818,72142.26,0.0018156819652859202
2020-03-23,10083.95,-0.00960833960270202,72948.39,0.011174171699084523
2020-03-24,9707.46,-0.03733556790741743,74227.99,0.017541168489119574
2020-03-25,9369.52,-0.03481240200835223,74166.32,-0.0008308186709622412
2020-03-26,9098.99,-0.02887341080439565,73591.85,-0.007745699125964456
2020-03-27,8931.94,-0.01835918052443175,75232.04,0.022287658212152506
2020-03-30,8688.79,-0.02722252948407622,75391.33,0.0021173159733540725
2020-03-31,8591.84,-0.011158055379402732,75936.37,0.007229478509000797
2020-04-01,8707.86,0.013503510307454558,75851.12,-0.0011226504506338664
2020-04-02,8778.07,0.008062830592131531,76109.23,0.003402850215000086
2020-04-03,8963.2,0.021090057381634164,75870.73,-0.003133654091625915
2020-04-06,9014.58,0.005732327740092691,76430.22,0.007374253549425447
2020-04-07,8881.65,-0.014746111299694498,76733.56,0.00396884897099592
2020-04-08,9039.83,0.017809753818265772,77963.6,0.016030013464773507
2020-04-09,8975.45,-0.007121815343872573,77330.51,-0.008120327947914285
2020-04-10,9083.31,0.012017224763103629,78086.71,0.009778805286555281
2020-04-13,9269.62,0.020511245349988272,77998.34,-0.001131690655170492
2020-04-14,9327.55,0.006249447118652052,78165.36,0.0021413276231263545
2020-04-15,9157.73,-0.018206281392219803,78183.19,0.00022810615853363636
2020-04-16,9056.72,-0.011030025999893,80010.54,0.023372671286500113
2020-04-17,9213.3,0.017288819793479293,80988.31,0.012220514947155703
2020-04-20,9198.07,-0.0016530450544320896,81927.97,0.011602415212763395
2020-04-21,9211.68,0.0014796582326510599,83144.06,0.014843404517407066
2020-04-22,9304.59,0.010086108071491795,83452.93,0.003714877527029481
2020-04-23,9391.05,0.009292188049124128,83320.2,-0.0015904774104396058
2020-04-24,9428.59,0.003997423078356599,83637.67,0.003810240493901773
2020-04-27,9408.31,-0.0021509048542783793,83523.62,-0.0013636200051962977
2020-04-28,9375.78,-0.003457581648563801,83768.63,0.002933421707536299
2020-04-29,9482.19,0.011349455725283564,84646.89,0.010484354346012248
2020-04-30,9553.1,0.007478230240060668,86449.08,0.021290681795870015
2020-05-01,9526.72,-0.0027614072918739074,87279.18,0.009602184314743356
2020-05-04,9662.09,0.014209507574485247,88704.84,0.016334479769402055
2020-05-05,9650.99,-0.0011488197688078738,90081.77,0.015522602825279952
2020-05-06,9552.53,-0.010202062171860038,91187.5,0.012274736608749892
2020-05-07,9466.13,-0.009044724277233462,92207.29,0.01118344071281685
2020-05-08,9354.58,-0.011784118747576788,91199.53,-0.01092928769514856
2020-05-11,9326.97,-0.002951495417218175,91637.81,0.004805726520739739
2020-05-12,9477.58,0.0161477950502682,91653.06,0.00016641602412792444
2020-05-13,9386.4,-0.00962059935131121,93570.63,0.020922051047722823
2020-05-14,9413.2,0.0028551947498509644,93906.82,0.0035929008920854155
2020-05-15,9340.09,-0.00776675307015684,95921.7,0.02145616260884986
2020-05-18,9313.94,-0.0027997588888329927,94805.27,-0.011638972203369957
2020-05-19,9142.77,-0.018377829361151177,95998.33,0.012584321525586084
2020-05-20,9121.75,-0.002299084413148411,97244.82,0.012984496709474103
2020-05-21,9103.85,-0.0019623427522130754,97915.26,0.006894351801977505
2020-05-22,9170.4,0.007310094081075524,98238.82,0.0033044900253547116
2020-05-25,9200.61,0.0032942946872547285,99367.65,0.01149067140668003
2020-05-26,9067.06,-0.014515341917546887,101402.7,0.020480005313600502
2020-05-27,9196.14,0.014236147108323882,101632.0,0.002261281011255223
2020-05-28,9224.93,0.003130661342693797,102015.11,0.0037695804471031824
2020-05-29,9252.42,0.002979968411684464,102790.45,0.007600246669341448
2020-06-01,9255.75,0.0003599058408503275,102446.51,-0.0033460306867029166
2020-06-02,9199.95,-0.00602868487156627,103407.9,0.00938431187162947
2020-06-03,9229.63,0.0032261044896981783,104747.36,0.012953168955176508
2020-06-04,9289.52,0.0064888841697881006,105498.1,0.007167149606443601
2020-06-05,9091.63,-0.02130250002152978,105832.13,0.0031662181593792305
2020-06-08,9034.43,-0.006291501083963924,106335.13,0.0047528099453351125
2020-06-09,9009.74,-0.002732878554596141,104619.01,-0.016138786871281452
2020-06-10,9043.17,0.003710428935796095,103849.25,-0.0073577450216743
2020-06-11,9184.53,0.01563168667624293,102365.14,-0.014291003546005432
2020-06-12,9100.0,-0.00920351939620212,103435.44,0.01045570787086314
2020-06-15,9047.39,-0.005781318681318703,102347.21,-0.010520862095235395
2020-06-16,8993.44,-0.005963045696051439,102554.66,0.0020269238409136303
2020-06-17,8907.32,-0.009575868633137086,104150.3,0.0155589224321937
2020-06-18,8872.67,-0.00389005896274075,104992.53,0.008086678578938189
2020-06-19,8963.52,0.010239307897171868,105143.81,0.0014408644119729974
2020-06-22,8849.51,-0.012719333476134409,104523.09,-0.005903533455749788
2020-06-23,8901.57,0.005882811590698145,103972.81,-0.0052646740543166315
2020-06-24,8716.89,-0.02074690195100415,104235.61,0.002527583894289309
2020-06-25,8659.58,-0.006574592543900359,104647.95,0.003955845799722413
2020-06-26,8627.81,-0.0036687691550860713,104539.05,-0.001040631947400783
2020-06-29,8816.0,0.021812024140540842,103638.26,-0.008616780045351602
2020-06-30,8789.72,-0.0029809437386570936,102188.41,-0.013989524717994972
2020-07-01,8553.37,-0.026889366214168153,101906.24,-0.002761272046409191
2020-07-02,8344.63,-0.024404416037187904,101323.11,-0.005722220739377781
2020-07-03,8352.18,0.0009047734890583747,102476.47,0.011382990514207547
2020-07-06,8421.03,0.008243356824206405,103859.37,0.01349480519771995
2020-07-07,8464.99,0.005220264029459409,102083.9,-0.01709494290211855
2020-07-08,8486.92,0.002590670514672766,102262.69,0.001751402522826906
2020-07-09,8616.21,0.01523403072021412,104651.46,0.023359154741577903
2020-07-10,8561.91,-0.006302074810154212,106031.86,0.013190451428006789
2020-07-13,8663.11,0.01181979254628951,105701.97,-0.0031112346798405355
2020-07-14,8490.85,-0.019884314062732722,106682.16,0.009273147889296673
2020-07-15,8398.59,-0.010865814376652572,106885.56,0.001906598066630849
2020-07-16,8213.45,-0.02204417646295387,107166.44,0.0026278573083211576
2020-07-17,8188.96,-0.0029816946593698157,108906.38,0.01623586637757124
2020-07-20,8188.09,-0.00010624059709651856,108143.6,-0.00700399737829871
2020-07-21,8203.77,0.0019149765085630932,109279.14,0.010500297752247922
2020-07-22,8214.08,0.0012567392796238863,108641.83,-0.005831945602792987
2020-07-23,8122.52,-0.011146713935096697,109180.5,0.00495821913161798
2020-07-24,8106.93,-0.00191935507699581,109121.68,-0.0005387408923754888
2020-07-27,7959.21,-0.018221447576332817,109226.94,0.0009646112486538794
2020-07-28,8100.95,0.017808300069981797,111734.72,0.022959354166655288
2020-07-29,8073.86,-0.003344052240786599,111064.56,-0.005997777593213627
2020-07-30,8028.1,-0.005667673207115254,112748.07,0.01515794057078157
2020-07-31,8194.34,0.02070726572912651,112058.79,-0.006113452762428806
2020-08-03,8070.93,-0.015060395346055966,112127.6,0.00061405267717074
2020-08-04,7961.07,-0.013611814251889287,113434.38,0.011654400878998494
2020-08-05,7855.62,-0.013245706921305778,113546.27,0.0009863852563922748
2020-08-06,7852.64,-0.0003793462514734003,113873.51,0.0028819969163231818
2020-08-07,7899.22,0.005931763075857299,113866.04,-6.559910202119656e-05
2020-08-10,7976.98,0.009844009914902863,113914.2,0.00042295314740026235
2020-08-11,8243.62,0.033426183844011303,114862.18,0.00832187734277201
2020-08-12,8017.09,-0.027479432579376573,115638.98,0.006762887488292568
2020-08-13,8082.66,0.008178778085315308,115003.13,-0.005498578420529032
2020-08-14,8029.95,-0.006521367965496516,115830.01,0.0071900651747478506
2020-08-17,7974.64,-0.006887963187815593,116272.81,0.003822843492804706
2020-08-18,7916.38,-0.007305658938836168,117180.64,0.007807758322861513
2020-08-19,7829.99,-0.010912816211450238,117906.63,0.006195477341649713
2020-08-20,8001.75,0.021936171055135567,118606.33,0.005934356702417709
2020-08-21,8090.97,0.011150060924172811,118131.43,-0.00400400214727159
2020-08-24,8097.19,0.0007687582576625385,117406.22,-0.00613900974533188
2020-08-25,8240.11,0.017650567666066985,118220.0,0.006931319311702655
2020-08-26,8088.43,-0.01840752125881817,118517.37,0.0025153950262222224
2020-08-27,7957.74,-0.016157647404997033,119859.13,0.011321209709597824
2020-08-28,7746.04,-0.026603030508661973,120964.11,0.009218988991493537
2020-08-31,7681.74,-0.00830101574481934,122740.36,0.01468410754231142
2020-09-01,7701.07,0.002516356971207001,122499.5,-0.0019623537033783833
2020-09-02,7714.73,0.001773779487785454,122286.23,-0.0017409866979049005
2020-09-03,7732.94,0.002360419612870368,122441.85,0.001272588091071336
2020-09-04,7600.3,-0.01715259655447987,121620.81,-0.00670555043067389
2020-09-07,7681.25,0.010650895359393786,122482.12,0.007081929482298355
2020-09-08,7708.15,0.0035020341741252015,124954.5,0.02018564015711033
2020-09-09,7783.37,0.009758502364380695,125917.73,0.007708645947124726
2020-09-10,7603.58,-0.023099248782982196,127492.97,0.01251007304531293
2020-09-11,7637.12,0.004411080043874138,126926.24,-0.004445186271839097
2020-09-14,7527.26,-0.014385003771055005,128035.97,0.008743109383843706
2020-09-15,7493.25,-0.004518244354519418,128476.22,0.0034384868564669713
2020-09-16,7547.46,0.007234511059953874,126888.68,-0.012356683594831885
2020-09-17,7559.72,0.0016243875422989884,126824.79,-0.0005035122124369407
2020-09-18,7482.62,-0.010198790431391713,126074.49,-0.005916035816026066
2020-09-21,7486.77,0.0005546185694316197,127844.4,0.014038605272168825
2020-09-22,7347.19,-0.018643553895738907,125340.06,-0.019588969090550634
2020-09-23,7457.99,0.015080595438528244,124751.38,-0.004696662822723963
2020-09-24,7442.27,-0.0021078065269596324,125010.97,0.002080858744809122
2020-09-25,7551.49,0.01467562988174298,124086.18,-0.007397670780412424
2020-09-28,7505.13,-0.00613918577658179,125612.46,0.012300161065478932
2020-09-29,7459.34,-0.006101160139797668,126974.16,0.010840485092004304
2020-09-30,7391.39,-0.009109385012615046,127556.76,0.004588335138425048
2020-10-01,7476.99,0.0115810422667455,127071.48,-0.003804424007006757
2020-10-02,7413.99,-0.008425850509362731,126066.84,-0.007906101353348571
2020-10-05,7478.0,0.0086336776823277,126545.04,0.003793225879224149
2020-10-06,7445.6,-0.0043327092805562906,127187.81,0.005079377271523189
2020-10-07,7265.99,-0.024122971956591854,127645.83,0.0036011312719355093
2020-10-08,7217.41,-0.006685943691086771,127585.47,-0.0004728709116467167
2020-10-09,7114.37,-0.014276589524497063,128157.27,0.0044817015605302934
2020-10-12,7120.8,0.0009038045533196204,127769.65,-0.0030245650519865608
2020-10-13,7018.14,-0.014416919447253096,128302.71,0.004172039291021168
2020-10-14,7103.88,0.01221691217331089,128775.19,0.0036825410780489953
2020-10-15,7099.11,-0.0006714640450008469,128656.4,-0.0009224602968942452
2020-10-16,7086.62,-0.0017593754710096832,127672.67,-0.007646180057890639
2020-10-19,7148.83,0.008778515004332021,127097.18,-0.004507542608766624
2020-10-20,7239.62,0.012699980276492884,127682.75,0.004607261939250096
2020-10-21,7241.23,0.0002223873628726114,128333.64,0.005097712886039885
2020-10-22,7174.63,-0.009197332497379529,129478.89,0.008924004649131678
2020-10-23,7019.4,-0.02163595892749881,129414.52,-0.0004971466777324851
2020-10-26,6962.3,-0.008134598398723436,128617.48,-0.00615881432778953
2020-10-27,6911.66,-0.007273458483547102,127293.88,-0.010290980666080474
2020-10-28,6924.29,0.0018273468312965946,127493.01,0.0015643328650205568
2020-10-29,6897.53,-0.003864656159692892,130227.0,0.021444234472148826
2020-10-30,6960.88,0.009184447186166622,129432.77,-0.006098812074300963
2020-11-02,6910.62,-0.007220351449816698,129814.53,0.0029494848947448915
2020-11-03,6908.95,-0.00024165704379641717,128997.7,-0.0062922848466963055
2020-11-04,7016.12,0.01551176372676033,130478.49,0.011479196915914036
2020-11-05,7049.76,0.004794672839119052,130450.8,-0.00021221888757294582
2020-11-06,7047.78,-0.00028086062504262266,132801.61,0.01802066372916067
2020-11-09,6997.87,-0.007081662594462301,133184.29,0.0028815915710662665
2020-11-10,6945.57,-0.007473702712396779,132971.33,-0.0015989873880772887
2020-11-11,6874.8,-0.010189228529839833,132848.03,-0.0009272675545922704
2020-11-12,6831.36,-0.0063187292721244015,130613.55,-0.016819820361656856
2020-11-13,6899.99,0.010046315814127738,130584.6,-0.00022164622276932278
2020-11-16,6884.0,-0.002317394662890826,131621.59,0.007941135478455985
2020-11-17,6771.15,-0.016393085415456143,131154.46,-0.003549037813629252
2020-11-18,6926.98,0.023013815969222362,131383.22,0.0017442029802112735
2020-11-19,6958.27,0.004517120014782883,130528.2,-0.006507832583186879
2020-11-20,6839.28,-0.017100514926842503,130510.46,-0.00013590932840557013
2020-11-23,6804.55,-0.005078019908528297,129863.43,-0.004957686916435722
2020-11-24,6817.31,0.0018752158482191472,131084.64,0.009403802132748496
2020-11-25,6968.62,0.02219497133033399,130061.01,-0.007808924066160738
2020-11-26,6875.28,-0.013394330584821645,129935.52,-0.0009648548784911837
2020-11-27,6963.66,0.012854749188396797,133750.45,0.029360178032919793
2020-11-30,7090.91,0.018273436669797194,134214.96,0.003472960277890458
2020-12-01,7038.32,-0.007416537510700372,134233.25,0.00013627392952320072
2020-12-02,7017.09,-0.0030163448095568146,133531.19,-0.005230149757977198
2020-12-03,6929.37,-0.012500908496257068,133286.39,-0.001833279550642719
2020-12-04,6914.92,-0.002085326660288045,133159.64,-0.0009509598091748117
2020-12-07,6915.03,1.5907631613965023e-05,134882.75,0.01294018217531967
2020-12-08,6976.06,0.008825702853060724,136502.15,0.012005982974101492
2020-12-09,7075.9,0.014311803510864252,138514.49,0.014742185379497563
2020-12-10,7012.86,-0.00890911403496375,136884.84,-0.011765195107024451
2020-12-11,6844.44,-0.024015879398704643,136706.2,-0.001305038600329933
2020-12-14,6845.87,0.0002089287070965451,134718.57,-0.014539428350725858
2020-12-15,6874.5,0.0041820835043611115,138353.83,0.02698410471548196
2020-12-16,6899.42,0.003624990908429604,138973.54,0.00447916765296652
2020-12-17,6874.36,-0.003632189372440031,137915.83,-0.007610873264076168
2020-12-18,6888.45,0.002049645348803475,137316.79,-0.004343518796935619
2020-12-21,7024.58,0.019762065486430114,138750.62,0.010441767536220281
2020-12-22,7061.81,0.005299960994109343,134083.84,-0.033634300156640706
2020-12-23,7032.01,-0.004219881305217776,132776.58,-0.00974957161131429
2020-12-24,6991.17,-0.005807727804710172,131858.7,-0.006912966127008091
2020-12-25,6979.54,-0.0016635269919055284,129609.56,-0.017057198349445413
2020-12-28,7128.36,0.02132232210145646,130568.8,0.00740099727211474
2020-12-29,7115.3,-0.0018321184676418634,129566.41,-0.007677102033563865
2020-12-30,7116.92,0.00022767838320247868,129215.09,-0.002711505242755541
2020-12-31,7077.17,-0.005585281273359777,130250.76,0.008015085544575307
2021-01-01,7179.26,0.014425257553513537,130591.31,0.0026145720762014157
2021-01-04,7362.24,0.025487306491198236,131957.7,0.010463100492674515
2021-01-05,7407.68,0.006172034598165954,134446.42,0.018859983161270577
2021-01-06,7418.94,0.0015200440623783784,134839.22,0.0029216099617972446
2021-01-07,7425.91,0.0009394873122037239,134976.13,0.0010153574012072841
2021-01-08,7209.59,-0.029130436539090754,136680.51,0.012627269725395074
2021-01-11,7281.06,0.009913185077098818,133725.86,-0.021617200579658546
2021-01-12,7296.85,0.002168640280398648,132955.47,-0.0057609650070673535
2021-01-13,7339.83,0.005890212900087066,133142.81,0.001409043193183468
2021-01-14,7277.8,-0.008451149413542192,131058.04,-0.01565814932101861
2021-01-15,7246.08,-0.004358459974168061,131682.48,0.0047646065819388905
2021-01-18,7212.09,-0.004690812135665023,133144.04,0.011099122677519446
2021-01-19,7309.0,0.01343715899274689,132651.81,-0.0036969735934105907
2021-01-20,7277.67,-0.0042864961006977564,131199.05,-0.010951678684218535
2021-01-21,7474.71,0.02707459942536561,131017.12,-0.001386671626052105
2021-01-22,7518.98,0.00592263780133262,130998.79,-0.00013990538030450583
2021-01-25,7402.62,-0.01547550332624903,129550.13,-0.011058575426536321
2021-01-26,7394.17,-0.0011414877435286241,127256.41,-0.017705269767000598
2021-01-27,7337.2,-0.007704718717584269,125985.48,-0.009987158996548784
2021-01-28,7140.53,-0.02680450308019411,123687.03,-0.01824376904386127
2021-01-29,7289.35,0.020841590190084025,123065.44,-0.005025506716427763
2021-02-01,7357.71,0.00937806525959095,123636.11,0.004637126393892466
2021-02-02,7410.84,0.007220996750347597,124872.0,0.009996189624535967
2021-02-03,7429.83,0.002562462554852152,126771.77,0.015213738868601556
2021-02-04,7305.06,-0.01679311639701042,126111.81,-0.005205890869868002
2021-02-05,7264.15,-0.005600227787314616,124723.93,-0.01100515487011089
2021-02-08,7345.09,0.011142391057453516,124757.3,0.00026755090222074784
2021-02-09,7251.91,-0.012686025630727515,122385.87,-0.019008346605769777
2021-02-10,7027.59,-0.03093254053070149,121493.29,-0.007293162192661629
2021-02-11,7010.85,-0.0023820399311854645,122292.22,0.006575918719461837
2021-02-12,7001.67,-0.0013093990029739988,120901.21,-0.011374476642913134
2021-02-15,7016.98,0.0021866211918013523,119790.25,-0.009188989919952095
2021-02-16,7085.05,0.009700754455620686,119142.57,-0.005406783941096949
2021-02-17,7145.6,0.008546164106110865,118685.67,-0.003834901328719109
2021-02-18,7172.35,0.0037435624720107974,121512.46,0.023817449907811206
2021-02-19,7284.67,0.015660139284892738,120924.09,-0.004842054880627167
2021-02-22,7149.99,-0.018488140162835176,121179.16,0.002109339834602153
2021-02-23,7199.01,0.006855953644690382,121322.45,0.0011824640474482617
2021-02-24,7259.52,0.008405322398496562,120968.99,-0.002913393193098135
2021-02-25,7150.43,-0.015027164330424059,120578.83,-0.0032252893902809943
2021-02-26,7019.66,-0.01828841062705322,121440.97,0.0071500113245417385
2021-03-01,6957.31,-0.008882196573623102,122077.49,0.005241394234581698
2021-03-02,6902.85,-0.007827738019435704,121837.88,-0.001962769712909429
2021-03-03,6972.0,0.010017601425498013,123384.25,0.012692029769395097
2021-03-04,6921.53,-0.007238955823293258,123785.79,0.0032543861959690723
2021-03-05,6850.51,-0.010260737149156207,123276.53,-0.004114042492276315
2021-03-08,6801.17,-0.007202383472179497,124065.77,0.00640219188518687
2021-03-09,6900.98,0.014675416141634479,125081.01,0.00818307902332771
2021-03-10,6905.4,0.000640488742178702,124101.7,-0.007829405918612253
2021-03-11,6893.11,-0.0017797665595041812,124218.4,0.0009403577872020286
2021-03-12,6886.84,-0.000909603937845116,124153.02,-0.0005263310427440215
2021-03-15,7003.2,0.0168959929372543,127062.99,0.023438576041082237
2021-03-16,6940.71,-0.008923063742289239,127966.4,0.00710993814957428
2021-03-17,7060.07,0.01719708790599217,127572.73,-0.003076354418034666
2021-03-18,7082.19,0.0031331134110568204,128092.54,0.004074616887167037
2021-03-19,7071.25,-0.0015447199242041298,130480.66,0.018643708681239435
2021-03-22,7301.08,0.03250203287961817,129156.46,-0.010148630456038421
2021-03-23,7208.05,-0.012741950505952504,130200.34,0.008082290270265968
2021-03-24,7179.42,-0.003971948030327188,131442.03,0.009536764650537766
2021-03-25,7072.17,-0.014938532639126811,131055.51,-0.0029406119184252066
2021-03-26,7160.96,0.012554845259658665,132380.95,0.010113577063642909
2021-03-29,7318.48,0.021997050674769758,132059.55,-0.0024278417702850996
2021-03-30,7477.64,0.021747685311704235,132572.9,0.003887261466512637
2021-03-31,7597.46,0.01602377220620399,133597.62,0.007729483174917284
2021-04-01,7582.18,-0.002011198479491827,133195.56,-0.003009484749803115
2021-04-02,7550.96,-0.00411754930640007,133129.87,-0.0004931846076551283
2021-04-05,7397.16,-0.02036827105427652,134264.43,0.008522204671273181
2021-04-06,7592.96,0.026469618069637546,133864.41,-0.002979344566539255
2021-04-07,7641.6,0.006405933917734474,132000.49,-0.013923939903070726
2021-04-08,7598.0,-0.005705611390284804,130577.83,-0.010777687264645675
2021-04-09,7729.88,0.017357199262963974,132352.03,0.013587298854637053
2021-04-12,7639.36,-0.011710401713868834,132479.17,0.0009606199466680732
2021-04-13,7682.25,0.005614344657144166,133520.56,0.007860782944216771
2021-04-14,7669.21,-0.0016974193758338973,133124.59,-0.0029656106894698775
2021-04-15,7734.85,0.008558899808454923,130682.67,-0.018343117526221087
2021-04-16,7732.34,-0.00032450532330952075,130038.1,-0.004932329588919426
2021-04-19,7595.9,-0.017645369965624935,128707.54,-0.01023207813709992
2021-04-20,7606.75,0.001428402164325604,128793.01,0.0006640636593628901
2021-04-21,7711.61,0.013785125053406455,129991.11,0.009302523483223135
2021-04-22,7712.44,0.00010762992423107853,129932.01,-0.00045464647543980163
2021-04-23,7791.84,0.010295055780012552,128215.72,-0.013209139149005678
2021-04-26,7693.54,-0.012615762130639308,127734.95,-0.0037496962150975754
2021-04-27,7694.66,0.00014557667861603285,128000.1,0.0020757827047335198
2021-04-28,7637.99,-0.007364847829533727,128101.03,0.0007885150089725901
2021-04-29,7713.88,0.009935860088845505,127572.67,-0.0041245570000491005
2021-04-30,7720.62,0.0008737496564634739,127363.03,-0.0016432986783141423
2021-05-03,7791.74,0.009211695433786415,128558.0,0.009382392991121424
2021-05-04,7903.02,0.014281790716836218,128971.34,0.0032152024767031495
2021-05-05,7975.98,0.00923191387596134,127678.78,-0.010022071570319424
2021-05-06,8007.28,0.003924282658682721,126279.07,-0.010962745727990164
2021-05-07,7910.98,-0.012026555834190877,126909.12,0.004989346215489077
2021-05-10,7914.47,0.00044115899673635717,127895.04,0.0077687088209263955
2021-05-11,7865.24,-0.00622025227210421,129367.22,0.011510845143017256
2021-05-12,7834.94,-0.003852393569681256,129812.72,0.0034436853478030383
2021-05-13,7801.78,-0.004232323412814876,130379.9,0.0043692174387841565
2021-05-14,7709.72,-0.011799871311418575,130779.28,0.003063202226723627
2021-05-17,7525.5,-0.023894512381772648,130496.57,-0.002161733877109495
2021-05-18,7465.98,-0.00790910902930042,129171.63,-0.010153063793170936
2021-05-19,7487.75,0.002915893158031535,130179.27,0.0078007841195470995
2021-05-20,7365.15,-0.016373409902841307,129702.62,-0.0036614892678381583
2021-05-21,7370.11,0.0006734418172067436,131082.33,0.010637487507962451
2021-05-24,7552.29,0.024718762677897743,130721.34,-0.002753918091019547
2021-05-25,7653.9,0.013454197336172147,129560.46,-0.008880569920718284
2021-05-26,7817.77,0.02141000013065253,130065.49,0.0038980256785132728
2021-05-27,7860.13,0.0054184249472675194,129979.0,-0.0006649726995223704
2021-05-28,7980.4,0.015301273643056668,128780.09,-0.00922387462590113
2021-05-31,7911.7,-0.00860859104806777,126804.81,-0.015338395865385657
2021-06-01,7851.48,-0.007611512064411019,127354.27,0.004333116385726976
2021-06-02,7588.76,-0.03346120731378022,126783.33,-0.004483084862407893
2021-06-03,7706.68,0.015538770497419918,127242.2,0.0036193244017175275
2021-06-04,7861.45,0.020082577711803218,127606.78,0.0028652443921906023
2021-06-07,7810.56,-0.006473360512373572,128349.17,0.005817794320960079
2021-06-08,7789.32,-0.0027193952802361254,128243.93,-0.0008199507639979897
2021-06-09,7719.37,-0.008980244745369292,128605.87,0.0028222778263267134
2021-06-10,7760.37,0.005311314265283418,127818.48,-0.006122504361581571
2021-06-11,7874.89,0.014757028337566425,129511.5,0.013245502528272945
2021-06-14,7707.53,-0.02125236035043032,129087.79,-0.003271601363585508
2021-06-15,7751.08,0.005650318584553116,130550.24,0.011329111761848365
2021-06-16,7727.79,-0.0030047425649071258,130829.94,0.002142470209170133
2021-06-17,7742.52,0.0019061076970259272,131795.06,0.0073769047054519366
2021-06-18,7791.14,0.00627960922283699,133748.69,0.014823241478094884
2021-06-21,7776.39,-0.0018931760948975862,133003.83,-0.005569101274935928
2021-06-22,7769.94,-0.0008294337089576054,134236.49,0.009267853414446803
2021-06-23,7752.73,-0.0022149463187618457,133774.85,-0.003439005295802877
2021-06-24,7851.82,0.012781304134156679,134358.69,0.004364348007117824
2021-06-25,7897.12,0.005769363026661312,134187.25,-0.001275987433339787
2021-06-28,7922.87,0.003260682375346935,134606.33,0.0031230985060055616
2021-06-29,7800.72,-0.015417392939679586,133280.73,-0.00984797668876325
2021-06-30,7767.3,-0.004284219918161414,134118.3,0.006284254295425784
2021-07-01,7859.49,0.01186898922405466,133207.02,-0.006794598499980986
2021-07-02,7866.97,0.0009517156965657136,133814.36,0.004559369318523965
2021-07-05,7936.39,0.008824236014628228,134002.83,0.0014084437574561903
2021-07-06,8118.86,0.02299156165460614,133837.48,-0.0012339291640331984
2021-07-07,8229.72,0.013654626388433844,135022.51,0.00885424620965658
2021-07-08,8243.31,0.0016513320015747457,136602.07,0.011698493828917744
2021-07-09,8194.31,-0.005944214156691885,138603.85,0.01465409711580512
2021-07-12,7938.66,-0.031198477968248706,135409.12,-0.023049359740007325
2021-07-13,7925.61,-0.0016438542524809252,136925.1,0.011195553150334492
2021-07-14,7896.88,-0.003624957574243415,137228.39,0.0022150065984980483
2021-07-15,7939.6,0.005409731438238863,137278.73,0.0003668337142190836
2021-07-16,7927.99,-0.0014622902917024172,139788.73,0.018283968681819918
2021-07-19,7899.81,-0.0035544948971932833,141902.0,0.015117599251384561
2021-07-20,7728.36,-0.021703053617745383,144141.66,0.015783146114924484
2021-07-21,7641.02,-0.011301233379397368,143727.62,-0.0028724520031198075
2021-07-22,7690.7,0.006501749766392395,145078.62,0.00939972428403113
2021-07-23,7862.52,0.022341269325289126,142736.53,-0.016143591660852552
2021-07-26,7856.6,-0.0007529392612037888,141742.96,-0.0069608669903913345
2021-07-27,7892.88,0.004617773591629959,141383.47,-0.00253621061673881
2021-07-28,7991.97,0.012554352783774814,141254.12,-0.0009148877163646096
2021-07-29,7914.5,-0.009693479830379825,140170.11,-0.007674183237982746
2021-07-30,7954.95,0.005110872449301862,142352.26,0.015567869640681797
2021-08-02,7884.83,-0.00881463742701083,142455.25,0.0007234869330490223
2021-08-03,7975.01,0.011437152100933101,141230.41,-0.008598068516253332
2021-08-04,7994.04,0.002386203904446438,139882.19,-0.009546244325142172
2021-08-05,8027.98,0.004245663018949131,140256.99,0.0026793975701981942
2021-08-06,7953.0,-0.009339833930826824,140008.3,-0.0017731023601746942
2021-08-09,8027.98,0.009427888846975874,140795.55,0.005622880929202045
2021-08-10,8245.56,0.02710270827779837,140257.06,-0.003824623718576281
2021-08-11,8145.39,-0.0121483562062491,141124.9,0.0061874960162433545
2021-08-12,8114.46,-0.0037972399111645405,142739.79,0.01144298419343448
2021-08-13,8142.05,0.0034001030259560583,141904.34,-0.005852958029432531
2021-08-16,8227.04,0.01043840310486921,143011.94,0.007805258105566093
2021-08-17,8173.14,-0.006551566541550868,143518.22,0.0035401239924441885
2021-08-18,7890.31,-0.034604815285190216,144162.82,0.004491415793757891
2021-08-19,8030.42,0.017757223733921634,142738.63,-0.009879038159769649
2021-08-20,8111.59,0.010107815033335799,144280.78,0.010804012901062476
2021-08-23,7939.19,-0.02125353968827326,145981.45,0.011787224881928182
2021-08-24,7882.4,-0.007153122673723589,144080.9,-0.013019119895027909
2021-08-25,8043.51,0.020439206333096704,145144.03,0.00737870182654321
2021-08-26,8195.48,0.018893493014865426,150755.43,0.038660908064906296
2021-08-27,8296.92,0.012377554456846962,150867.73,0.0007449151251137653
2021-08-30,8282.48,-0.0017404048731337607,152645.25,0.011781976172107855
2021-08-31,8295.09,0.001522490848151925,152983.98,0.002219066757727539
2021-09-01,8285.36,-0.001172983053830623,151005.2,-0.012934556938576147
2021-09-02,8407.98,0.014799598327652541,152622.4,0.01070956496862352
2021-09-03,8319.67,-0.010503117276682294,153906.95,0.008416523393682818
2021-09-06,8239.56,-0.00962898768821363,153871.73,-0.0002288395683236466
2021-09-07,8349.08,0.01329197190141218,153643.42,-0.0014837683309337768
2021-09-08,8348.39,-8.264383620715243e-05,151226.83,-0.015728561626654924
2021-09-09,8498.69,0.018003471328004617,153507.79,0.015083037844541458
2021-09-10,8431.11,-0.007951813750119108,156563.52,0.019906025616028833
2021-09-13,8429.3,-0.00021468110367450777,156121.58,-0.0028227520689366736
2021-09-14,8335.88,-0.011082770811336684,156784.78,0.004247971356682534
2021-09-15,8340.62,0.0005686262278250531,154023.13,-0.01761427352833611
2021-09-16,8190.59,-0.017987871405243383,153560.62,-0.0030028606742377173
2021-09-17,8144.3,-0.005651607515453683,154363.78,0.005230247181862158
2021-09-20,8002.07,-0.017463747651731976,153589.45,-0.005016267417136233
2021-09-21,8076.18,0.009261353624749669,152843.1,-0.004859383245398696
2021-09-22,8153.3,0.009549068990537535,152031.24,-0.005311721628258104
2021-09-23,7981.29,-0.021096979137281813,152244.26,0.0014011593932932165
2021-09-24,8120.42,0.017432019134751453,155242.66,0.01969466697792077
2021-09-27,8383.97,0.0324552178335602,156697.97,0.00937442066504146
2021-09-28,8392.83,0.0010567785905724048,156173.42,-0.0033475226258514734
2021-09-29,8329.28,-0.007571939381591064,157026.0,0.005459187613359395
2021-09-30,8635.11,0.03671745937223858,159616.21,0.016495421140447997
2021-10-01,8496.85,-0.016011376809328404,159305.4,-0.0019472333041863354
2021-10-04,8503.05,0.0007296821763358441,159004.75,-0.0018872555481483921
2021-10-05,8526.37,0.0027425453219729334,160434.35,0.008990926371696517
2021-10-06,8676.23,0.017576061090475603,160534.37,0.0006234325753804448
2021-10-07,8719.79,0.00502061379193508,161452.09,0.005716657436036998
2021-10-08,8669.31,-0.005789130242815688,161622.34,0.001054492388423034
2021-10-11,8570.12,-0.011441510339346372,161434.26,-0.0011637005131839295
2021-10-12,8537.36,-0.0038225835810934417,165898.34,0.027652618471444512
2021-10-13,8433.75,-0.012136070166890112,164729.67,-0.007044494839429927
2021-10-14,8442.85,0.0010789980732177629,164278.14,-0.0027410362686940415
2021-10-15,8387.05,-0.006609142647328925,165250.38,0.005918255466004219
2021-10-18,8234.57,-0.01818040908305063,166594.8,0.008135654514077162
2021-10-19,8369.81,0.016423444089976647,166573.01,-0.0001307963994072736
2021-10-20,8321.46,-0.005776714166749297,166231.57,-0.0020497918600378418
2021-10-21,8193.46,-0.015381916154136421,166362.87,0.0007898619979345156
2021-10-22,8180.0,-0.0016427736267705662,165979.67,-0.002303398588879735
2021-10-25,8190.95,0.0013386308068459307,166864.88,0.005333243523137465
2021-10-26,8016.51,-0.021296674988859565,165106.32,-0.010538826384557387
2021-10-27,8053.91,0.004665371838867394,164721.49,-0.0023308011468005096
2021-10-28,7952.14,-0.01263609849129177,165471.33,0.00455216863324881
2021-10-29,8129.29,0.022277022285824843,166479.53,0.006092898389104651
2021-11-01,8187.03,0.0071027113068915515,166500.36,0.0001251204877861234
2021-11-02,8149.77,-0.004551100948695597,167728.34,0.007375239308792025
2021-11-03,8077.46,-0.008872643031643923,164340.45,-0.020198673640960063
2021-11-04,8070.63,-0.0008455628378227775,164381.45,0.0002494820964649147
2021-11-05,8137.05,0.008229840793097853,163346.06,-0.006298703412094375
2021-11-08,8138.31,0.00015484727266024123,164304.24,0.005865951097932864
2021-11-09,8119.94,-0.002257225394461604,165114.85,0.004933591488570421
2021-11-10,8129.79,0.0012130631507130119,167743.88,0.015922432173726353
2021-11-11,8072.01,-0.007107194650784354,166560.35,-0.007055577824955472
2021-11-12,8041.01,-0.0038404313176024774,164008.28,-0.01532219402757018
2021-11-15,7836.19,-0.025471924546792035,166113.69,0.012837217730714556
2021-11-16,7936.69,0.012825110161953646,166229.96,0.00069994231059467
2021-11-17,7970.42,0.004249882507695313,165777.18,-0.002723817054398614
2021-11-18,7896.89,-0.009225360771452418,166992.41,0.007330502304358166
2021-11-19,8091.93,0.024698330608631913,164288.12,-0.016194089300226366
2021-11-22,8104.66,0.001573172283991564,163475.87,-0.004944058036576271
2021-11-23,8003.36,-0.01249898206710709,163612.34,0.000834802102597676
2021-11-24,8094.07,0.011333989724315874,163596.68,-9.571405188635307e-05
2021-11-25,8138.64,0.00550650043797507,163863.35,0.0016300453040978269
2021-11-26,8183.09,0.005461600463959604,165026.83,0.007100306444363547
2021-11-29,8143.19,-0.00487590873374244,165182.09,0.0009408167144699942
2021-11-30,8193.44,0.006170800386580799,164155.49,-0.006214959503176187
2021-12-01,8170.36,-0.0028168876564667045,163228.67,-0.0056459884466854016
2021-12-02,8231.7,0.0075076251230057345,163896.29,0.004090090300925553
2021-12-03,8040.32,-0.02324914659183408,165922.88,0.01236507549987853
2021-12-06,8000.3,-0.004977413834275191,165720.81,-0.001217854945622987
2021-12-07,8179.67,0.022420409234653604,168480.9,0.016655059796050864
2021-12-08,8104.86,-0.009145845737053016,167946.26,-0.0031732973886059446
2021-12-09,8047.27,-0.007105613175304559,167408.45,-0.003202274346567724
2021-12-10,8005.79,-0.005154543093496389,167516.7,0.000646622079112591
2021-12-13,7887.95,-0.014719346872700934,171024.95,0.020942688102141505
2021-12-14,7675.17,-0.02697532311944162,170128.2,-0.005243387002890509
2021-12-15,7656.55,-0.002426004896308509,168899.64,-0.007221377761006065
2021-12-16,7673.32,0.0021902815236627404,170558.68,0.009822637869447037
2021-12-17,7671.9,-0.00018505679419078547,171539.1,0.005748285575380985
2021-12-20,7661.56,-0.001347775648796179,170102.51,-0.008374708739873227
2021-12-21,7669.36,0.0010180694271140212,170857.26,0.004437030353050098
2021-12-22,7772.54,0.01345353458437204,172371.41,0.008862075863794061
2021-12-23,7757.6,-0.001922151574646036,172507.5,0.0007895160804218815
2021-12-24,7705.36,-0.006734041456120554,173434.41,0.005373157688796093
2021-12-27,7681.78,-0.003060207440015783,173887.59,0.002612976283080215
2021-12-28,7741.74,0.0078054825834636965,173656.81,-0.001327179242636034
2021-12-29,7884.45,0.018433840454471495,172703.72,-0.005488353724797723
2021-12-30,7826.02,-0.007410789592171896,173290.37,0.003396857925237473
2021-12-31,7839.52,0.001725014758459542,173550.57,0.001501526022478883
2022-01-03,7876.76,0.004750290834132587,172587.35,-0.00555008260704648
2022-01-04,7782.58,-0.011956692853406725,173487.37,0.005214866558875819
2022-01-05,7788.29,0.0007336898560632577,172809.35,-0.003908180751140522
2022-01-06,7649.43,-0.017829330957116363,173282.5,0.0027379884248162067
2022-01-07,7484.39,-0.021575463792727012,176249.79,0.017124002712334052
2022-01-10,7522.63,0.005109300824783336,174823.01,-0.008095215319121829
2022-01-11,7489.9,-0.0043508719689789865,174576.95,-0.0014074806285511166
2022-01-12,7512.59,0.0030294129427630434,175134.48,0.0031936060287454104
2022-01-13,7514.48,0.00025157768492611865,174629.0,-0.0028862391917343633
2022-01-14,7426.14,-0.011755969807624611,175781.95,0.006602282553298755
2022-01-17,7425.44,-9.42616217847192e-05,174716.38,-0.006061885193559435
2022-01-18,7314.46,-0.014945915662910148,172229.95,-0.014231235789111452
2022-01-19,7447.31,0.01816265315553034,170638.64,-0.009239449933069133
2022-01-20,7324.66,-0.01646903378535347,169942.8,-0.0040778571606057135
2022-01-21,7310.09,-0.0019891708284069942,172112.17,0.01276529514636704
2022-01-24,7218.16,-0.012575768560989076,172927.85,0.004739234883855081
2022-01-25,7273.69,0.007693096301550462,170365.55,-0.01481716218642637
2022-01-26,7246.83,-0.003692761170740022,168601.11,-0.010356788681749385
2022-01-27,7203.06,-0.006039882265763019,168791.33,0.001128225075149203
2022-01-28,7284.37,0.011288258045885957,170112.13,0.007825046464175811
2022-01-31,7290.54,0.0008470190284128876,168719.48,-0.008186658999566943
2022-02-01,7341.65,0.007010454643963326,169286.77,0.0033623266264213303
2022-02-02,7254.89,-0.011817506963693325,168454.97,-0.004913555855546092
2022-02-03,7131.01,-0.0170753795026527,168540.66,0.000508681934406674
2022-02-04,7144.05,0.001828632970645172,168446.01,-0.0005615855544887083
2022-02-07,7118.8,-0.0035344097535711105,170987.27,0.015086495667068434
2022-02-08,7178.62,0.008403101646344835,169950.58,-0.006062965974016676
2022-02-09,7174.81,-0.000530742677561924,169293.5,-0.003866300426865199
2022-02-10,7196.8,0.0030648895232068263,171290.95,0.011798740057946677
2022-02-11,7054.46,-0.019778234771009373,170869.35,-0.0024613092518899204
2022-02-14,7227.76,0.024566019227552527,172282.26,0.008268949346386556
2022-02-15,7216.25,-0.0015924712497371596,170585.14,-0.009850811104985424
2022-02-16,7283.42,0.009308158669669053,169006.61,-0.0092536196294708
2022-02-17,7210.53,-0.010007661236067666,169681.17,0.003991323179608264
2022-02-18,7242.02,0.004367224045944029,169786.25,0.0006192790867718401
2022-02-21,7127.51,-0.015811886738782865,167864.16,-0.011320645812013641
2022-02-22,7171.63,0.0061901000489652525,167908.38,0.00026342728549089145
2022-02-23,7142.94,-0.004000485245334806,170061.81,0.01282502993596868
2022-02-24,7148.97,0.0008441902073936802,171240.26,0.0069295393245549786
2022-02-25,7215.55,0.009313229737990314,172666.98,0.008331685551049794
2022-02-28,7107.75,-0.014939956067105076,171592.46,-0.006223077510245534
2022-03-01,7050.08,-0.008113678730962692,172190.8,0.0034869830527517465
2022-03-02,7094.19,0.0062566665910173125,173329.49,0.006612954931390025
2022-03-03,7287.7,0.02727725082074217,172291.22,-0.005990152050871389
2022-03-04,7278.5,-0.0012624010318755818,173080.69,0.004582183584282529
2022-03-07,7336.4,0.00795493576973283,171342.05,-0.01004525692611935
2022-03-08,7330.01,-0.0008709994002507049,171816.63,0.0027697812650193665
2022-03-09,7515.16,0.02525917427124913,171253.91,-0.003275119527137771
2022-03-10,7355.04,-0.021306266267118734,174330.88,0.01796729779775541
2022-03-11,7367.32,0.0016696034283973926,173735.53,-0.003415057619166495
2022-03-14,7221.41,-0.019805030866040796,173812.44,0.00044268434902172693
2022-03-15,7000.26,-0.030624213276908452,172517.18,-0.007452055790713286
2022-03-16,7029.89,0.0042326999282884525,174684.02,0.012560140387177565
2022-03-17,7045.61,0.0022361658575027477,172653.99,-0.011621154585290672
2022-03-18,7023.71,-0.003108318513230124,171930.79,-0.004188724511955844
2022-03-21,7017.66,-0.0008613681373519366,169282.01,-0.015406082877883587
2022-03-22,7300.49,0.040302607991837824,167425.52,-0.010966847569922056
2022-03-23,7280.25,-0.002772416646005915,168516.9,0.006518600031823141
2022-03-24,7330.68,0.006926959925826814,169295.72,0.004621613618574827
2022-03-25,7274.41,-0.007675959119754272,170633.79,0.007903743815850683
2022-03-28,7305.0,0.004205152032948467,171929.71,0.007594744276617105
2022-03-29,7286.57,-0.0025229295003422747,172577.18,0.0037658994480942454
2022-03-30,7252.44,-0.004683959668266402,172855.83,0.001614639896190262
2022-03-31,7424.09,0.02366789659755897,169143.78,-0.02147483252372795
2022-04-01,7538.6,0.015424112584841998,169203.04,0.0003503528181763027
2022-04-04,7555.2,0.0022020003714215974,168135.55,-0.006308929201272129
2022-04-05,7342.52,-0.028150148242270134,169017.53,0.005245648525847191
2022-04-06,7312.68,-0.004063999825672959,170039.45,0.006046236742425659
2022-04-07,7569.61,0.03513486163759372,169503.15,-0.0031539739748629447
2022-04-08,7551.24,-0.0024268093072166153,168372.44,-0.006670731487880888
2022-04-11,7660.57,0.01447841678982531,170022.03,0.009797268484082133
2022-04-12,7804.73,0.018818443014031683,169978.01,-0.00025890762508828935
2022-04-13,7830.01,0.0032390614409467666,168935.31,-0.006134322904474576
2022-04-14,7751.1,-0.010077892620826812,170427.27,0.008831546229145282
2022-04-15,7520.47,-0.02975448645998635,171203.98,0.004557427928054025
2022-04-18,7589.19,0.009137726764417486,173291.71,0.012194401088105433
2022-04-19,7515.26,-0.009741487563231344,172611.28,-0.003926500581014514
2022-04-20,7535.55,0.002699840058760339,173308.0,0.004036352664785303
2022-04-21,7421.35,-0.015154832759387116,174126.45,0.00472251713712013
2022-04-22,7400.12,-0.002860665512339433,175240.35,0.006397075228949944
2022-04-25,7406.79,0.0009013367350800827,172275.28,-0.01692001870573767
2022-04-26,7435.43,0.0038667222913029153,170553.62,-0.00999365666391605
2022-04-27,7335.22,-0.013477364456393248,172109.44,0.009122175184554937
2022-04-28,7450.22,0.015677784715386833,174398.43,0.013299619126063034
2022-04-29,7397.93,-0.007018584686089846,174407.8,5.3727547891346816e-05
2022-05-02,7246.94,-0.02040976327161792,174465.36,0.00033003111099394467
2022-05-03,7240.44,-0.000896930290577802,176676.92,0.012676212630404304
2022-05-04,7247.03,0.0009101656805388103,176688.9,6.780738536749098e-05
2022-05-05,7265.16,0.0025017144954553316,177476.78,0.004459136935031083
2022-05-06,7394.44,0.017794515193058302,175915.25,-0.008798503105589384
2022-05-09,7375.96,-0.0024991750558527315,174530.87,-0.00786958492796963
2022-05-10,7368.36,-0.0010303743512709573,173385.91,-0.006560214820449772
2022-05-11,7270.11,-0.013334039053466418,174489.1,0.006362627736013815
2022-05-12,7349.16,0.010873288024527916,175253.51,0.004380846711915076
2022-05-13,7369.75,0.002801680736301826,178339.98,0.01761145896592886
2022-05-16,7334.35,-0.004803419383289764,178169.59,-0.0009554223343527513
2022-05-17,7163.86,-0.023245413704009343,177110.35,-0.005945122284897186
2022-05-18,7298.89,0.0188487770559449,177769.48,0.0037215781008845816
2022-05-19,7190.29,-0.014878974748215201,179589.02,0.010235390236839281
2022-05-20,7140.32,-0.00694965015319271,176288.6,-0.018377626872734143
2022-05-23,7176.05,0.005003977412777028,178646.28,0.013373978805209186
2022-05-24,7072.05,-0.014492652643167236,177596.09,-0.0058785998790459315
2022-05-25,6943.53,-0.018172948437864656,176944.1,-0.003671195689049167
2022-05-26,6763.41,-0.025940695870832253,176751.64,-0.0010876881455781362
2022-05-27,6828.37,0.009604622520296813,176139.25,-0.0034646920390668523
2022-05-30,6784.86,-0.006371945281231084,175288.99,-0.0048272034767946614
2022-05-31,7043.11,0.03806268662875878,173851.73,-0.0081993740736368
2022-06-01,6958.74,-0.011979083103912935,175721.72,0.010756234637411932
2022-06-02,6881.7,-0.011070969744522707,176035.5,0.001785664287829558
2022-06-03,6836.11,-0.0066248165424240835,176538.44,0.0028570373589418274
2022-06-06,6860.35,0.0035458762366318286,176697.77,0.0009025229859287442
2022-06-07,6823.08,-0.005432667429504434,174996.71,-0.009626946621906995
2022-06-08,6879.19,0.008223558861980118,177048.39,0.011724106127481093
2022-06-09,6798.13,-0.011783364029776644,177255.71,0.0011709793011953629
2022-06-10,6684.01,-0.016786969357749815,177171.56,-0.0004747378800942226
2022-06-13,6537.4,-0.021934437560685915,175809.79,-0.007686165883508567
2022-06-14,6359.82,-0.027163704224921204,176571.01,0.0043297930109580385
2022-06-15,6321.46,-0.006031617247028942,177395.59,0.004669962526691052
2022-06-16,6300.53,-0.0033109439907870186,174806.43,-0.014595402287058024
2022-06-17,6253.58,-0.007451754058785509,176711.56,0.01089851214283133
2022-06-20,6355.35,0.016273878322496937,178038.23,0.0075075450638317776
2022-06-21,6457.51,0.01607464577088602,179890.97,0.01040641664433517
2022-06-22,6433.4,-0.0037336372688544506,180497.05,0.0033691518812755117
2022-06-23,6292.62,-0.021882674790934753,178857.43,-0.009083915775908724
2022-06-24,6250.83,-0.006641112922757153,179093.82,0.0013216672072275948
2022-06-27,6206.72,-0.00705666287517015,180170.76,0.0060132728197992424
2022-06-28,6158.48,-0.007772221076510766,180434.13,0.0014617799247780283
2022-06-29,6107.49,-0.008279640430755575,181204.02,0.0042668756736876645
2022-06-30,6060.3,-0.007726578348879798,181116.91,-0.0004807288491722739
2022-07-01,6033.73,-0.004384271405706075,180994.96,-0.0006733219995858075
2022-07-04,5988.46,-0.007502821637693335,183472.95,0.013690933714397557
2022-07-05,6007.06,0.0031059738229861633,187029.85,0.019386509019449383
2022-07-06,6037.27,0.005029082446321498,186220.83,-0.004325619680494941
2022-07-07,5971.24,-0.010937062612737303,184699.11,-0.008171588538188779
2022-07-08,6070.52,0.01662636236359627,189135.94,0.024021934918906807
2022-07-11,5998.88,-0.011801295440917792,189495.79,0.0019025997914516868
2022-07-12,5880.65,-0.019708678953404668,188898.05,-0.0031543708701919915
2022-07-13,5911.74,0.005286830537440723,186155.13,-0.014520636925579589
2022-07-14,5853.96,-0.009773772188898633,190352.04,0.022545228809971674
2022-07-15,5880.51,0.004535391427341606,190672.62,0.001684142707375269
2022-07-18,5707.81,-0.02936820105739124,192058.43,0.0072680073310997795
2022-07-19,5811.59,0.01818210487034433,193997.23,0.010094844574122686
2022-07-20,5863.82,0.00898721348202458,194485.02,0.002514417345031106
2022-07-21,5756.75,-0.018259428154343005,195417.38,0.004793993902461047
2022-07-22,5653.18,-0.01799105398011025,197523.45,0.010777291149845603
2022-07-25,5776.3,0.021778892587888565,196985.87,-0.002721600903588972
2022-07-26,5725.61,-0.00877551373716745,197277.44,0.0014801569269917714
2022-07-27,5668.45,-0.009983215762163322,201741.43,0.022627980168436812
2022-07-28,5511.53,-0.02768305268636051,201283.5,-0.0022698857641685333
2022-07-29,5489.84,-0.0039353863627703545,199644.22,-0.00814413501355049
2022-08-01,5476.72,-0.0023898692858079773,199645.43,6.060781524208636e-06
2022-08-02,5528.94,0.009534904103185804,201886.43,0.011224900064078502
2022-08-03,5434.93,-0.017003259214243505,199087.14,-0.013865666949482325
2022-08-04,5334.36,-0.01850437816126438,200473.0,0.006961072422859482
2022-08-05,5367.31,0.006176935939831818,198593.86,-0.009373531597771323
2022-08-08,5438.41,0.013246859227434182,199510.12,0.0046137378063955126
2022-08-09,5334.35,-0.01913426902348292,198469.23,-0.0052172290809107125
2022-08-10,5410.11,0.014202292687956142,195964.4,-0.012620747306773983
2022-08-11,5415.25,0.0009500731038740717,195719.48,-0.0012498188446472547
2022-08-12,5492.87,0.014333594940215022,194256.75,-0.007473604569151804
2022-08-15,5490.63,-0.0004078013861605889,192847.2,-0.007256118513256249
2022-08-16,5321.42,-0.030817957137887597,193484.11,0.003302666567105872
2022-08-17,5313.77,-0.001437586208192454,194694.29,0.006254673833422375
2022-08-18,5387.79,0.013929846417891634,195017.96,0.0016624524530226559
2022-08-19,5330.0,-0.010726104766518363,198961.08,0.02021926595888912
2022-08-22,5306.54,-0.0044015009380863335,198885.55,-0.00037962198435992356
2022-08-23,5297.3,-0.001741247592593198,197199.21,-0.008478946811369625
2022-08-24,5109.71,-0.03541237989164292,194285.86,-0.014773639306161601
2022-08-25,5220.93,0.021766401615747277,194209.83,-0.00039133058885498784
2022-08-26,5164.43,-0.010821826762664855,196317.65,0.010853312625833667
2022-08-29,5199.92,0.006872007172137096,197100.59,0.003988128423501491
2022-08-30,5196.72,-0.0006153940829858318,195296.6,-0.009152636224985411
2022-08-31,5282.23,0.016454609830816258,195211.0,-0.0004383076817517928
2022-09-01,5311.85,0.005607480174093293,193580.66,-0.0083516810015829
2022-09-02,5298.67,-0.0024812447640653046,193687.58,0.0005523279030041905
2022-09-05,5241.85,-0.010723445694862943,194363.75,0.0034910343760814477
2022-09-06,5297.33,0.010584049524499761,196446.0,0.010713160247216802
2022-09-07,5176.23,-0.022860573156665787,195758.41,-0.0035001476232654483
2022-09-08,5221.01,0.00865108389696756,195497.11,-0.0013348085530527909
2022-09-09,5151.66,-0.013282870555697102,195615.29,0.0006045102150105119
2022-09-12,5236.08,0.016386951002201222,195273.7,-0.0017462336405298373
2022-09-13,5249.23,0.0025114207575132053,193373.93,-0.009728755075568363
2022-09-14,5294.52,0.008627932096707758,192526.91,-0.0043802181607416335
2022-09-15,5302.52,0.001510996275394083,188837.24,-0.01916443784403965
2022-09-16,5189.2,-0.02137097078370298,186778.7,-0.010901133695874754
2022-09-19,5135.68,-0.010313728513065556,185640.21,-0.006095395245817703
2022-09-20,5181.84,0.008988098946974832,185922.05,0.001518205565486097
2022-09-21,5195.2,0.00257823475830965,182279.3,-0.019592888525056584
2022-09-22,5275.59,0.015473898983677348,180886.85,-0.0076391010937609805
2022-09-23,5304.99,0.005572836403131998,179293.24,-0.008809982594091381
2022-09-26,5243.27,-0.011634329188179304,183586.79,0.023947082444380152
2022-09-27,5193.42,-0.009507425709528672,184485.78,0.004896812020080521
2022-09-28,5202.63,0.0017733978765437364,185307.41,0.0044536223875899505
2022-09-29,5055.55,-0.028270317128067934,187015.07,0.009215281785007967
2022-09-30,5165.73,0.021793870103153923,185863.49,-0.006157685581167471
2022-10-03,5197.03,0.006059162983740984,187577.2,0.00922026160167344
2022-10-04,5280.51,0.016063020609848433,188150.55,0.0030566081592005023
2022-10-05,5178.86,-0.019250034561055784,188501.14,0.0018633482602099516
2022-10-06,5263.21,0.016287368262513535,189791.7,0.006846430743071341
2022-10-07,5415.86,0.02900321286819252,191963.07,0.011440805894040729
2022-10-10,5329.02,-0.01603438789038103,188883.1,-0.01604459649452361
2022-10-11,5383.62,0.010245786279653668,188850.28,-0.00017375826635634972
2022-10-12,5386.26,0.0004903763638592906,193783.67,0.026123286658616518
2022-10-13,5284.99,-0.018801543185809955,196168.1,0.012304597183034005
2022-10-14,5320.44,0.006707675889642051,196760.0,0.0030173101538935043
2022-10-17,5379.17,0.011038560720542101,195858.52,-0.004581622280951492
2022-10-18,5341.13,-0.007071722960977245,194817.32,-0.005316082241405562
2022-10-19,5422.75,0.015281410488042768,198279.25,0.017770134606101662
2022-10-20,5312.59,-0.020314416117283685,199185.67,0.004571431453366914
2022-10-21,5215.96,-0.018188868329760077,197665.57,-0.007631573094590616
2022-10-24,5227.44,0.0022009371237508013,199099.27,0.007253159971157164
2022-10-25,5231.6,0.000795800621336884,198357.92,-0.003723519428272981
2022-10-26,5187.05,-0.008515559293523989,197107.97,-0.006301487734898692
2022-10-27,5242.72,0.01073249727687231,196408.26,-0.0035498818236522345
2022-10-28,5280.42,0.007190923795281856,195078.55,-0.006770132783621374
2022-10-31,5340.36,0.011351369777403919,192391.02,-0.013776655608727872
2022-11-01,5334.62,-0.001074833906328343,193673.87,0.006667930758930574
2022-11-02,5377.84,0.008101795441849635,193807.85,0.0006917814984541693
2022-11-03,5350.28,-0.005124734093985728,190328.93,-0.017950356500007647
2022-11-04,5493.14,0.026701406281540496,185091.75,-0.02751646846330713
2022-11-07,5439.78,-0.009713934106904354,186112.62,0.005515480835855735
2022-11-08,5588.66,0.027368753883429076,188614.72,0.01344401040617238
2022-11-09,5593.78,0.0009161408996074538,193057.01,0.023552191472648643
2022-11-10,5500.29,-0.016713206454311735,192864.47,-0.0009973219827656976
2022-11-11,5598.59,0.017871784942248503,193332.89,0.0024287521698527215
2022-11-14,5610.14,0.0020630194388229217,191460.37,-0.00968547048564794
2022-11-15,5673.33,0.011263533530357472,188508.54,-0.015417446440743832
2022-11-16,5764.23,0.016022336088328926,188863.3,0.0018819306541761893
2022-11-17,5791.58,0.004744779441486546,187836.29,-0.005437848433231807
2022-11-18,5751.26,-0.006961830795741308,188236.28,0.002129460712836595
2022-11-21,5825.17,0.012851096977010146,188960.57,0.0038477704723021144
2022-11-22,5828.0,0.00048582273135377996,186635.69,-0.012303519194507118
2022-11-23,5881.38,0.009159231297185988,188485.34,0.009910483895122058
2022-11-24,5726.66,-0.02630675113663805,189619.27,0.00601601164313359
2022-11-25,5761.75,0.006127480940024466,192627.97,0.0158670582372773
2022-11-28,5718.3,-0.007541111641428344,194154.51,0.007924809673278466
2022-11-29,5841.44,0.02153437210359721,193018.88,-0.005849104406588368
2022-11-30,5890.28,0.008360952094004226,192192.98,-0.0042788560372953865
2022-12-01,5910.92,0.003504077904615821,192150.06,-0.00022331720960888646
2022-12-02,5950.08,0.006625026222652375,190230.19,-0.009991513924065387
2022-12-05,5878.5,-0.012030090351726308,191570.7,0.0070467784319618865
2022-12-06,6002.82,0.021148252105128718,191897.86,0.001707776815556672
2022-12-07,6158.26,0.025894496253427546,195486.84,0.01870255353551098
2022-12-08,6191.77,0.005441472104133371,194702.57,-0.004011881311294374
2022-12-09,6320.1,0.020725899056327934,193964.68,-0.0037898318445411805
2022-12-12,6277.93,-0.006672362779070018,196994.87,0.015622380322025675
2022-12-13,6218.16,-0.009520654100953707,198562.01,0.007955232539811785
2022-12-14,6224.33,0.0009922549435845696,196529.65,-0.010235391956397
2022-12-15,6261.51,0.005973333676074333,195164.31,-0.006947246891245151
2022-12-16,6233.47,-0.004478153033373733,196254.84,0.005587753211639956
2022-12-19,6278.84,0.007278450044678086,195556.75,-0.0035570587711365453
2022-12-20,6306.13,0.004346344229188892,195371.63,-0.0009466305816597798
2022-12-21,6230.27,-0.012029564883692445,194765.18,-0.003104084252150696
2022-12-22,6274.12,0.0070382182473631705,199068.18,0.022093271497502842
2022-12-23,6345.77,0.011419928213040276,196909.85,-0.010842164729692017
2022-12-26,6362.52,0.0026395535923930957,194830.05,-0.010562193816104237
2022-12-27,6458.67,0.015111936779766522,194692.98,-0.0007035362358115416
2022-12-28,6363.39,-0.014752263236858298,195565.43,0.004481157974981942
2022-12-29,6404.07,0.006392818921989507,194955.53,-0.0031186493441095475
2022-12-30,6313.34,-0.014167552821877316,192243.93,-0.013908812948265736
2023-01-02,6228.31,-0.013468306791650675,191887.37,-0.0018547269606900008
2023-01-03,6181.94,-0.007445037257297837,190371.92,-0.007897601598270798
2023-01-04,6111.91,-0.011328159121570258,192504.0,0.011199550858130625
2023-01-05,6072.75,-0.006407162409132305,194419.56,0.009950754270041218
2023-01-06,6059.27,-0.002219752171586098,193228.81,-0.00612464095690779
2023-01-09,6126.44,0.011085493797107437,192726.13,-0.002601475421806887
2023-01-10,6104.6,-0.003564876176049947,194433.51,0.008859099697586359
2023-01-11,5986.71,-0.019311666612063072,196528.52,0.010774943064083775
2023-01-12,6076.22,0.014951450796848453,195106.96,-0.007233352187255071
2023-01-13,6015.33,-0.010021032813163466,197753.51,0.01356461091905703
2023-01-16,6013.75,-0.00026266223133231126,199578.37,0.009227952515229676
2023-01-17,6050.56,0.006120972770733868,203385.07,0.019073710242247355
2023-01-18,6068.68,0.0029947641210068543,205224.07,0.0090419616346471
2023-01-19,6155.85,0.014363914393245247,202323.11,-0.01413557386324138
2023-01-20,6196.06,0.006531998018145302,202620.84,0.001471557055444661
2023-01-23,6132.11,-0.01032107500572954,203285.54,0.003280511520927565
2023-01-24,6305.75,0.02831651747930164,204125.13,0.004130101924612939
2023-01-25,6324.22,0.002929072671767896,205604.23,0.007246045599579087
2023-01-26,6315.5,-0.00137882616354279,205221.77,-0.001860175736656866
2023-01-27,6395.71,0.012700498772860502,205783.05,0.0027349924912936086
2023-01-30,6418.9,0.0036258679646199443,205433.16,-0.001700285810711688
2023-01-31,6454.34,0.005521195220364872,201947.31,-0.0169682927527377
2023-02-01,6663.38,0.032387509799607805,201497.19,-0.00222889822102601
2023-02-02,6643.49,-0.002984971590994423,199637.64,-0.009228664677656262
2023-02-03,6620.1,-0.0035207398520957778,200687.44,0.005258527399943258
2023-02-06,6632.98,0.0019455899457709869,204639.42,0.019692213922306356
2023-02-07,6726.34,0.014075121589391282,204887.94,0.0012144287742801296
2023-02-08,6603.01,-0.018335380013499103,204928.05,0.00019576554871880703
2023-02-09,6444.58,-0.023993602917457335,204860.35,-0.000330359850688966
2023-02-10,6400.13,-0.006897268712623639,204568.82,-0.0014230669819709219
2023-02-13,6272.71,-0.019908970599034737,204460.35,-0.0005302372081923412
2023-02-14,6242.2,-0.004863926436898924,204505.39,0.00022028720972055993
2023-02-15,6284.84,0.006830924994392973,206322.46,0.008885193686092974
2023-02-16,6217.66,-0.01068921404522638,206295.74,-0.00012950601694061703
2023-02-17,6109.8,-0.0173473621909207,205845.9,-0.002180558842368674
2023-02-20,6118.05,0.0013502896985171375,204186.04,-0.008063604861694995
2023-02-21,6187.84,0.011407229427677024,203527.48,-0.0032252939525150293
2023-02-22,6059.99,-0.020661490924135162,204096.67,0.0027966248095834256
2023-02-23,6125.85,0.010868004732681236,206234.3,0.010473615272605707
2023-02-24,6192.21,0.010832782389382567,206691.32,0.002216023231829123
2023-02-27,6270.07,0.012573862966533733,207530.46,0.004059870535443766
2023-02-28,6370.1,0.015953569896348885,208014.08,0.002330356710046333
2023-03-01,6552.42,0.028621214737602152,205416.68,-0.012486654749524595
2023-03-02,6526.2,-0.004001574990614154,204998.95,-0.0020335739045144186
2023-03-03,6538.32,0.0018571297232692352,206326.6,0.0064763746350895435
2023-03-06,6507.21,-0.004758102998935421,207491.29,0.005644885341977268
2023-03-07,6510.47,0.0005009827560507052,208067.26,0.002775875556029428
2023-03-08,6640.59,0.019986268272490282,207634.74,-0.0020787508808450816
2023-03-09,6532.11,-0.016335897864497073,209400.71,0.008505175964292011
2023-03-10,6464.71,-0.010318258571885619,208665.4,-0.0035114971673209094
2023-03-13,6580.99,0.017986885722638624,212088.99,0.016407080426366738
2023-03-14,6669.29,0.013417434155043484,212292.64,0.0009602101457506507
2023-03-15,6642.01,-0.004090390431365165,214293.81,0.009426469047631558
2023-03-16,6717.09,0.011303807130672805,213196.55,-0.00512035321972204
2023-03-17,6749.24,0.004786298828808322,213056.59,-0.00065648341870439
2023-03-20,6881.3,0.019566647504015267,214209.76,0.005412505663401568
2023-03-21,6891.05,0.0014168834377226158,214193.23,-7.716735222518256e-05
2023-03-22,6983.99,0.013487059301557691,213162.71,-0.004811169802145576
2023-03-23,7223.82,0.034339968986209835,217318.57,0.019496186739228483
2023-03-24,7281.92,0.00804283606180678,218308.57,0.004555524178168513
2023-03-27,7289.92,0.0010986113552469146,219750.25,0.006603863513008124
2023-03-28,7360.08,0.009624248277072978,217677.09,-0.009434164466252004
2023-03-29,7329.77,-0.004118161759111283,217320.21,-0.0016394926999437898
2023-03-30,7557.24,0.031033715928330485,216573.16,-0.003437554197099235
2023-03-31,7578.02,0.0027496811005076616,215967.98,-0.0027943444146079077
2023-04-03,7555.6,-0.0029585564566997347,214791.28,-0.005448492873804778
2023-04-04,7480.03,-0.010001852930277,216814.88,0.009421239074509868
2023-04-05,7587.76,0.014402348653681951,216382.75,-0.001993082762585363
2023-04-06,7674.77,0.011467152361171129,219710.17,0.015377473481597015
2023-04-07,7630.46,-0.005773462918107097,220591.07,0.004009372893389429
2023-04-10,7689.74,0.007768863214013377,220265.11,-0.0014776663443357707
2023-04-11,7548.56,-0.018359528410583414,219550.12,-0.003246042916193126
2023-04-12,7569.78,0.002811132189450616,215510.23,-0.01840076425373849
2023-04-13,7616.71,0.006199651773235226,217106.72,0.00740795460150534
2023-04-14,7786.03,0.022230070463494123,213328.94,-0.01740056687328706
2023-04-17,7714.45,-0.009193388671762115,214326.64,0.0046768150631602
2023-04-18,7594.82,-0.015507262345338946,214425.02,0.00045901900015787866
2023-04-19,7513.19,-0.01074811516270302,214488.95,0.00029814617715806513
2023-04-20,7391.26,-0.016228792297279804,215999.51,0.007042600562872758
2023-04-21,7520.36,0.017466575387687477,217467.26,0.006795154303822271
2023-04-24,7672.18,0.020187863346967427,216446.3,-0.004694775664162099
2023-04-25,7706.87,0.004521531038114368,218827.31,0.011000465242418045
2023-04-26,7830.1,0.015989630031387536,218191.61,-0.002905030455293778
2023-04-27,7847.06,0.002166000434221882,218676.47,0.002222175270625737
2023-04-28,7841.4,-0.0007212892471830656,219533.49,0.003919123077119391
2023-05-01,7812.28,-0.003713622567398711,221319.03,0.008133337651581085
2023-05-02,7785.5,-0.0034279365306926213,222832.76,0.006839583564052454
2023-05-03,7638.78,-0.018845289319889602,224685.04,0.008312422284766363
2023-05-04,7667.91,0.0038134361769812664,225704.23,0.0045360830431790955
2023-05-05,7667.66,-3.2603408229858744e-05,223269.45,-0.010787480589087739
2023-05-08,7743.69,0.009915671795567294,223079.13,-0.0008524229356053903
2023-05-09,7756.52,0.001656832853587975,224939.16,0.008337983028712692
2023-05-10,7744.32,-0.001572870307818497,220953.71,-0.017717902031820554
2023-05-11,7663.43,-0.010445074583694813,220051.41,-0.004083660781255882
2023-05-12,7674.05,0.00138580244094344,217907.16,-0.00974431384011587
2023-05-15,7749.45,0.009825320397964576,220683.06,0.012738911378588957
2023-05-16,7642.26,-0.013831949364148333,222117.34,0.0064992754767856376
2023-05-17,7654.33,0.0015793757344031434,221435.24,-0.003070899372376812
2023-05-18,7680.5,0.003418979845394743,224706.78,0.014774251830919072
2023-05-19,7614.95,-0.008534600611939336,224734.77,0.0001245623296279863
2023-05-22,7562.36,-0.006906151714719089,227790.93,0.013598963791851215
2023-05-23,7587.98,0.0033878313119184433,227460.28,-0.0014515503317010792
2023-05-24,7483.96,-0.013708523216982571,227250.25,-0.0009233700055235605
2023-05-25,7520.6,0.00489580382578203,226288.93,-0.004230226369387968
2023-05-26,7439.79,-0.0107451533122358,229365.45,0.013595539118948619
2023-05-29,7543.67,0.013962759701550809,230894.06,0.0066645172583752466
2023-05-30,7772.87,0.03038308939813117,231085.78,0.0008303375149625314
2023-05-31,7692.69,-0.010315366138890836,231750.24,0.002875382466199339
2023-06-01,7748.33,0.007232840527825912,233220.55,0.006344373149300697
2023-06-02,7681.37,-0.008641862181915316,234106.71,0.0037996651667273618
2023-06-05,7786.48,0.013683756933984492,240893.94,0.0289920352987747
2023-06-06,7666.99,-0.015345830208258415,242780.65,0.007832118981490277
2023-06-07,7717.23,0.0065527671224301365,244861.87,0.008572429474918986
2023-06-08,7636.45,-0.010467486390842273,244439.29,-0.0017257893195048446
2023-06-09,7620.19,-0.0021292616333505876,244027.97,-0.0016827082094699186
2023-06-12,7525.43,-0.012435385469391047,243879.17,-0.0006097661673781785
2023-06-13,7607.42,0.010895058488352038,240869.43,-0.01234111137904903
2023-06-14,7531.21,-0.010017850992846467,241661.08,0.003286635419031736
2023-06-15,7587.37,0.007456969066059749,241169.65,-0.0020335504583526287
2023-06-16,7558.15,-0.0038511368234316334,239451.97,-0.007122289226691669
2023-06-19,7550.85,-0.0009658448165225098,239840.57,0.0016228724282367768
2023-06-20,7568.53,0.002341458246422512,241213.79,0.005725553437435638
2023-06-21,7499.8,-0.009081023659812337,242528.56,0.005450641938837597
2023-06-22,7523.29,0.003132083522227269,244577.44,0.008447994743381981
2023-06-23,7673.4,0.019952706860961067,240657.51,-0.016027357224771
2023-06-26,7602.16,-0.00928402012145857,239995.99,-0.002748802644887416
2023-06-27,7718.9,0.015356161932924328,239531.22,-0.0019365740235909312
2023-06-28,7869.72,0.019539053492078073,239052.14,-0.002000073309859074
2023-06-29,7792.93,-0.009757653385380927,240941.59,0.007903924223393144
2023-06-30,7655.01,-0.017698093015079075,236833.61,-0.017049692417153928
2023-07-03,7687.85,0.004290000927497095,236720.73,-0.00047662154032945825
2023-07-04,7638.65,-0.0063997086311518014,236011.94,-0.0029942033382543976
2023-07-05,7824.34,0.024309269308058434,240859.27,0.020538494789712702
2023-07-06,7831.5,0.0009150931580170774,238891.12,-0.008171369115251403
2023-07-07,7756.44,-0.009584370810189702,238523.45,-0.0015390693467383088
2023-07-10,7648.78,-0.013880079005316848,241280.94,0.011560666257342866
2023-07-11,7758.23,0.014309471575859156,238132.18,-0.013050181253438486
2023-07-12,7706.27,-0.0066974039181616485,242258.54,0.017328023453193175
2023-07-13,7714.2,0.001029032203647029,243962.14,0.00703215663728507
2023-07-14,7811.37,0.012596251069456388,243924.26,-0.0001552699939425528
2023-07-17,7767.56,-0.005608491212168887,246985.08,0.012548239359217339
2023-07-18,7766.76,-0.00010299244550415754,247379.56,0.00159718149776511
2023-07-19,7768.84,0.0002678079405054046,244164.7,-0.01299565736150543
2023-07-20,7839.74,0.009126201595090144,242988.15,-0.004818673624811476
2023-07-21,7902.07,0.007950518767203985,240969.09,-0.008309294095205866
2023-07-24,7883.94,-0.002294335534866243,242203.19,0.00512140374518566
2023-07-25,7894.02,0.0012785485429875898,243954.69,0.007231531508730349
2023-07-26,7860.88,-0.004198114522132035,243368.17,-0.0024042169470076535
2023-07-27,7719.57,-0.017976358880939625,243325.76,-0.00017426272301757084
2023-07-28,7748.35,0.003728186932691946,245292.47,0.008082621420765213
2023-07-31,7939.07,0.024614272716126484,243708.33,-0.006458168079925164
2023-08-01,7854.9,-0.010601997463178914,246926.06,0.013203200727689657
2023-08-02,7782.48,-0.009219722720849366,247707.76,0.003165724994761643
2023-08-03,7701.24,-0.01043883183766614,247612.7,-0.00038375866787543345
2023-08-04,7775.56,0.009650393962530757,245005.42,-0.010529669924038587
2023-08-07,7823.35,0.006146181111071014,245761.46,0.00308580928536184
2023-08-08,7811.46,-0.0015198092888596415,246967.66,0.0049080112072903415
2023-08-09,7725.31,-0.011028668136302211,245819.02,-0.004650973329868413
2023-08-10,7737.99,0.0016413580814231832,248216.03,0.00975111689892838
2023-08-11,7590.56,-0.019052751425111647,248505.45,0.001166000439214221
2023-08-14,7607.91,0.002285733858898409,249930.09,0.005732832016360101
2023-08-15,7695.57,0.011522218322771893,252127.34,0.008791458443439204
2023-08-16,7578.82,-0.015171065950930207,246289.06,-0.023156076607955378
2023-08-17,7437.43,-0.018655938523411186,244229.96,-0.008360501274396914
2023-08-18,7590.53,0.020585067691393233,245325.23,0.004484584937900493
2023-08-21,7535.84,-0.007205030478767527,242521.56,-0.011428380195547039
2023-08-22,7648.1,0.014896813095819583,242593.1,0.0002949840830646089
2023-08-23,7636.91,-0.001463108484460296,247558.95,0.020469873215685164
2023-08-24,7624.98,-0.0015621501366390733,247706.44,0.0005957772886013846
2023-08-25,7670.86,0.006017064962793306,248619.16,0.0036846841769637706
2023-08-28,7589.52,-0.010603765418740418,248933.33,0.001263659647148696
2023-08-29,7605.82,0.0021476984051691517,249193.14,0.001043693104495258
2023-08-30,7572.96,-0.004320375712283497,246328.43,-0.011495942464547881
2023-08-31,7451.56,-0.016030719824216666,245968.97,-0.0014592712664144303
2023-09-01,7486.87,0.004738605070615964,249265.37,0.013401690465264737
2023-09-04,7465.63,-0.0028369665828309465,249878.55,0.0024599486081839927
2023-09-05,7454.42,-0.0015015477595327065,252129.16,0.009006815510975263
2023-09-06,7345.13,-0.014661100394128601,253556.65,0.005661740990213104
2023-09-07,7497.45,0.020737549914024545,257282.06,0.014692614056858622
2023-09-08,7584.34,0.011589273686386736,257424.24,0.0005526230627972417
2023-09-11,7680.68,0.012702489603577893,257894.87,0.0018282272096832308
2023-09-12,7654.83,-0.003365587421947036,255486.33,-0.009339231912600665
2023-09-13,7493.43,-0.021084726897919293,254613.89,-0.003414820667704488
2023-09-14,7683.75,0.0253982488660065,259481.96,0.019119420389830166
2023-09-15,7681.49,-0.0002941272165284392,260468.92,0.003803578483837722
2023-09-18,7612.99,-0.008917540737539253,260580.53,0.0004284964209932962
2023-09-19,7656.72,0.005744129441914492,257748.71,-0.010867350680421217
2023-09-20,7773.84,0.015296367112810794,258954.9,0.004679713042986755
2023-09-21,7775.28,0.0001852366398074068,258895.91,-0.0002278002849144256
2023-09-22,7905.31,0.016723513494047992,256955.46,-0.007495097160862829
2023-09-25,8017.73,0.014220821194867561,255475.72,-0.005758741223089725
2023-09-26,7913.5,-0.01299993888544504,256872.65,0.0054679560155461715
2023-09-27,7850.35,-0.007980034118910684,258294.06,0.005533520209333398
2023-09-28,7949.41,0.012618545669938142,255810.24,-0.00961624901478575
2023-09-29,7685.98,-0.0331383083776029,258819.61,0.011764071680633315
2023-10-02,7675.18,-0.0014051558812278042,258552.49,-0.0010320701742808636
2023-10-03,7541.65,-0.017397637579835368,260682.29,0.008237398912692706
2023-10-04,7500.07,-0.005513382350016194,258825.97,-0.0071210054200460116
2023-10-05,7475.45,-0.003282636028730357,256722.48,-0.00812704382021634
2023-10-06,7445.33,-0.004029188878261536,258511.81,0.0069698999479905765
2023-10-09,7397.23,-0.0064604255284856915,260248.68,0.006718725925906499
2023-10-10,7299.16,-0.013257665369334148,260400.01,0.0005814822960870103
2023-10-11,7516.57,0.029785619167137067,258911.29,-0.005717050471695462
2023-10-12,7699.18,0.02429432573633994,256741.65,-0.008379858599445456
2023-10-13,7590.9,-0.01406383536948097,254982.85,-0.006850466217693918
2023-10-16,7747.41,0.020618108524680823,251911.67,-0.012044653199224986
2023-10-17,7712.19,-0.004546035384728642,254408.04,0.009909703667162262
2023-10-18,7728.43,0.002105757249238005,256268.07,0.007311207617495041
2023-10-19,7725.95,-0.0003208931180072039,256348.84,0.0003151777745857842
2023-10-20,7665.65,-0.007804865421080942,258496.3,0.008377100516624214
2023-10-23,7764.96,0.012955196232544042,255710.31,-0.010777678442592808
2023-10-24,7780.99,0.0020644021347180352,255544.99,-0.000646512844945546
2023-10-25,7738.09,-0.005513437236135732,255657.64,0.00044082257296462757
2023-10-26,7615.57,-0.015833364564123764,259147.86,0.013651929197187274
2023-10-27,7533.9,-0.01072408237334832,261753.86,0.010056035191646995
2023-10-30,7383.22,-0.020000265466756817,262585.13,0.0031757697861647394
2023-10-31,7387.87,0.0006298065071879133,261711.51,-0.0033269972294318606
2023-11-01,7280.79,-0.014494028725464791,262831.58,0.004279788840773513
2023-11-02,7259.93,-0.002865073707660759,263522.86,0.0026301253449070305
2023-11-03,7389.85,0.01789548935044838,263537.04,5.380937350185633e-05
2023-11-06,7505.93,0.015708031962759827,258500.49,-0.019111355276662412
2023-11-07,7506.46,7.061083703141513e-05,261249.49,0.010634409242318954
2023-11-08,7501.8,-0.0006207986187896086,263208.53,0.007498732342023029
2023-11-09,7685.25,0.024454131008557978,268543.84,0.020270277714783846
2023-11-10,7739.52,0.007061578998731388,266188.12,-0.008772198982482826
2023-11-13,7711.3,-0.00364622095427114,262429.67,-0.014119525694835766
2023-11-14,7577.6,-0.017338192003942265,262631.84,0.0007703778311349829
2023-11-15,7618.92,0.005452913851351271,263511.78,0.003350469615565288
2023-11-16,7702.61,0.010984496490316076,266548.33,0.011523393754920619
2023-11-17,7645.2,-0.007453317771508594,267952.79,0.005269063212663738
2023-11-20,7676.95,0.004152932558991296,267535.32,-0.0015579983324673918
2023-11-21,7645.51,-0.004095376419020469,263754.14,-0.014133386201119147
2023-11-22,7631.43,-0.001841603764824007,265027.81,0.004829004769365763
2023-11-23,7399.47,-0.030395351854108577,266520.59,0.0056325409774922175
2023-11-24,7382.34,-0.0023150306711156032,265342.16,-0.004421534561363738
2023-11-27,7476.61,0.012769663819330868,263025.25,-0.008731782389952536
2023-11-28,7420.9,-0.007451237927349474,262398.4,-0.0023832312677204426
2023-11-29,7429.35,0.001138675901844799,264820.19,0.009229438899017506
2023-11-30,7362.44,-0.009006171468567303,262352.78,-0.009317303185984338
2023-12-01,7399.47,0.005029582584034742,264520.82,0.008263834673297499
2023-12-04,7382.83,-0.002248809712046995,265997.97,0.005584248529094893
2023-12-05,7299.45,-0.01129377217137606,270703.4,0.017689721466671582
2023-12-06,7426.57,0.017415010719985746,274580.55,0.014322502044673113
2023-12-07,7517.58,0.012254647838773502,272507.87,-0.007548531751429555
2023-12-08,7464.05,-0.007120642547202682,270392.83,-0.007761390524244183
2023-12-11,7514.59,0.006771122915843364,272046.35,0.0061152509110540265
2023-12-12,7569.25,0.007273849937255328,273590.37,0.00567557697429133
2023-12-13,7634.38,0.008604551309574937,273339.18,-0.0009181244208266159
2023-12-14,7476.71,-0.02065262667040413,268350.2,-0.018251975439452117
2023-12-15,7575.74,0.013245130545386896,266397.98,-0.007274896758042382
2023-12-18,7525.14,-0.006679215495779878,270030.09,0.013634149928614558
2023-12-19,7494.86,-0.004023845403540727,270653.43,0.0023084094072625128
2023-12-20,7751.82,0.034284829870070865,264927.21,-0.021157019883324524
2023-12-21,7785.06,0.004288025263744499,259985.17,-0.018654331504868837
2023-12-22,7750.96,-0.004380184610009441,259674.07,-0.0011966067141445658
2023-12-25,7542.16,-0.02693859857359604,261248.3,0.00606233036667847
2023-12-26,7679.03,0.018147321191807064,261576.58,0.0012565823394832254
2023-12-27,7553.58,-0.01633669877575683,259412.18,-0.008274441083372164
2023-12-28,7462.24,-0.012092279422472596,256859.67,-0.009839591957478522
2023-12-29,7434.69,-0.0036919209245481754,256700.53,-0.0006195600889777886
2024-01-01,7572.16,0.018490347277425156,255670.68,-0.004011873290639456
2024-01-02,7649.93,0.010270517263238021,254414.02,-0.004915151005973839
2024-01-03,7638.37,-0.0015111249383982228,255306.72,0.003508847507696311
2024-01-04,7671.75,0.004370042299600474,257800.96,0.00976958224993063
2024-01-05,7617.57,-0.007062273927070151,254991.29,-0.01089860177401969
2024-01-08,7634.62,0.0022382465799462015,259244.67,0.016680491321880098
2024-01-09,7645.31,0.0014002006648661247,259021.32,-0.0008615413385355541
2024-01-10,7742.88,0.012762072433949667,259528.46,0.0019579083297081024
2024-01-11,7841.54,0.012742028805819094,258983.49,-0.0020998467759566486
2024-01-12,7894.26,0.00672316917340221,256147.08,-0.01095208810414905
2024-01-15,7862.04,-0.0040814465193698135,255931.34,-0.0008422504757813476
2024-01-16,7939.65,0.009871483737045272,260012.09,0.015944706107505313
2024-01-17,7934.23,-0.0006826497389683661,260100.26,0.0003390996164833737
2024-01-18,7830.54,-0.01306869097568375,258914.47,-0.004558972759196811
2024-01-19,7794.57,-0.0045935529350467075,259090.25,0.0006789114567447019
2024-01-22,7806.59,0.0015420991793004823,260817.56,0.006666827485789284
2024-01-23,7900.39,0.01201548947747999,259850.76,-0.0037068056307251185
2024-01-24,7885.9,-0.0018340866716707316,262558.6,0.010420750741694906
2024-01-25,7770.37,-0.014650198455471108,263686.12,0.004294355621945023
2024-01-26,7779.63,0.0011917064438373703,264362.6,0.0025654744360452675
2024-01-29,7794.47,0.0019075457316093392,263416.54,-0.0035786453908381866
2024-01-30,7816.46,0.002821230949634712,263152.37,-0.0010028603367122635
2024-01-31,7911.34,0.012138487243585905,263242.66,0.0003431092032344374
2024-02-01,8017.37,0.013402280776707798,264520.68,0.004854912193943184
2024-02-02,7961.36,-0.006986081470606975,266030.62,0.005708211547013953
2024-02-05,7903.56,-0.007260066119356368,267642.37,0.006058513114016728
2024-02-06,7804.38,-0.012548775488514075,268034.12,0.0014637069608971487
2024-02-07,7877.14,0.009322969922018087,270265.65,0.008325544523958506
2024-02-08,8026.07,0.018906608235984113,268647.63,-0.005986776343941624
2024-02-09,7998.08,-0.003487385482558669,267283.17,-0.005078995113413143
2024-02-12,7977.59,-0.0025618648475633776,268778.32,0.005593880078569979
2024-02-13,8130.25,0.019136105014170957,267926.96,-0.003167517380121998
2024-02-14,8186.1,0.0068694074597952515,269170.74,0.004642235331599132
2024-02-15,8235.13,0.005989421091850744,270987.88,0.006750882358164345
2024-02-16,8116.36,-0.014422358845579741,273554.84,0.009472600767237438
2024-02-19,8189.96,0.009068104421193768,272882.07,-0.002459360616686612
2024-02-20,8098.5,-0.011167331708579753,273728.73,0.0031026589617997313
2024-02-21,7987.42,-0.013716120269185672,275255.09,0.005576177553594963
2024-02-22,7956.39,-0.0038848589406842438,277351.3,0.007615517663996485
2024-02-23,7901.65,-0.006880004625213321,275029.54,-0.008371188453055733
2024-02-26,7883.37,-0.0023134408636170667,279177.45,0.015081689043293434
2024-02-27,7745.23,-0.01752296289531008,274467.8,-0.01686973643465839
2024-02-28,7843.09,0.012634873334943064,274212.85,-0.0009288885617912968
2024-02-29,7959.11,0.014792639125650764,273285.94,-0.003380257343884363
2024-03-01,7769.91,-0.02377150209005774,272164.72,-0.004102735764598853
2024-03-04,7870.04,0.012886893155776624,271484.22,-0.0025003240684537964
2024-03-05,7793.79,-0.009688641989113123,271659.56,0.0006458570593901314
2024-03-06,7882.15,0.01133723130851605,273592.67,0.007115928480484923
2024-03-07,7879.1,-0.000386950261032748,277576.69,0.014561866734222217
2024-03-08,7885.71,0.0008389283039940132,271744.79,-0.021010049511001938
2024-03-11,7871.09,-0.0018539865148476942,273740.62,0.007344501434599859
2024-03-12,7996.02,0.0158720075618497,272417.77,-0.0048324943517698005
2024-03-13,7875.87,-0.015026225547209782,271980.52,-0.0016050715046965758
2024-03-14,7940.19,0.008166716819856035,275726.75,0.013773890865419247
2024-03-15,8054.97,0.01445557348123927,275259.06,-0.001696208293174295
2024-03-18,8131.87,0.009546900857482887,276389.77,0.0041078030274463995
2024-03-19,8377.55,0.030211993059406916,278483.55,0.0075754612770218
2024-03-20,8325.87,-0.006168867986463655,279295.07,0.0029140679943213676
2024-03-21,8430.91,0.012616098978244894,282107.01,0.010067990100935287
2024-03-22,8423.65,-0.0008611170087214903,283293.3,0.004205106423977201
2024-03-25,8559.65,0.016145020270310395,283029.82,-0.0009300608238881347
2024-03-26,8562.9,0.00037968842183966345,286521.21,0.012335767305367451
2024-03-27,8525.21,-0.004401546205140883,287587.82,0.003722621442231011
2024-03-28,8670.79,0.01707641219395195,287227.48,-0.0012529737872766233
2024-03-29,8621.36,-0.005700749297353536,286355.56,-0.0030356426898985323
2024-04-01,8473.3,-0.017173624578952884,283799.04,-0.00892778195052335
2024-04-02,8422.31,-0.006017726269576196,286499.55,0.00951557130002989
2024-04-03,8492.3,0.00831007170241893,290181.64,0.012851992263164247
2024-04-04,8646.67,0.018177643276850786,294162.51,0.013718545391086856
2024-04-05,8662.91,0.0018781796922977545,293893.68,-0.0009138826018312285
2024-04-08,8812.17,0.0172297761375797,297112.01,0.010950660796788858
2024-04-09,8666.79,-0.01649763906052648,294016.98,-0.010417047765925114
2024-04-10,8622.63,-0.00509531210517411,292834.31,-0.004022454757544924
2024-04-11,8595.43,-0.0031544899873935384,291812.6,-0.0034890378794752985
2024-04-12,8587.12,-0.0009667928189747155,288613.45,-0.010963029012455161
2024-04-15,8600.32,0.0015371859249666553,292508.02,0.013494069663073649
2024-04-16,8679.64,0.009222912635808767,292835.35,0.001119046240168009
2024-04-17,8635.25,-0.005114267412012374,296855.64,0.013728841138885839
2024-04-18,8654.51,0.0022303928664486605,300999.16,0.013958030239883401
2024-04-19,8653.71,-9.243735347252979e-05,306413.3,0.01798722627664473
2024-04-22,8557.42,-0.011127019509551306,310540.04,0.013467887980058268
2024-04-23,8549.25,-0.0009547270088414717,312052.28,0.004869710199045585
2024-04-24,8537.85,-0.001333450302658079,307381.08,-0.014969286556727024
2024-04-25,8524.17,-0.0016022769198335007,306570.03,-0.0026385813986988804
2024-04-26,8531.65,0.0008775047893225807,307401.98,0.0027137355859603307
2024-04-29,8543.85,0.001429969583843782,311173.46,0.012268886491882736
2024-04-30,8501.49,-0.004957952211239736,309900.62,-0.004090451672838724
2024-05-01,8643.02,0.016647669996671333,309717.1,-0.0005921898446025198
2024-05-02,8520.67,-0.014155931607239158,312869.33,0.010177771908622457
2024-05-03,8447.64,-0.008570922239683143,309528.24,-0.010678867116824864
2024-05-06,8752.92,0.036137903603846944,308903.4,-0.0020186849510078764
2024-05-07,8643.32,-0.012521535670382056,310346.23,0.0046708129467010195
2024-05-08,8501.2,-0.016442755792912767,313435.77,0.00995513945827553
2024-05-09,8584.32,0.009777443184491474,314046.13,0.0019473208179141555
2024-05-10,8366.57,-0.02536601617833445,318223.46,0.013301644570496762
2024-05-13,8345.78,-0.0024848892676447853,315357.5,-0.009006124187072917
2024-05-14,8578.57,0.027893138807876472,310201.99,-0.016348144566087686
2024-05-15,8417.21,-0.018809661750151863,312045.15,0.005941805853663329
2024-05-16,8213.54,-0.024196853826861653,313742.93,0.005440815215362216
2024-05-17,8063.7,-0.018243047455786532,308927.21,-0.015349254244549693
2024-05-20,8159.37,0.011864280665203397,307110.16,-0.00588180626756718
2024-05-21,8279.76,0.014754815629147933,305478.98,-0.0053113840323615324
2024-05-22,8230.38,-0.005963940983796712,302777.53,-0.008843325324707996
2024-05-23,8305.49,0.00912594558209956,306541.51,0.012431503751285655
2024-05-24,8456.27,0.018154257003500263,301147.78,-0.017595431039665654
2024-05-27,8652.97,0.02326084668535877,303398.71,0.007474503049632375
2024-05-28,8630.27,-0.0026233767134289376,307370.55,0.01309115651810111
2024-05-29,8387.61,-0.028117312668085703,307112.0,-0.0008411671189708647
2024-05-30,8305.27,-0.009816860822093543,309215.48,0.006849227643335176
2024-05-31,8264.66,-0.004889666440705764,306319.03,-0.009367092488383633
2024-06-03,8241.67,-0.002781723628074162,308284.56,0.006416610812589596
2024-06-04,8226.1,-0.0018891802268229396,305761.63,-0.008183770215413944
2024-06-05,8346.86,0.014680103572774383,310092.93,0.014165609988408212
2024-06-06,8486.0,0.016669741675312544,312690.05,0.008375295754082579
2024-06-07,8471.7,-0.0016851284468535344,312425.5,-0.0008460454689875885
2024-06-10,8593.85,0.01441859367069176,308683.4,-0.011977575453988143
2024-06-11,8636.77,0.004994269157595266,311507.88,0.009150087111908123
2024-06-12,8647.91,0.0012898340467557556,310242.11,-0.004063364303978467
2024-06-13,8751.41,0.011968209659906304,311198.48,0.0030826569610424848
2024-06-14,8763.56,0.0013883477062552885,310683.76,-0.0016539926544627548
2024-06-17,8998.01,0.02675282647691124,311843.82,0.0037338932681900694
2024-06-18,8840.63,-0.01749053401807743,310738.81,-0.0035434724985090593
2024-06-19,8787.62,-0.005996179005342217,305335.78,-0.017387689680603335
2024-06-20,8777.8,-0.0011174811837564302,305404.19,0.00022404842301804173
2024-06-21,8830.74,0.006031123971838026,308971.04,0.01167911285041634
2024-06-24,8977.21,0.0165863789444598,310250.28,0.004140323313149397
2024-06-25,8978.73,0.00016931763877647832,308465.46,-0.0057528392883320345
2024-06-26,8823.48,-0.017290864075431567,305927.6,-0.008227371712865472
2024-06-27,8921.88,0.01115206245154976,304898.19,-0.0033648811025875913
2024-06-28,9011.44,0.010038243060879637,306809.88,0.006269928988427154
2024-07-01,8797.84,-0.023703203927452288,302820.06,-0.013004209642792475
2024-07-02,8801.6,0.0004273776290544262,307318.39,0.014854795286679545
2024-07-03,8631.14,-0.01936693328485739,305686.9,-0.005308793918906041
2024-07-04,8563.24,-0.007866863473422914,304932.61,-0.0024675247778037646
2024-07-05,8470.42,-0.010839355197331813,309670.37,0.015537072273116292
2024-07-08,8561.3,0.010729101980775368,308749.69,-0.002973096844880563
2024-07-09,8578.0,0.0019506383376357572,307950.72,-0.0025877596832567518
2024-07-10,8444.2,-0.015598041501515447,304743.88,-0.010413484339312329
2024-07-11,8542.42,0.011631652495203815,301754.11,-0.009810763057817695
2024-07-12,8393.48,-0.017435340336813265,306982.08,0.017325265263164136
2024-07-15,8432.48,0.004646463683716462,308571.54,0.005177696365859408
2024-07-16,8350.42,-0.009731419463787527,310417.37,0.005981854321367441
2024-07-17,8315.99,-0.00412314590164331,310434.11,5.392739459142426e-05
2024-07-18,8372.98,0.006853062593870307,302270.56,-0.026297206837225473
2024-07-19,8432.19,0.007071556363445364,308651.77,0.021110921288530538
2024-07-22,8579.51,0.017471143321011517,304156.87,-0.014563013845668271
2024-07-23,8574.7,-0.0005606380783983456,303834.34,-0.0010604067565528341
2024-07-24,8611.97,0.00434650774954215,302134.06,-0.005596075808942502
2024-07-25,8568.69,-0.005025563256722765,304091.06,0.006477257148697513
2024-07-26,8592.45,0.0027728859370568237,302013.26,-0.006832821721230453
2024-07-29,8644.27,0.006030875943415337,300533.93,-0.004898228640689561
2024-07-30,8637.68,-0.0007623547158984723,300383.08,-0.0005019399972574501
2024-07-31,8447.63,-0.02200243583925321,302891.45,0.00835057021187735
2024-08-01,8487.02,0.004662846265757414,302191.89,-0.0023096062962489894
2024-08-02,8530.15,0.005081877973658555,300999.88,-0.003944546625655687
2024-08-05,8461.39,-0.008060819563548094,296487.89,-0.014990005976082132
2024-08-06,8329.54,-0.01558254613012744,292108.93,-0.014769439655697325
2024-08-07,8489.91,0.01925316404027111,288523.85,-0.01227309278083355
2024-08-08,8546.71,0.006690294714549294,287497.64,-0.0035567596924828138
2024-08-09,8526.14,-0.0024067740686182226,289180.72,0.005854239360016944
2024-08-12,8408.87,-0.013754172462567937,286984.91,-0.0075932102250799716
2024-08-13,8326.22,-0.009828906856688358,289668.36,0.009350491633863367
2024-08-14,8468.02,0.017030537266610857,292890.54,0.01112368641159156
2024-08-15,8486.76,0.0022130320901461165,292458.9,-0.0014737246208087473
2024-08-16,8432.11,-0.0064394421428201065,295456.36,0.010249166635038165
2024-08-19,8490.47,0.006921162081614085,294112.59,-0.0045481166829509645
2024-08-20,8407.81,-0.009735621231804603,288344.64,-0.019611367197847618
2024-08-21,8572.38,0.019573468001774508,292045.34,0.01283429440547268
2024-08-22,8723.89,0.01767420482993054,290037.9,-0.006873727209617542
2024-08-23,8676.89,-0.005387504886008476,294057.83,0.013860016225465621
2024-08-26,8612.54,-0.0074162516754273655,291835.0,-0.007559159366713697
2024-08-27,8337.05,-0.03198707930529221,286204.22,-0.01929439580584924
2024-08-28,8186.77,-0.01802556059997229,286817.8,0.0021438537838471827
2024-08-29,8053.61,-0.016265267010066364,282199.5,-0.016101859786944894
2024-08-30,8071.18,0.002181630349619601,284161.71,0.00695327241898025
2024-09-02,8041.9,-0.003627722340475703,281004.91,-0.011109167382192475
2024-09-03,7910.51,-0.01633817878859467,280448.23,-0.001981033000455379
2024-09-04,7886.29,-0.003061749495291699,284125.21,0.01311108292607166
2024-09-05,7940.44,0.0068663465330338624,282480.9,-0.005787272449354286
2024-09-06,7997.23,0.0071519966147972625,284654.33,0.007694077723485071
2024-09-09,7811.82,-0.02318427755610375,287212.95,0.008988516001144253
2024-09-10,7802.92,-0.0011392991645992057,285503.35,-0.005952377843687184
2024-09-11,7671.76,-0.016809091980950708,285854.58,0.001230213235676736
2024-09-12,7763.11,0.011907306797918515,288786.49,0.01025664867779974
2024-09-13,7843.92,0.010409487950061358,288770.55,-5.5196487896647106e-05
2024-09-16,7759.37,-0.010779049250884798,291543.21,0.009601602379467167
2024-09-17,7688.5,-0.009133473464984943,295127.52,0.012294266774383056
2024-09-18,7647.59,-0.005320933862261845,297828.8,0.009152924810264862
2024-09-19,7437.12,-0.027521088342863598,300251.05,0.008133028102050632
2024-09-20,7472.23,0.004720913471881527,303480.89,0.010757131407200804
2024-09-23,7450.13,-0.002957617739282603,301671.26,-0.005962912524739239
2024-09-24,7545.35,0.012780985029791525,302060.72,0.0012910079667514118
2024-09-25,7445.19,-0.013274400789890617,299716.73,-0.007759996069664377
2024-09-26,7390.86,-0.007297328879451004,298986.84,-0.0024352661261183295
2024-09-27,7255.36,-0.018333455105359886,297976.26,-0.0033800149866128892
2024-09-30,7167.55,-0.012102776430115036,300048.62,0.006954782236678891
2024-10-01,7064.97,-0.01431172436885686,299296.32,-0.0025072603233435853
2024-10-02,7157.58,0.013108335916500735,301881.35,0.00863702567408775
2024-10-03,7098.27,-0.00828632023672804,294832.22,-0.02335066409369113
2024-10-04,7112.77,0.0020427512619272115,299326.17,0.015242397862757384
2024-10-07,7082.1,-0.0043119628499164175,297846.97,-0.00494176636810606
2024-10-08,6973.05,-0.015397975176854373,292628.71,-0.01751993649624828
2024-10-09,6961.6,-0.0016420361247947435,294323.37,0.005791161092840058
2024-10-10,7017.68,0.008055619397839608,296536.0,0.007517683695997368
2024-10-11,6915.0,-0.014631616146646764,298200.79,0.005614124423341416
2024-10-14,6989.18,0.010727404193781709,303513.36,0.0178154122261045
2024-10-15,6918.05,-0.010177159552336668,303203.63,-0.001020482261472666
2024-10-16,6879.36,-0.005592616416475793,303064.48,-0.00045893250024753307
2024-10-17,6928.8,0.00718671504325985,303470.93,0.0013411337415720759
2024-10-18,6874.4,-0.007851287380210237,300723.59,-0.009053058228674415
2024-10-21,6880.94,0.0009513557546840801,298231.93,-0.008285548865654468
2024-10-22,6856.97,-0.0034835356797180417,301610.05,0.011327157357027495
2024-10-23,6871.43,0.0021088031594129752,302697.51,0.0036055164607413648
2024-10-24,6671.56,-0.029087104139895126,301204.3,-0.004933010516009917
2024-10-25,6522.63,-0.022323114833712077,301690.69,0.0016148175839456602
2024-10-28,6576.58,0.008271203486936995,304544.67,0.00945995383549958
2024-10-29,6666.26,0.013636266874271996,303165.89,-0.004527348976424261
2024-10-30,6593.36,-0.010935667075691713,303020.63,-0.000479143613419053
2024-10-31,6576.25,-0.0025950350049139814,305505.0,0.008198682710150784
2024-11-01,6603.86,0.004198441360957927,308475.5,0.0097232451187379
2024-11-04,6664.96,0.009252164643102745,301986.96,-0.021034215034905435
2024-11-05,6499.95,-0.024757838006529753,299171.5,-0.009323117792900848
2024-11-06,6430.85,-0.01063085100654615,302308.01,0.01048398660968708
2024-11-07,6407.01,-0.003707130472643594,299695.34,-0.008642410765100084
2024-11-08,6467.1,0.0093787897943034,299796.95,0.00033904431079911923
2024-11-11,6677.09,0.0324705045538185,304393.44,0.015332010549139907
2024-11-12,6661.11,-0.002393258140896748,305994.54,0.005259968808788873
2024-11-13,6547.19,-0.017102254729316924,306798.16,0.002626256010973327
2024-11-14,6583.59,0.005559637035125187,307581.23,0.0025523947079735265
2024-11-15,6697.26,0.01726565597189378,307687.07,0.0003441042224847646
2024-11-18,6709.58,0.0018395582671122401,308569.68,0.002868531329574431
2024-11-19,6636.53,-0.010887417692314605,311947.64,0.01094715462646878
2024-11-20,6720.32,0.012625573906845933,308375.91,-0.01144977407105896
2024-11-21,6779.96,0.008874577401076111,308144.68,-0.000749831593524819
2024-11-22,6696.06,-0.012374704275541437,308844.79,0.002272017157654682
2024-11-25,6731.52,0.0052956514726569814,310312.24,0.004751415751582
2024-11-26,6819.88,0.013126307282753436,310919.57,0.0019571577324826173
2024-11-27,6925.49,0.015485609717472926,309750.55,-0.0037598791224368044
2024-11-28,6922.99,-0.0003609852876835795,314122.03,0.014112904722848985
2024-11-29,6895.11,-0.004027161674363233,316651.12,0.00805129777112401
2024-12-02,7005.89,0.01606645869319001,317395.83,0.002351831252010106
2024-12-03,6903.17,-0.014661948731710117,318676.96,0.004036379431954007
2024-12-04,6944.73,0.00602042250154633,324303.7,0.017656563562047145
2024-12-05,6829.13,-0.016645715528177396,325025.75,0.0022264624177892323
2024-12-06,6924.71,0.01399592627464985,326443.44,0.00436177748993738
2024-12-09,6905.52,-0.0027712351853000916,323860.95,-0.007910987581799755
2024-12-10,7020.12,0.016595419316720372,326153.89,0.007080013814570796
2024-12-11,7067.08,0.006689344341692216,326315.99,0.0004970046501666658
2024-12-12,6962.32,-0.014823661257549081,323013.9,-0.010119301846041817
2024-12-13,7091.79,0.018595812889956154,329902.95,0.02132741036840824
2024-12-16,7235.2,0.020221974987979063,329543.15,-0.0010906237728398605
2024-12-17,7319.56,0.011659663865546399,332083.25,0.007707943557619057
2024-12-18,7253.11,-0.009078414549508529,329643.12,-0.007347946636874991
2024-12-19,7228.65,-0.0033723464830948124,334861.36,0.01582996787556179
2024-12-20,7245.35,0.002310251568411914,337014.32,0.006429407083576422
2024-12-23,7184.82,-0.008354323807683639,333502.49,-0.010420417743673416
2024-12-24,7343.15,0.022036738568259162,331588.31,-0.005739627311328266
2024-12-25,7360.02,0.0022973791901297336,327182.02,-0.013288435892085504
2024-12-26,7116.95,-0.03302572547357219,325818.52,-0.004167405042612038
2024-12-27,7150.85,0.004763276403515704,332406.21,0.02021889363440721
2024-12-30,7122.95,-0.003901634071474147,325453.73,-0.020915614061482346
2024-12-31,7119.61,-0.00046890684337252964,319310.66,-0.018875402042557665
2025-01-01,7090.0,-0.004158935672038178,316852.78,-0.007697456765145105
2025-01-02,7165.87,0.010700987306064835,315916.6,-0.0029546213859952264
2025-01-03,7271.14,0.01469047024297132,316137.9,0.0007005013348462263
2025-01-06,7300.59,0.004050258969019893,312675.82,-0.010951170359517204
2025-01-07,7272.91,-0.0037914743876865664,314635.07,0.006266074556068979
2025-01-08,7272.58,-4.537385998171217e-05,314583.87,-0.00016272820445606406
2025-01-09,7277.84,0.0007232646461090564,310700.63,-0.012344053113721332
2025-01-10,7208.07,-0.009586635595176696,312025.01,0.00426255975084433
2025-01-13,7264.29,0.007799591291427488,312666.87,0.002057078693787906
2025-01-14,7310.0,0.006292424999552626,312532.24,-0.000430586073925876
2025-01-15,7456.81,0.0200834473324214,308281.45,-0.01360112479915665
2025-01-16,7579.29,0.016425254230696407,308592.34,0.001008461585995546
2025-01-17,7517.67,-0.008130049120696037,306032.37,-0.00829563689105195
2025-01-20,7599.39,0.010870389362661603,302526.11,-0.011457154025896088
2025-01-21,7512.46,-0.011439076031102502,302289.16,-0.0007832381806648359
2025-01-22,7582.23,0.0092872374694839,301387.25,-0.0029836002058425404
2025-01-23,7536.63,-0.006014061826138173,304018.54,0.008730594940562275
2025-01-24,7443.63,-0.012339732745272114,303684.42,-0.0010990119221018224
2025-01-27,7473.5,0.004012827074961978,311971.14,0.027287274072209655
2025-01-28,7229.31,-0.03267411520706487,319501.0,0.02413639928360034
2025-01-29,7074.94,-0.02135335184132381,317066.19,-0.007620664724054094
2025-01-30,7062.5,-0.001758318798463221,314046.25,-0.009524635849694318
2025-01-31,7073.21,0.0015164601769912522,316014.54,0.006267516329202971
2025-02-03,7043.73,-0.004167838930273615,315034.93,-0.0030998890114359856
2025-02-04,6908.24,-0.019235547075200143,316859.72,0.005792341820635594
2025-02-05,6840.67,-0.009781073037416155,312842.04,-0.012679680459226517
2025-02-06,6877.75,0.005420521674046608,314875.07,0.006498583118816237
2025-02-07,6931.65,0.007836865253898484,316625.17,0.005558077367001424
2025-02-10,6933.53,0.00027121969516641364,316256.52,-0.001164310468431684
2025-02-11,7038.68,0.015165435211212941,317951.41,0.005359225479367069
2025-02-12,7077.37,0.005496769280603608,315172.71,-0.008739385681604483
2025-02-13,7014.38,-0.008900198802662573,314355.35,-0.002593371742115713
2025-02-14,6992.96,-0.003053726772715537,312358.03,-0.006353701312861171
2025-02-17,6873.72,-0.0170514345856404,314780.93,0.007756803947060353
2025-02-18,6867.63,-0.0008859831357692638,311623.21,-0.010031484435858218
2025-02-19,6967.85,0.014593098346882494,307817.88,-0.012211317635807739
2025-02-20,7031.62,0.009152033984658026,306313.08,-0.004888604911449601
2025-02-21,7160.34,0.018305881148298786,311141.36,0.01576256554241806
2025-02-24,7136.46,-0.0033350371630397335,309664.72,-0.004745881421872045
2025-02-25,7261.98,0.01758855230744638,308889.54,-0.00250328807233835
2025-02-26,7247.77,-0.0019567666118605054,306397.59,-0.008067447023294982
2025-02-27,7386.91,0.01919762906383604,308877.31,0.008093144596861723
2025-02-28,7388.4,0.00020170815672582165,307424.47,-0.0047036151668118364
2025-03-03,7458.07,0.009429646472849385,304984.42,-0.007937071502473358
2025-03-04,7601.59,0.019243584466222652,306286.74,0.00427011976546221
2025-03-05,7586.7,-0.001958800724585319,305410.81,-0.0028598365048385643
2025-03-06,7611.23,0.003233289836160669,303132.73,-0.0074590680009002375
2025-03-07,7739.52,0.016855357149895722,303859.78,0.0023984543008603865
2025-03-10,7730.24,-0.0011990407673861947,305449.92,0.005233137468867888
2025-03-11,7606.28,-0.016035724634681503,307749.92,0.007529875928597329
2025-03-12,7818.16,0.02785592957398353,308124.84,0.0012182618926432909
2025-03-13,7775.73,-0.0054271081686739775,310661.08,0.008231209142372187
2025-03-14,7795.01,0.0024795099624088657,309003.3,-0.0053362976784862015
2025-03-17,7913.14,0.015154566831857785,310202.91,0.0038821915494104964
2025-03-18,7856.44,-0.00716529721450665,306915.99,-0.010596032126197641
2025-03-19,7761.01,-0.012146722943215948,302545.01,-0.014241617062701661
2025-03-20,7789.57,0.0036799334107286974,301443.98,-0.003639227102109621
2025-03-21,7619.2,-0.021871553885516093,302815.5,0.004549833770108869
2025-03-24,7595.23,-0.003145999580008385,303109.37,0.0009704589097982996
2025-03-25,7622.34,0.0035693454971081895,301597.26,-0.004988661353490964
2025-03-26,7600.08,-0.0029203630381221535,296757.4,-0.01604742695606709
2025-03-27,7457.27,-0.01879059167798225,295082.74,-0.005643195418210456
2025-03-28,7612.18,0.020773017471541255,298316.32,0.010958214634986918
2025-03-31,7625.75,0.0017826693535885063,300625.35,0.007740206771121194
2025-04-01,7768.19,0.01867881847687114,300664.99,0.00013185847434371567
2025-04-02,7746.47,-0.002796018120051036,301283.69,0.0020577720073096106
2025-04-03,7664.71,-0.010554484816955312,299682.07,-0.005315986404707096
2025-04-04,7694.41,0.0038749019858546063,301203.87,0.0050780482128944815
2025-04-07,7677.18,-0.0022392880025888795,302300.36,0.0036403582729531703
2025-04-08,7567.7,-0.014260444590331378,298434.76,-0.012787282158711166
2025-04-09,7712.81,0.019174914438997437,296453.58,-0.006638569850241249
2025-04-10,7656.23,-0.007335847764952219,301281.16,0.016284438190963924
2025-04-11,7484.32,-0.02245360967473542,302104.4,0.0027324642536561417
2025-04-14,7614.24,0.017358958462492247,305075.31,0.009834050745371359
2025-04-15,7569.62,-0.005860072705877406,306049.61,0.0031936376627790253
2025-04-16,7515.45,-0.007156237697533041,303505.53,-0.008312639248257647
2025-04-17,7353.64,-0.02153031421937468,305330.05,0.006011488489188199
2025-04-18,7520.3,0.022663606050880913,307083.56,0.005742998437264779
2025-04-21,7402.63,-0.015646982168264545,310020.3,0.009563325369811304
2025-04-22,7411.61,0.001213082377479191,312496.21,0.007986283478856215
2025-04-23,7500.9,0.012047314955859756,309839.86,-0.00850042309313137
2025-04-24,7544.45,0.005805969950272605,311550.21,0.0055201096463186605
2025-04-25,7542.37,-0.00027569935515514565,315877.17,0.013888483657257034
2025-04-28,7385.91,-0.02074414275618941,311798.4,-0.012912519128875144
2025-04-29,7314.42,-0.009679240608130857,312224.23,0.0013657222102485544
2025-04-30,7335.24,0.0028464321162853246,312446.28,0.0007111875974521453
2025-05-01,7266.31,-0.009397102207971297,309701.04,-0.008786278396401559
2025-05-02,7288.42,0.0030428098993848796,308513.9,-0.003833180540820824
2025-05-05,7354.8,0.009107598080242418,309874.49,0.004410141650019517
2025-05-06,7448.07,0.01268151411323215,315262.66,0.01738823353932739
2025-05-07,7337.39,-0.014860225534937155,315053.82,-0.0006624317640406829
2025-05-08,7546.88,0.02855102427429923,315412.16,0.0011373929698741403
2025-05-09,7623.84,0.010197591587516985,314127.48,-0.004073019886107088
2025-05-12,7627.31,0.00045515120988892654,308491.21,-0.0179426199834537
2025-05-13,7736.41,0.014303863354183877,308113.19,-0.0012253833747808418
2025-05-14,7974.23,0.030740356315138273,305874.22,-0.007266712600002667
2025-05-15,7834.72,-0.0174951061105586,308710.33,0.009272144608983623
2025-05-16,7816.24,-0.0023587313905283347,304334.31,-0.014175165437450787
2025-05-19,7589.11,-0.02905872900525064,301534.48,-0.009199849993909659
2025-05-20,7611.17,0.002906796712658144,303150.41,0.005359022291580029
2025-05-21,7649.94,0.0050938292010294095,302710.59,-0.0014508309587968338
2025-05-22,7649.8,-1.8300797130388347e-05,303517.06,0.0026641618319331872
2025-05-23,7590.59,-0.007740071635859769,305305.57,0.0058926176999738455
2025-05-26,7400.63,-0.025025722638161163,303513.16,-0.005870872254312376
2025-05-27,7439.08,0.005195503626042708,304600.18,0.0035814592026257586
2025-05-28,7580.35,0.018990251482710274,304140.21,-0.0015100778994942
2025-05-29,7527.7,-0.00694558958359448,302538.8,-0.0052653675750405915
2025-05-30,7573.16,0.006039029185541445,302106.93,-0.0014274863257208725
2025-06-02,7428.54,-0.01909638776943834,305512.28,0.011272002267541659
2025-06-03,7475.02,0.006256949548632873,301983.74,-0.011549584848111638
2025-06-04,7441.6,-0.004470891047783199,311169.73,0.03041882321213718
2025-06-05,7373.97,-0.009088099333476651,315260.87,0.013147615611582841
2025-06-06,7307.15,-0.009061604535955614,313739.64,-0.004825305468452168
2025-06-09,7274.47,-0.004472331894103676,313412.05,-0.001044146031403681
2025-06-10,7313.08,0.0053076031655914235,312568.92,-0.0026901645932247975
2025-06-11,7196.61,-0.01592625815661808,313240.58,0.0021488380866532264
2025-06-12,7164.1,-0.004517404722501173,313723.44,0.0015414988696547116
2025-06-13,7163.77,-4.606300861242918e-05,317534.94,0.012149235645255052
2025-06-16,7068.62,-0.013282112630640053,321962.23,0.01394268611825833
2025-06-17,7233.9,0.023382216047828308,325232.96,0.010158738184910865
2025-06-18,7159.94,-0.010224083827534258,324851.98,-0.0011714064896745091
2025-06-19,7103.18,-0.00792744073274343,325454.51,0.0018547832154203192
2025-06-20,7019.51,-0.011779231273880142,323612.79,-0.005658916817591564
2025-06-23,7183.8,0.023404767569246365,321976.73,-0.005055609823085172
2025-06-24,7237.46,0.007469584342548519,326329.23,0.013518057655905746
2025-06-25,7155.97,-0.011259475009188225,328158.28,0.005604922366286402
2025-06-26,7259.86,0.014517947951151244,325595.33,-0.007810103100247878
2025-06-27,7281.71,0.0030096999115685197,328876.0,0.01007591232957794
2025-06-30,7308.82,0.0037230265967747034,329512.66,0.0019358664055753039
2025-07-01,7280.64,-0.003855615543959079,333644.04,0.012537849076876162
2025-07-02,7215.66,-0.008925039556962111,332184.98,-0.004373103742539519
2025-07-03,7249.88,0.004742462920924728,330867.37,-0.003966494812619126
2025-07-04,7203.69,-0.006371139936109382,332162.94,0.003915677753294267
2025-07-07,7373.99,0.023640661938534313,333583.72,0.004277358575884405
2025-07-08,7260.46,-0.015396006775165061,332998.49,-0.0017543721857888883
2025-07-09,7405.87,0.020027656649854064,327985.31,-0.015054662860483181
2025-07-10,7399.01,-0.0009262922519568395,330642.77,0.008102375072834844
2025-07-11,7430.49,0.004254623253651335,329373.63,-0.0038384023942215073
2025-07-14,7512.47,0.011032919767067995,337344.95,0.024201451706987065
2025-07-15,7456.6,-0.00743696813431538,333907.9,-0.010188532539170958
2025-07-16,7541.83,0.011430142424161183,335483.76,0.004719445092494112
2025-07-17,7292.37,-0.03307685270020677,335143.31,-0.0010148032202811352
2025-07-18,7229.96,-0.008558260208958113,337251.62,0.006290771550832908
2025-07-21,7149.68,-0.011103795871623023,335958.8,-0.003833398932227561
2025-07-22,7041.01,-0.01519928164617157,339060.34,0.009231905817022934
2025-07-23,7025.31,-0.0022297937369780696,340045.35,0.002905117124580192
2025-07-24,7062.9,0.005350653565465269,336365.85,-0.010820615544367862
2025-07-25,7129.1,0.00937292047176097,333985.03,-0.0070780669321809375
2025-07-28,7154.17,0.0035165729194428508,331914.65,-0.006199020357289697
2025-07-29,7097.8,-0.007879320731824957,333352.77,0.004332800616061894
2025-07-30,7134.27,0.005138211840288509,334713.73,0.004082641941148379
2025-07-31,7148.86,0.0020450585694120615,336723.34,0.0060039664342423915
2025-08-01,7237.11,0.012344625576665269,334541.31,-0.0064801863749629485
2025-08-04,7311.78,0.010317654422828948,333571.32,-0.002899462550678744
2025-08-05,7318.07,0.0008602556422649954,332984.95,-0.001757854961871419
2025-08-06,7239.26,-0.010769232871508438,332219.9,-0.0022975512857262848
2025-08-07,7183.37,-0.007720402361567347,333036.05,0.002456655967929544
2025-08-08,7137.18,-0.006430129590985767,336905.52,0.011618772201988481
2025-08-11,7112.27,-0.003490173990287504,338114.55,0.003588632207628839
2025-08-12,7139.73,0.00386093328852799,342898.98,0.014150322723467612
2025-08-13,7207.79,0.009532573360617302,343815.81,0.002673761234285532
2025-08-14,7206.58,-0.0001678739252947148,339845.11,-0.011548916264205622
2025-08-15,7211.47,0.0006785465505136923,342131.56,0.006727917903541547
2025-08-18,7227.95,0.002285248361290959,340791.24,-0.003917557327947185
2025-08-19,7184.54,-0.00600585228176731,336137.12,-0.013656806436691205
2025-08-20,7104.64,-0.011121101698925662,339206.54,0.009131452069322199
2025-08-21,6952.55,-0.021407136744437505,339246.85,0.00011883615215668719
2025-08-22,6895.21,-0.008247333712091298,333985.55,-0.01550876596201256
2025-08-25,6939.74,0.006458106424604759,330441.78,-0.01061054886955426
2025-08-26,6881.83,-0.00834469302884544,331797.67,0.004103264423766184
2025-08-27,6864.51,-0.0025167724282639803,329139.25,-0.008012171996265027
2025-08-28,6908.25,0.006371904185440647,331318.1,0.006619842513464924
2025-08-29,6957.03,0.00706112257083924,333730.82,0.007282185911364536
2025-09-01,6866.32,-0.013038609866566575,333333.56,-0.0011903605426673014
2025-09-02,6956.43,0.013123478078505002,334864.16,0.004591796877578158
2025-09-03,7059.3,0.014787757513552213,335117.61,0.0007568740709666955
2025-09-04,6962.84,-0.013664244330174435,335898.46,0.002330077491302429
2025-09-05,6894.23,-0.00985373784260457,343534.11,0.02273201847963202
2025-09-08,7001.8,0.015602902717199774,342171.28,-0.003967087867926544
2025-09-09,6992.18,-0.0013739324173783762,343956.15,0.005216305705142643
2025-09-10,6802.58,-0.027116006738956977,347097.47,0.009132908366371595
2025-09-11,6686.86,-0.01701119281213892,351914.6,0.013878320691879553
2025-09-12,6669.06,-0.002661936992848557,352889.46,0.002770160715128256
2025-09-15,6575.18,-0.014076946376250898,355798.26,0.008242807818629627
2025-09-16,6544.14,-0.004720783309354215,358148.38,0.006605203746639976
2025-09-17,6549.93,0.0008847610228388536,357722.4,-0.0011893953003500046
2025-09-18,6674.89,0.019078066483153355,358776.24,0.0029459715131061603
2025-09-19,6653.68,-0.0031775804545093322,359350.48,0.0016005519206065966
2025-09-22,6747.41,0.014086941361772576,358968.46,-0.0010630847077203187
2025-09-23,6873.24,0.018648637032579796,359386.18,0.001163667693813375
2025-09-24,7001.9,0.018718973875493816,352317.34,-0.019669203751796926
2025-09-25,7030.42,0.00407318013682012,357344.61,0.014269152917650851
2025-09-26,6861.92,-0.02396727364794704,357197.57,-0.0004114795519092329
2025-09-29,6905.16,0.006301443327815015,356291.91,-0.0025354595777346
2025-09-30,7000.31,0.013779550365234261,358115.79,0.005119060940788733
2025-10-01,6996.49,-0.000545690119437614,356494.83,-0.004526357243281431
2025-10-02,7155.38,0.022709958850795298,358995.69,0.007015136797355437
2025-10-03,7236.76,0.011373260399866858,357177.62,-0.005064322638525298
2025-10-06,7292.23,0.007665032417822237,361113.42,0.011019167438318211
2025-10-07,7396.25,0.014264497965642997,365043.68,0.010883727334198845
2025-10-08,7430.91,0.004686158526280293,365257.8,0.0005865599426349011
2025-10-09,7204.59,-0.030456565884931952,364878.41,-0.0010386910286378503
2025-10-10,7162.84,-0.005794916851618259,362623.01,-0.0061812371962484125
2025-10-13,7275.16,0.015680931027357792,360434.67,-0.00603475217968108
2025-10-14,7204.94,-0.009652021398842137,361126.38,0.001919099513928657
2025-10-15,7188.11,-0.0023358973148978057,354928.41,-0.017162883531244733
2025-10-16,7097.48,-0.012608321241605935,357111.21,0.006149972609969634
2025-10-17,7262.26,0.02321669099455037,360742.77,0.010169269119275182
2025-10-20,7421.29,0.021898141900730694,361403.74,0.0018322473933434225
2025-10-21,7342.6,-0.010603277866785943,362444.54,0.0028798816525805737
2025-10-22,7359.74,0.002334322991855764,361804.07,-0.0017670841447907648
2025-10-23,7300.39,-0.008064143570289062,356233.62,-0.015396316575432722
2025-10-24,7360.67,0.008257093114203418,359921.15,0.010351437351701964
2025-10-27,7411.62,0.006921924227006437,357414.64,-0.006964053098852396
2025-10-28,7491.37,0.010760130713663107,353642.91,-0.010552813393430172
2025-10-29,7526.35,0.004669372891740853,356180.41,0.007175317045094998
2025-10-30,7813.62,0.03816856776525146,354238.56,-0.0054518719881309075
2025-10-31,7716.76,-0.012396302866021114,352866.57,-0.003873067912200212
2025-11-03,7555.83,-0.020854607374079293,353009.6,0.000405337348902135
2025-11-04,7522.08,-0.004466749516598423,352958.12,-0.00014583172808890765
2025-11-05,7378.45,-0.019094452598217515,353535.38,0.001635491485505458
2025-11-06,7244.46,-0.01815964057491748,356035.81,0.0070726443277049356
2025-11-07,7157.05,-0.01206577163791367,358144.63,0.005923055885867168
2025-11-10,7077.75,-0.011079984071649673,355749.07,-0.006688806139575454
2025-11-11,6996.46,-0.011485288403800586,353163.97,-0.007266638813701043
2025-11-12,7045.65,0.0070306983817529645,350449.81,-0.007685268686950075
2025-11-13,7004.19,-0.005884481914372741,344730.09,-0.016321081754902322
2025-11-14,6991.7,-0.0017832183307420202,343317.11,-0.0040988008908652285
2025-11-17,7074.28,0.011811147503468344,339576.52,-0.010895437165948318
2025-11-18,7009.64,-0.009137325635965698,340081.47,0.001486999160012381
2025-11-19,6989.65,-0.0028517869676617513,339075.9,-0.0029568503100152466
2025-11-20,7025.28,0.005097537072671798,342503.75,0.01010938848794618
2025-11-21,6858.78,-0.023700122984421923,341910.98,-0.0017306963792367291
2025-11-24,6658.93,-0.029137835008558266,342250.09,0.0009918078676502962
2025-11-25,6691.21,0.004847625669589517,341357.56,-0.0026078298474663253
2025-11-26,6736.03,0.006698340061065178,336788.48,-0.013385026539327272
2025-11-27,6916.8,0.026836281904920378,334314.84,-0.007344788040255845
2025-11-28,6933.89,0.0024707957436964634,331521.62,-0.00835505836354744
2025-12-01,7009.21,0.010862589397870437,331014.06,-0.0015310012058942224
2025-12-02,6995.3,-0.0019845317803289797,330383.1,-0.001906142597084881
2025-12-03,7024.89,0.004229982988578129,333097.84,0.008216945721497337
2025-12-04,7177.43,0.021714219012682,331200.98,-0.00569460312321457
2025-12-05,6991.24,-0.025941040177333785,328908.49,-0.0069217488426513984
2025-12-08,7031.11,0.0057028509963896745,329832.61,0.002809656874469768
2025-12-09,7226.3,0.027760908306085463,325529.3,-0.01304695130054001
2025-12-10,7255.48,0.00403802775971096,331293.04,0.017705748760556972
2025-12-11,7411.46,0.02149823305970111,336008.61,0.014233833587327993
2025-12-12,7356.44,-0.00742363852736172,339042.94,0.009030512640732624
2025-12-15,7356.98,7.340507093100967e-05,335745.02,-0.009727145476027266
2025-12-16,7363.59,0.0008984664903262107,337241.29,0.004456566474165369
2025-12-17,7164.12,-0.027088689076931294,337537.99,0.0008797855090638684
2025-12-18,7062.81,-0.014141304165759316,333116.79,-0.013098377459675015
2025-12-19,6969.2,-0.013253931508847128,335217.49,0.0063061966945587855
2025-12-22,7045.11,0.010892211444642141,333370.45,-0.005509975031434022
2025-12-23,7126.34,0.011529983208211192,331169.3,-0.0066027147877084635
2025-12-24,7158.9,0.004568965275302483,330684.94,-0.001462575184354331
2025-12-25,7237.06,0.010917878445012574,333318.7,0.007964559861722176
2025-12-26,7225.55,-0.001590424841026672,334409.3,0.003271943638325725
2025-12-29,7339.29,0.01574136224924061,337662.89,0.009729364584059264
2025-12-30,7343.6,0.0005872502653527789,331544.49,-0.018119847283188384
2025-12-31,7352.46,0.0012064927283621518,330230.31,-0.003963811915559168
