Stock_Return,Stock_Volatility,Bond_Yield,Bond_Volatility,FX_Return,FX_Volatility,VIX,Crisis_Label
0.00518,0.1189,0.0475,0.0608,-0.00109,0.0652,14.75,0
0.00544,0.1765,0.0381,0.0662,0.00479,0.0561,15.1,0
-0.01113,0.1448,0.0384,0.0681,-0.00372,0.066,11.37,0
0.01216,0.1612,0.0541,0.0576,-0.00107,0.0891,13.57,0
-0.03711,0.6415,0.0665,0.092,0.0016,0.1426,48.4,1
0.00381,0.3773,0.0498,0.213,-0.03065,0.2349,63.6,1
0.02033,0.1418,0.0249,0.0459,0.00243,0.0473,12.4,0
-0.00795,0.1446,0.0565,0.0399,-0.00382,0.0444,20.7,0
0.0031,0.1313,0.0624,0.0627,-0.00423,0.0403,11.05,0
0.00879,0.1387,0.0591,0.0523,-2e-05,0.0439,17.38,0
-0.00505,0.1635,0.0622,0.0332,0.0004,0.052,12.89,0
0.00343,0.1154,0.0575,0.036,-0.003,0.0507,18.42,0
0.00706,0.1234,0.0431,0.0338,0.00407,0.0837,15.86,0
-0.00079,0.1168,0.0627,0.0463,-0.00093,0.0537,16.29,0
-0.03149,0.4736,0.0923,0.1294,0.0257,0.3198,51.45,1
-0.0107,0.1329,0.0535,0.0629,-0.00364,0.0888,14.25,0
-0.00129,0.1434,0.038,0.0541,-9e-05,0.0699,12.79,0
0.00886,0.1364,0.0507,0.0418,-0.0026,0.0499,15.61,0
-0.00365,0.163,0.029,0.042,-0.00551,0.0857,16.32,0
0.00894,0.1705,0.0444,0.0422,-0.00416,0.0593,21.54,0
-0.00887,0.121,0.0259,0.0628,0.00278,0.0419,18.93,0
0.00529,0.1786,0.0515,0.0377,-0.00475,0.0621,17.01,0
0.01277,0.1035,0.0437,0.0586,0.00571,0.0722,21.58,0
0.00869,0.1393,0.0479,0.036,0.00205,0.0592,19.88,0
0.01789,0.1796,0.0375,0.0307,0.00722,0.051,19.36,0
-0.00029,0.3824,0.076,0.1851,-0.00772,0.2913,66.38,1
-0.01393,0.1277,0.0564,0.0556,-0.00109,0.0845,19.38,0
0.00705,0.1139,0.0337,0.0556,-0.00328,0.0631,13.81,0
-0.00884,0.1243,0.037,0.0311,0.00303,0.0747,19.68,0
0.01496,0.4346,0.0816,0.1419,-0.00666,0.1681,47.11,1
0.01425,0.1554,0.0479,0.0679,-0.00626,0.0663,16.65,0
-0.00458,0.1639,0.0413,0.0346,-0.00049,0.063,21.39,0
-0.00931,0.1603,0.0399,0.0442,-0.0003,0.0639,12.53,0
-0.00706,0.1783,0.0451,0.0541,0.00242,0.0555,14.32,0
0.01134,0.1214,0.0456,0.0496,-0.00042,0.0444,14.65,0
-0.01764,0.16,0.0412,0.0389,-0.00974,0.0614,16.09,0
-0.00801,0.1292,0.0422,0.063,-0.01169,0.0493,14.45,0
0.0337,0.4224,0.0532,0.1062,-0.00161,0.1382,56.29,1
0.00401,0.1253,0.051,0.0533,0.00156,0.0784,11.49,0
0.00524,0.1683,0.0619,0.0474,-0.00684,0.0821,19.96,0
-0.00532,0.1765,0.0441,0.0378,-0.00301,0.0886,21.3,0
0.00295,0.1787,0.0372,0.0632,-0.00412,0.0709,11.55,0
0.00749,0.1685,0.0464,0.0345,-0.00132,0.0577,12.17,0
-0.0043,0.14,0.0541,0.0301,-0.00543,0.0428,20.69,0
0.00178,0.146,0.0446,0.0629,0.00511,0.0762,11.82,0
0.00629,0.1335,0.036,0.031,6e-05,0.0415,20.04,0
0.02101,0.1696,0.0642,0.0596,-0.00364,0.058,11.22,0
-0.00394,0.1364,0.0556,0.0578,-0.00233,0.0653,21.54,0
0.00606,0.1569,0.039,0.0567,0.00751,0.0731,18.68,0
-0.0288,0.4897,0.0813,0.1521,-0.00419,0.307,63.08,1
0.01169,0.1133,0.0543,0.0505,0.00827,0.0544,21.89,0
-0.00652,0.1466,0.0233,0.0471,9e-05,0.0658,12.5,0
-0.00301,0.1516,0.0304,0.048,-0.00235,0.0708,21.67,0
-0.00531,0.1664,0.0411,0.0525,-0.00046,0.0766,16.7,0
-0.01708,0.1679,0.0573,0.0687,0.00488,0.0804,20.38,0
-0.00739,0.1064,0.0461,0.0331,0.00189,0.0669,17.5,0
0.00497,0.121,0.0365,0.046,0.00301,0.0468,14.57,0
-0.00139,0.2835,0.0665,0.1498,-0.01438,0.1828,53.08,1
0.00168,0.1503,0.053,0.0335,0.00111,0.0484,11.38,0
-0.00848,0.1684,0.0405,0.0681,-0.00041,0.0502,12.21,0
-0.00252,0.1299,0.0473,0.0512,-0.00135,0.0481,21.35,0
0.00752,0.1193,0.0453,0.0355,-0.00268,0.065,17.96,0
0.00143,0.1723,0.0591,0.0324,-0.00161,0.0548,13.52,0
-0.00431,0.1677,0.0475,0.0506,-0.00037,0.0704,20.51,0
0.00943,0.1567,0.0554,0.0351,-0.00181,0.0471,16.55,0
0.00645,0.1703,0.032,0.0423,0.00095,0.046,16.11,0
-0.00103,0.3148,0.0801,0.2138,0.00705,0.2124,65.58,1
-0.00564,0.1723,0.0307,0.0501,-0.00055,0.0624,20.79,0
0.01684,0.6326,0.0629,0.094,0.00961,0.3043,29.91,1
-0.00079,0.1098,0.0469,0.0532,0.00058,0.0568,14.22,0
0.01265,0.1308,0.0462,0.0634,-0.0006,0.0504,17.79,0
-7e-05,0.1301,0.032,0.0607,-0.00117,0.0696,17.23,0
-0.00969,0.1166,0.0434,0.0552,-0.0031,0.0457,18.35,0
-0.00415,0.456,0.1034,0.1311,-0.01021,0.2409,38.17,1
0.00921,0.1086,0.0476,0.059,-0.00021,0.0839,12.89,0
-0.01672,0.5554,0.0658,0.2026,-0.01735,0.1317,44.48,1
-0.01415,0.1117,0.0447,0.0488,0.0073,0.0784,14.72,0
0.00243,0.1155,0.0428,0.0478,0.00142,0.0757,13.34,0
0.00769,0.2908,0.0582,0.1669,0.00265,0.2885,31.63,1
-0.01043,0.3442,0.0823,0.2095,0.00174,0.233,34.87,1
0.00375,0.1131,0.0418,0.0319,-0.00167,0.0823,14.47,0
0.00216,0.1672,0.0497,0.0301,-0.00254,0.0426,15.34,0
-0.00547,0.15,0.0412,0.0562,-0.00516,0.0713,15.79,0
0.01525,0.1044,0.061,0.0411,-0.00411,0.0468,16.35,0
-0.00331,0.1156,0.0483,0.0311,-0.0001,0.0839,18.48,0
0.01357,0.1216,0.0577,0.0597,-0.0049,0.0607,19.71,0
0.00962,0.158,0.0641,0.0648,0.00122,0.0809,20.1,0
-0.00851,0.3006,0.0937,0.1418,-0.00998,0.2001,66.72,1
-0.01156,0.1611,0.0519,0.0619,0.00156,0.0811,14.89,0
0.01283,0.1277,0.0385,0.0625,0.00491,0.0643,17.34,0
-0.0014,0.1534,0.0539,0.0524,-0.00172,0.0454,17.13,0
-0.01791,0.4766,0.1208,0.098,-0.01595,0.3179,35.22,1
-0.0074,0.493,0.1006,0.1462,0.00262,0.2356,50.61,1
-0.01325,0.173,0.0441,0.0549,-0.00681,0.0538,20.85,0
0.00637,0.1429,0.0573,0.0636,0.00465,0.045,21.98,0
-0.03778,0.4047,0.0784,0.136,-0.01073,0.1362,36.36,1
-0.04905,0.3215,0.1023,0.0935,-0.01498,0.3035,57.46,1
0.00429,0.1008,0.0368,0.0442,-0.00607,0.0604,21.96,0
-0.00999,0.1626,0.0441,0.0475,0.00307,0.0778,12.48,0
-0.00822,0.1138,0.0343,0.0367,0.00292,0.0565,15.32,0
0.01757,0.5327,0.0543,0.175,-0.02643,0.1887,44.01,1
-0.00931,0.1232,0.0396,0.035,0.00257,0.0887,11.16,0
0.0005,0.1486,0.0346,0.054,0.00553,0.0585,13.32,0
0.00781,0.1743,0.0366,0.0352,-0.00365,0.0534,18.16,0
0.01055,0.1712,0.0322,0.0518,0.00458,0.0482,11.43,0
-0.00235,0.1755,0.0541,0.0696,0.00201,0.047,13.65,0
-0.00287,0.1739,0.0402,0.0404,-0.005,0.0487,21.75,0
0.00132,0.6475,0.0822,0.2121,0.03645,0.3072,38.6,1
0.0026,0.1783,0.0488,0.0596,-0.00027,0.0791,11.9,0
0.00622,0.1014,0.0497,0.0554,-0.00514,0.0482,16.47,0
-0.01076,0.1402,0.0393,0.067,0.00636,0.0506,16.88,0
-0.00157,0.1575,0.0419,0.0515,-0.00885,0.0553,11.59,0
-0.00277,0.1123,0.0528,0.0619,0.0002,0.072,19.46,0
0.00281,0.1125,0.0456,0.0665,0.00259,0.0421,15.65,0
0.00469,0.1582,0.0456,0.0538,0.00642,0.0716,14.43,0
-0.00608,0.1311,0.0561,0.0351,0.00627,0.0653,16.2,0
0.00835,0.1485,0.0525,0.049,0.00017,0.0637,21.68,0
0.01077,0.1488,0.0441,0.0694,-0.00182,0.0789,21.39,0
-0.00094,0.1175,0.037,0.0489,-0.00018,0.0886,15.87,0
0.00538,0.1765,0.0465,0.0365,0.00041,0.0516,16.92,0
0.01917,0.5918,0.0687,0.1643,0.00493,0.1956,34.43,1
-0.00494,0.173,0.0474,0.0569,0.00345,0.0756,13.48,0
-0.00515,0.1007,0.0477,0.0433,0.00279,0.0534,19.07,0
-0.02039,0.5014,0.0849,0.1924,0.00822,0.1458,44.64,1
-0.01183,0.1216,0.0371,0.0325,0.0006,0.0807,12.55,0
-0.02064,0.1379,0.0268,0.0603,0.00364,0.0613,21.25,0
0.01277,0.5566,0.0673,0.1175,0.03334,0.1253,48.88,1
-0.0295,0.323,0.0568,0.1579,-0.00304,0.2746,48.63,1
-0.0106,0.1448,0.0513,0.0644,-0.00083,0.0448,17.16,0
-0.0349,0.3126,0.05,0.1586,-0.00925,0.2083,31.19,1
0.00206,0.1571,0.0527,0.0353,-0.00319,0.0798,14.33,0
-0.00409,0.168,0.0413,0.0486,0.00056,0.0697,11.66,0
0.04686,0.6419,0.0531,0.1902,0.00212,0.1734,40.23,1
-0.00184,0.1764,0.0518,0.0584,-0.00549,0.0459,21.75,0
0.00278,0.1645,0.0424,0.0365,-0.00609,0.0505,20.74,0
-0.0005,0.1661,0.054,0.0661,0.00015,0.0444,15.87,0
-0.0546,0.5689,0.0381,0.2184,-0.01799,0.2474,42.6,1
-0.00977,0.1271,0.0433,0.035,-0.00136,0.0673,19.28,0
-0.00549,0.1625,0.049,0.0393,-0.00474,0.0717,17.38,0
-0.00026,0.1779,0.0443,0.0632,-0.0001,0.0666,11.94,0
0.01151,0.2953,0.0788,0.0985,0.02905,0.2998,36.81,1
0.01315,0.1003,0.0536,0.037,0.00408,0.0534,14.72,0
0.00152,0.1568,0.0519,0.0676,0.00079,0.0494,19.66,0
-0.00887,0.272,0.0773,0.1756,-0.00954,0.2483,32.31,1
0.00737,0.1144,0.0568,0.0536,0.0021,0.0654,11.24,0
0.00498,0.1219,0.0539,0.0456,-0.00554,0.0854,19.86,0
-0.00964,0.1368,0.0493,0.0395,0.00257,0.0565,11.27,0
0.00517,0.106,0.0409,0.0325,0.00069,0.0702,11.17,0
0.00402,0.1643,0.0398,0.0658,-0.00055,0.068,11.28,0
0.00101,0.1533,0.0382,0.0565,-0.00014,0.0469,20.84,0
-0.03761,0.5609,0.0694,0.1113,0.0041,0.3087,56.36,1
0.01354,0.149,0.0489,0.0413,-0.00865,0.0616,21.57,0
0.00753,0.1761,0.0365,0.067,-0.00231,0.0734,14.26,0
0.00177,0.4665,0.0481,0.1676,-0.01598,0.2688,61.71,1
0.00942,0.1679,0.05,0.0311,0.00837,0.0581,21.7,0
0.00128,0.1386,0.0453,0.0466,0.00191,0.0716,21.66,0
-0.00584,0.1324,0.0477,0.0479,0.00067,0.0506,18.71,0
-0.00454,0.167,0.0426,0.0575,-0.00083,0.0715,17.1,0
0.0168,0.1133,0.0334,0.0493,0.00404,0.0597,14.92,0
-0.01144,0.1698,0.0416,0.0476,0.0,0.0589,12.07,0
0.00206,0.1146,0.0541,0.0613,-0.00415,0.0898,13.02,0
0.00698,0.1193,0.0407,0.0354,0.00287,0.0422,18.95,0
-0.01222,0.5732,0.0615,0.1846,-0.00595,0.1918,36.07,1
-0.00782,0.1711,0.0612,0.0302,-0.0016,0.0455,11.87,0
0.00925,0.1761,0.0475,0.0306,-0.0041,0.0698,11.55,0
-0.00606,0.14,0.0409,0.0384,0.00278,0.0417,13.06,0
0.01193,0.1196,0.0484,0.055,0.00171,0.048,19.5,0
0.01869,0.1218,0.0435,0.0347,0.00161,0.0841,21.21,0
-0.01816,0.1081,0.04,0.0333,-0.00257,0.0561,12.28,0
-0.00249,0.1497,0.0442,0.0353,-0.00118,0.0595,14.66,0
-0.01913,0.1275,0.0481,0.0637,0.00107,0.0549,21.06,0
-0.02215,0.6448,0.0405,0.1501,0.00809,0.2231,43.19,1
-0.00062,0.1347,0.0397,0.0433,-0.00068,0.0546,15.85,0
0.00342,0.1089,0.052,0.0699,-0.00057,0.0428,20.54,0
0.04086,0.2897,0.0878,0.133,-0.00677,0.2595,66.88,1
-0.00363,0.1176,0.0333,0.0655,-0.00015,0.0892,13.17,0
-0.00703,0.1057,0.0412,0.041,-0.00533,0.0765,19.29,0
0.00228,0.1034,0.0587,0.0434,-0.00536,0.0644,21.15,0
-0.0033,0.1326,0.052,0.0366,-0.00613,0.0589,18.54,0
-0.00517,0.1199,0.0398,0.0564,-0.0035,0.0857,16.12,0
7e-05,0.1753,0.0452,0.0412,-0.00074,0.0833,19.4,0
0.00742,0.173,0.0485,0.0307,0.00154,0.079,20.15,0
0.01865,0.1626,0.0204,0.0319,0.00304,0.0509,15.46,0
-0.0043,0.1707,0.0512,0.0553,0.00102,0.07,11.77,0
0.01284,0.1208,0.0479,0.0537,-0.00514,0.0455,11.38,0
-0.01369,0.1582,0.0456,0.0504,-0.00433,0.0461,15.3,0
-0.02104,0.5153,0.0929,0.1413,-0.01854,0.3154,66.51,1
-0.00686,0.1448,0.0451,0.0402,0.00332,0.0685,20.98,0
-0.01649,0.141,0.0465,0.0311,0.00123,0.0437,17.77,0
-0.01018,0.1019,0.0544,0.0511,0.00121,0.0736,14.13,0
0.00578,0.1252,0.0644,0.0613,8e-05,0.0635,17.0,0
0.00129,0.1271,0.0418,0.0472,-0.00222,0.0811,14.18,0
0.00344,0.361,0.081,0.1824,-0.00676,0.1734,35.31,1
0.00205,0.1693,0.0524,0.0471,0.00036,0.0758,13.51,0
0.02286,0.5031,0.0459,0.1342,-0.00219,0.2049,55.75,1
0.02852,0.4439,0.104,0.0936,-0.00855,0.1334,56.21,1
0.00026,0.1062,0.0326,0.066,-0.00453,0.0667,11.29,0
-0.00942,0.164,0.0369,0.0399,0.00291,0.0485,19.85,0
0.01767,0.1696,0.0339,0.051,-0.00627,0.0668,20.2,0
-0.01665,0.1149,0.0496,0.0681,-0.0037,0.0836,19.42,0
0.00789,0.1626,0.0457,0.0455,0.00584,0.0467,15.64,0
0.00207,0.1203,0.0368,0.067,-0.00369,0.0742,16.35,0
0.00279,0.148,0.0408,0.0523,0.00912,0.0834,12.87,0
-0.00211,0.1723,0.0545,0.0519,0.00412,0.0896,12.17,0
0.00094,0.1258,0.0424,0.0554,0.00765,0.0587,16.74,0
-0.00703,0.108,0.0216,0.0497,-0.00366,0.0667,14.43,0
-0.01993,0.1764,0.0442,0.0692,-0.00237,0.0763,14.81,0
-0.00267,0.1137,0.0407,0.056,0.00321,0.078,15.25,0
0.00412,0.1508,0.0376,0.0485,-0.00396,0.0741,19.1,0
-0.03146,0.5757,0.0873,0.1,0.00076,0.1326,31.19,1
0.00022,0.1219,0.033,0.0356,0.00651,0.0514,20.1,0
0.00114,0.1464,0.042,0.0667,-0.00502,0.0415,15.43,0
-0.00219,0.1415,0.0459,0.052,0.00377,0.0857,17.81,0
-0.00628,0.138,0.0341,0.0692,-0.00567,0.0662,13.93,0
3e-05,0.1023,0.052,0.0371,-0.007,0.078,16.84,0
-0.00666,0.1361,0.0429,0.0389,0.00144,0.0863,17.96,0
0.00156,0.1444,0.0371,0.0488,0.00214,0.0519,11.14,0
0.00803,0.151,0.0413,0.0431,1e-05,0.0682,16.21,0
-0.03731,0.5359,0.0799,0.1156,0.00107,0.2082,40.17,1
0.00904,0.1328,0.0636,0.0651,0.00481,0.0489,14.1,0
-0.00153,0.1763,0.0475,0.0341,-0.00534,0.0819,21.08,0
-0.00575,0.1787,0.0433,0.0566,0.00055,0.0869,12.93,0
0.00138,0.1692,0.04,0.0528,-0.00141,0.0531,20.38,0
0.01337,0.1666,0.0457,0.0466,-0.00049,0.0624,17.84,0
0.00177,0.1066,0.0464,0.049,-0.00189,0.0714,15.0,0
0.00019,0.1348,0.0575,0.0325,0.0023,0.0722,21.86,0
0.01144,0.1285,0.0288,0.0698,0.00047,0.0508,16.07,0
-0.00266,0.1124,0.0631,0.0403,0.00358,0.0515,17.85,0
0.01015,0.1265,0.0413,0.0646,-0.00148,0.0659,16.02,0
3e-05,0.165,0.0567,0.0327,0.0002,0.0698,12.72,0
0.01544,0.5148,0.0765,0.1471,0.02358,0.2278,63.34,1
0.00333,0.121,0.0366,0.0443,-0.00361,0.0679,20.26,0
0.01118,0.1103,0.0465,0.0391,-0.00111,0.0579,20.68,0
-0.01853,0.1386,0.0564,0.0391,-0.0017,0.0475,16.39,0
-0.01685,0.4214,0.0943,0.2151,-0.00232,0.1779,53.81,1
-0.0026,0.1123,0.0357,0.054,0.00229,0.0721,17.07,0
-0.00606,0.1475,0.0416,0.0572,0.00022,0.0542,19.21,0
0.00232,0.1481,0.0422,0.0342,0.00124,0.0441,19.19,0
-0.00356,0.173,0.0524,0.0452,0.00357,0.0671,21.74,0
-0.0024,0.1626,0.0511,0.0615,-0.00091,0.0807,16.5,0
-0.03402,0.5634,0.0547,0.1388,-0.02211,0.1361,38.21,1
0.00414,0.161,0.0472,0.0631,-0.00623,0.0874,20.82,0
-0.00476,0.1227,0.0516,0.036,0.00528,0.0666,19.64,0
0.00914,0.1045,0.0409,0.0605,-0.00052,0.0757,14.73,0
0.0092,0.1051,0.0519,0.0671,0.00526,0.088,21.47,0
0.0009,0.141,0.048,0.057,0.00704,0.0425,14.4,0
-0.01085,0.3404,0.0578,0.1348,0.0123,0.1514,33.44,1
0.00361,0.1788,0.0479,0.0503,-0.0039,0.0836,19.24,0
0.02242,0.579,0.0756,0.1009,-0.00265,0.1891,33.06,1
-3e-05,0.12,0.0435,0.0484,-0.00093,0.0636,11.84,0
0.00266,0.1461,0.0333,0.0392,-0.00049,0.0881,18.9,0
0.0008,0.168,0.0471,0.0465,0.0035,0.0741,18.55,0
-0.00281,0.1394,0.0448,0.0552,0.01033,0.064,17.85,0
0.03321,0.4651,0.0656,0.1062,0.00633,0.2135,49.81,1
-0.00053,0.1277,0.0463,0.0453,0.00252,0.0601,18.11,0
0.00144,0.1121,0.0501,0.0653,-0.00399,0.0515,19.97,0
-0.0067,0.1577,0.0497,0.0492,0.00502,0.0871,12.54,0
0.01251,0.1734,0.0439,0.0655,-0.00559,0.0671,20.07,0
-0.00841,0.1019,0.0462,0.0408,-0.00374,0.0691,17.79,0
-0.0054,0.1563,0.0391,0.0605,0.00325,0.0875,19.56,0
-0.00705,0.1115,0.0475,0.058,0.00021,0.0473,15.64,0
0.00714,0.1735,0.0374,0.0573,1e-05,0.0491,20.92,0
-0.00331,0.1542,0.0415,0.0503,-0.00335,0.0587,20.16,0
0.00601,0.1573,0.0229,0.0581,0.00994,0.0675,21.86,0
-0.00478,0.1471,0.0518,0.0557,-0.00202,0.0604,15.77,0
-0.00915,0.1697,0.0445,0.0675,0.00416,0.0642,17.57,0
0.00745,0.1508,0.0549,0.0621,-0.00858,0.0563,17.22,0
-0.0038,0.1099,0.0401,0.0603,0.00549,0.0423,14.82,0
0.01248,0.1035,0.0441,0.0628,-0.0006,0.0537,15.28,0
-0.018,0.1103,0.0321,0.0383,0.008,0.0439,15.35,0
-0.01273,0.1335,0.0407,0.0697,-0.0015,0.0661,11.44,0
0.00946,0.1612,0.036,0.0457,0.00613,0.0524,12.76,0
0.00032,0.1634,0.0232,0.0612,0.00045,0.0545,14.37,0
0.0207,0.1619,0.0323,0.0597,-0.00412,0.0754,19.84,0
0.00168,0.1166,0.0498,0.0628,-0.00438,0.0656,18.83,0
0.00589,0.3303,0.0666,0.2,0.00487,0.1204,35.3,1
-0.0131,0.1538,0.0564,0.057,-0.00723,0.0483,12.77,0
0.0047,0.1169,0.0534,0.066,-0.00224,0.0576,17.35,0
0.02133,0.1557,0.0526,0.0312,0.00123,0.0425,12.99,0
-0.01762,0.4152,0.0823,0.1274,-0.00131,0.1856,58.91,1
-0.00639,0.1602,0.0538,0.0483,-0.0015,0.06,21.93,0
0.00176,0.1619,0.0499,0.0383,-0.00017,0.0707,11.23,0
-0.00629,0.1636,0.0553,0.0616,-0.00189,0.0532,18.92,0
0.00841,0.1325,0.0456,0.0547,-0.00132,0.0508,19.42,0
0.0041,0.1246,0.0528,0.0534,-0.00032,0.057,20.72,0
-0.00655,0.1479,0.0421,0.0486,-0.00082,0.0497,11.64,0
-0.00258,0.1387,0.0377,0.0575,-0.00635,0.0543,18.85,0
0.01388,0.1357,0.0496,0.0469,-0.00078,0.0431,20.71,0
-0.00325,0.1292,0.0425,0.0544,0.00181,0.0568,21.38,0
-0.00678,0.1003,0.0486,0.061,0.00268,0.081,18.23,0
0.01229,0.1114,0.0473,0.0442,-0.00223,0.0793,14.26,0
-0.0032,0.1483,0.0544,0.0396,0.00023,0.0785,12.66,0
-0.00455,0.1566,0.042,0.034,-0.00226,0.0404,15.67,0
0.00465,0.1049,0.0618,0.0339,-0.005,0.0598,18.73,0
0.01319,0.1688,0.0591,0.0333,0.00681,0.0632,12.39,0
0.01589,0.1323,0.052,0.0317,0.00131,0.0491,20.68,0
0.00439,0.1628,0.0417,0.0444,-0.00013,0.0891,18.25,0
-0.00249,0.1474,0.0384,0.049,0.00052,0.0752,15.06,0
0.00333,0.167,0.0585,0.0443,-0.00164,0.0759,17.13,0
-0.01166,0.1598,0.0372,0.0583,-0.00231,0.0665,18.28,0
-0.04198,0.6172,0.0837,0.2179,0.00323,0.2621,49.02,1
-0.01192,0.1346,0.038,0.0646,0.00594,0.048,11.59,0
0.00879,0.1713,0.039,0.0602,-0.00033,0.0489,21.97,0
-0.00091,0.1041,0.0368,0.0353,-0.00211,0.0636,14.05,0
-0.00461,0.1277,0.053,0.0387,0.00201,0.0781,15.31,0
-0.01907,0.2913,0.0764,0.1256,0.0242,0.2951,56.47,1
-0.01038,0.421,0.0564,0.1442,0.00741,0.2603,30.58,1
0.00163,0.165,0.0427,0.0552,4e-05,0.0673,20.21,0
1e-05,0.6243,0.0782,0.2022,-0.01417,0.2275,51.29,1
-0.00998,0.16,0.0422,0.0384,0.00093,0.0596,11.62,0
0.00449,0.1713,0.049,0.0426,0.0086,0.0729,16.25,0
-0.01327,0.1754,0.046,0.0526,-0.00015,0.0422,20.4,0
0.02336,0.1137,0.0517,0.0373,0.00107,0.0506,18.22,0
0.01242,0.1352,0.0449,0.0427,0.00334,0.0435,18.71,0
0.00642,0.1459,0.0526,0.0598,-8e-05,0.043,21.39,0
0.00182,0.1131,0.0441,0.0494,-0.00308,0.0494,20.34,0
0.0089,0.1369,0.0418,0.055,0.00648,0.083,19.55,0
0.00892,0.1425,0.0521,0.0376,-0.00069,0.0896,17.59,0
0.00686,0.1117,0.0347,0.0682,-0.0053,0.065,12.51,0
-0.00194,0.1095,0.0546,0.0518,-0.00716,0.0625,11.24,0
-0.00304,0.1124,0.0435,0.0597,0.0023,0.0617,16.85,0
0.00236,0.5236,0.0556,0.1389,0.00326,0.1955,53.39,1
-0.00183,0.1275,0.0579,0.0481,0.00119,0.0465,12.56,0
4e-05,0.1639,0.0566,0.0343,-0.00744,0.0521,21.5,0
0.01021,0.135,0.0483,0.0444,0.00561,0.0728,14.17,0
-0.00934,0.1102,0.0514,0.0518,-0.00111,0.0659,16.22,0
-0.00591,0.1162,0.037,0.0638,-0.0033,0.0706,17.21,0
0.01049,0.1482,0.043,0.057,-0.00337,0.0618,16.36,0
-0.00421,0.153,0.0413,0.038,0.00294,0.0866,14.77,0
0.01681,0.1572,0.0276,0.0584,-0.00054,0.0681,16.22,0
0.00016,0.133,0.0554,0.0521,0.00718,0.0883,17.27,0
-0.0158,0.4571,0.0625,0.19,0.00465,0.2041,65.03,1
-0.00316,0.1147,0.0346,0.0553,-0.00029,0.0773,13.39,0
-0.00814,0.1606,0.035,0.055,-0.00508,0.0857,16.82,0
-0.03299,0.4433,0.0904,0.1146,0.00218,0.2387,59.48,1
-0.0069,0.1345,0.0407,0.0441,0.0036,0.0674,19.87,0
-0.00427,0.1318,0.0497,0.0344,-0.00417,0.0448,15.56,0
-0.01966,0.1026,0.043,0.0515,0.00314,0.0743,19.96,0
0.0098,0.1291,0.0517,0.05,-0.006,0.0466,11.57,0
-0.00546,0.2866,0.0519,0.1212,-0.00047,0.1914,55.73,1
0.01212,0.1028,0.0499,0.0475,0.00373,0.0595,12.96,0
-0.00442,0.1732,0.0512,0.0507,-0.00295,0.0473,11.54,0
-0.05652,0.3738,0.0664,0.1666,0.0044,0.1793,50.39,1
0.01565,0.1685,0.0566,0.0374,-0.00849,0.076,15.74,0
0.00684,0.4448,0.0633,0.1374,-0.02547,0.1677,48.39,1
-0.00384,0.1567,0.0359,0.0427,-0.00263,0.0807,18.05,0
0.00612,0.1192,0.0516,0.0613,0.00057,0.0467,11.12,0
0.00074,0.1527,0.0477,0.0438,0.00272,0.0837,17.16,0
0.00047,0.1676,0.0392,0.0675,-0.00614,0.0448,16.5,0
-0.00106,0.1717,0.0387,0.0465,0.00077,0.0404,12.41,0
0.01445,0.1383,0.0263,0.0592,-0.00163,0.087,11.6,0
-0.00407,0.1735,0.048,0.0369,-0.00083,0.0443,15.35,0
0.01587,0.1768,0.0439,0.0334,-0.00964,0.0775,16.24,0
0.01431,0.1565,0.0379,0.0348,0.00035,0.0672,18.99,0
-0.0007,0.1761,0.0574,0.0384,-0.00066,0.0663,18.06,0
0.00857,0.1797,0.0376,0.0394,0.00359,0.0797,13.98,0
0.01324,0.176,0.0456,0.0425,0.00172,0.0873,21.45,0
0.0326,0.5225,0.0673,0.1359,0.04164,0.2454,42.9,1
-0.00023,0.1313,0.0352,0.0647,0.0004,0.0596,12.07,0
-0.02311,0.1328,0.044,0.0317,-0.0067,0.0649,15.4,0
-0.03141,0.3684,0.0431,0.2114,-0.02531,0.1975,67.73,1
-0.0031,0.3006,0.0935,0.1432,-0.01402,0.1337,45.51,1
-0.00172,0.1235,0.033,0.0416,-0.00222,0.0859,18.51,0
0.00872,0.1125,0.0411,0.0444,-0.00412,0.07,18.6,0
-0.02359,0.3927,0.1077,0.1006,0.00122,0.2858,61.24,1
-0.0005,0.1734,0.0593,0.0315,0.00039,0.0494,11.92,0
-0.00209,0.1692,0.0381,0.0507,0.00138,0.0522,13.04,0
0.01315,0.1279,0.0538,0.0435,0.0014,0.0744,14.6,0
-0.00129,0.1432,0.0392,0.0666,-0.00662,0.064,13.13,0
0.00168,0.142,0.0398,0.0605,0.00262,0.0578,21.22,0
0.00088,0.1058,0.0494,0.035,0.00063,0.0574,12.77,0
0.00381,0.1213,0.0418,0.0519,0.00313,0.0774,18.97,0
0.01226,0.1282,0.0364,0.0458,0.00535,0.0427,18.63,0
0.00553,0.1554,0.0413,0.0632,0.00573,0.0619,21.86,0
-0.00732,0.2989,0.0637,0.2153,-0.01607,0.3008,40.42,1
-0.007,0.1592,0.0516,0.0595,0.00762,0.0695,21.17,0
0.01996,0.1687,0.0392,0.0357,-0.0006,0.0734,15.98,0
-6e-05,0.1504,0.0383,0.0429,-0.00083,0.0698,19.84,0
-0.01545,0.5716,0.1162,0.1187,0.01589,0.1554,52.63,1
-0.00786,0.1135,0.054,0.04,-0.00094,0.0808,16.3,0
-0.04426,0.2645,0.0571,0.1655,0.00131,0.1843,57.35,1
0.01178,0.1031,0.0242,0.0638,-0.00315,0.0405,11.57,0
-0.03882,0.2525,0.0707,0.1185,-0.01333,0.1996,40.68,1
-0.00735,0.1708,0.0517,0.0588,0.00108,0.0656,21.79,0
-0.00189,0.1078,0.0509,0.0349,0.0012,0.0432,12.17,0
-0.00544,0.1232,0.0397,0.0553,0.0025,0.0524,20.26,0
-0.00597,0.1779,0.0417,0.0537,-0.00389,0.0694,12.97,0
-0.01919,0.1503,0.0432,0.0633,0.00122,0.08,17.34,0
-0.02923,0.2452,0.0969,0.119,-0.0095,0.1241,63.57,1
-0.00553,0.1752,0.0545,0.0373,0.00179,0.0436,16.86,0
0.00449,0.1039,0.0431,0.0487,-0.00192,0.0789,11.31,0
0.01195,0.5594,0.0518,0.1899,0.0049,0.2018,39.79,1
0.03393,0.5283,0.067,0.1434,-0.03688,0.2521,67.45,1
0.00606,0.1023,0.047,0.0529,0.00065,0.0787,11.92,0
-0.00885,0.179,0.0451,0.0629,0.00294,0.0781,20.8,0
-0.00082,0.155,0.0497,0.0459,-0.00053,0.0612,13.93,0
-0.0035,0.1745,0.0623,0.054,0.00066,0.071,18.97,0
-0.00672,0.1519,0.0414,0.0552,0.00209,0.0749,12.49,0
0.01388,0.1427,0.048,0.0393,0.00199,0.0548,11.5,0
-0.0016,0.1788,0.0348,0.0652,-0.00287,0.0881,20.7,0
-0.00486,0.1532,0.0351,0.0522,0.0047,0.0586,17.35,0
0.00076,0.1783,0.0421,0.0331,-0.00327,0.0608,21.01,0
0.01381,0.1662,0.045,0.0361,-0.00042,0.0656,18.77,0
0.00709,0.1482,0.0337,0.0647,0.00171,0.0626,14.09,0
-0.04024,0.4776,0.0477,0.2074,-0.0014,0.2381,45.5,1
-0.01256,0.1466,0.0378,0.0641,0.00343,0.0528,19.23,0
-0.00716,0.1342,0.045,0.0372,-0.00892,0.0648,20.45,0
-0.00297,0.1756,0.0544,0.0406,0.00546,0.0596,19.31,0
-0.00625,0.1602,0.0339,0.0614,-0.00219,0.0878,18.42,0
-0.00191,0.1574,0.0477,0.0376,0.00146,0.0839,14.29,0
-0.00246,0.1532,0.0518,0.0391,-0.00031,0.0838,11.56,0
0.00132,0.1543,0.0417,0.0392,0.00397,0.0544,13.46,0
0.01419,0.1106,0.0468,0.0313,-0.00194,0.0563,12.97,0
-0.00641,0.3286,0.0878,0.125,-0.00119,0.1437,46.36,1
0.02178,0.1178,0.0459,0.0623,-0.00065,0.0874,20.93,0
-0.00441,0.1478,0.0461,0.0442,0.00533,0.0759,17.47,0
0.01293,0.1454,0.0373,0.0444,-0.00765,0.0673,18.41,0
-0.00404,0.1444,0.0448,0.0458,-0.0058,0.0777,19.75,0
0.0054,0.1343,0.0378,0.0658,-0.00843,0.0733,21.2,0
-0.0042,0.1732,0.0396,0.0381,0.0006,0.0564,19.87,0
0.00061,0.1403,0.03,0.0554,-0.00422,0.0791,15.88,0
-0.01119,0.1759,0.0534,0.0693,0.00313,0.0785,19.24,0
0.00605,0.1737,0.0516,0.0665,0.00065,0.0709,14.82,0
0.00734,0.149,0.0449,0.0447,0.00077,0.0594,19.0,0
0.00107,0.1687,0.0449,0.0385,-0.00314,0.0815,13.97,0
0.0098,0.145,0.049,0.0405,0.00034,0.065,16.44,0
-0.00558,0.2742,0.1047,0.193,-0.00195,0.2206,34.59,1
0.01189,0.1498,0.0495,0.0462,0.00256,0.0523,17.98,0
0.00834,0.1232,0.0439,0.0574,-0.00346,0.0645,15.61,0
-0.00362,0.171,0.0432,0.0446,-0.0041,0.068,12.25,0
0.00922,0.163,0.0548,0.0565,-0.0004,0.087,19.7,0
-0.00223,0.1714,0.0303,0.0573,0.00032,0.0542,13.32,0
-0.00501,0.18,0.0465,0.0306,0.00047,0.0889,11.57,0
-0.00216,0.1464,0.0467,0.0507,0.00153,0.0685,14.32,0
0.01239,0.1616,0.0599,0.0573,0.00694,0.0707,12.66,0
-0.01184,0.167,0.0488,0.038,0.00025,0.0417,14.05,0
-0.02197,0.1459,0.0523,0.0552,0.00436,0.0425,11.72,0
-0.0016,0.1275,0.0448,0.0558,-0.00749,0.0646,17.35,0
-0.00272,0.1692,0.0463,0.0691,0.00221,0.0769,15.93,0
0.00508,0.1231,0.042,0.0449,0.00043,0.0547,19.97,0
-0.01559,0.3372,0.0671,0.0911,0.01231,0.2165,51.26,1
0.00439,0.1589,0.0465,0.0351,0.00336,0.0545,14.17,0
0.03566,0.2747,0.049,0.1646,-0.01644,0.1759,60.76,1
0.00424,0.1557,0.0575,0.0543,0.00126,0.0839,18.64,0
0.01099,0.1516,0.0552,0.03,0.00405,0.0474,14.22,0
0.02003,0.1598,0.0497,0.0643,0.00037,0.0848,11.89,0
0.01631,0.109,0.0484,0.0661,-0.00406,0.0785,21.31,0
0.05051,0.3405,0.03,0.179,0.00291,0.1762,28.06,1
0.00053,0.158,0.0516,0.0377,0.00451,0.0896,20.7,0
-0.0223,0.5492,0.0821,0.1128,0.01651,0.138,31.55,1
-0.00635,0.1279,0.0409,0.0474,-0.00177,0.0779,13.69,0
0.00119,0.1797,0.0363,0.0642,0.00222,0.084,17.26,0
-0.00426,0.2645,0.061,0.1085,-0.01472,0.2381,53.09,1
0.0458,0.4411,0.0357,0.1912,0.00015,0.152,55.09,1
0.0001,0.1426,0.0404,0.0303,-0.00133,0.0529,13.05,0
-0.01407,0.4988,0.0932,0.2161,0.00999,0.1996,56.85,1
0.01257,0.1319,0.06,0.0404,0.00443,0.0669,19.12,0
-0.00283,0.1612,0.0588,0.0613,0.0045,0.0545,15.97,0
0.00352,0.1102,0.0541,0.0594,0.00186,0.0627,16.46,0
0.00775,0.1773,0.0334,0.0579,-0.00809,0.0725,21.24,0
-0.01266,0.149,0.0597,0.0424,-0.00256,0.0798,12.83,0
0.00247,0.1354,0.0331,0.0597,0.00191,0.0766,15.28,0
0.00341,0.1629,0.0532,0.0445,0.00475,0.0581,12.18,0
-0.03036,0.3169,0.0822,0.1121,0.01003,0.2507,58.15,1
0.00229,0.1724,0.0571,0.0302,-0.00058,0.0735,19.49,0
0.00312,0.1037,0.042,0.0619,0.00474,0.0609,11.86,0
0.004,0.1141,0.0593,0.0669,0.00404,0.0737,18.41,0
0.00542,0.1669,0.0328,0.0535,0.00019,0.085,11.52,0
-0.00647,0.1169,0.0539,0.06,-0.00059,0.071,21.46,0
-0.00931,0.1342,0.0354,0.0459,-0.0033,0.0593,17.88,0
-0.00557,0.1591,0.0497,0.0574,0.00045,0.0743,21.34,0
0.00618,0.1744,0.0433,0.0509,0.00242,0.0755,11.67,0
-0.02954,0.1055,0.0438,0.0462,0.00655,0.0869,12.41,0
-0.04657,0.3489,0.1015,0.1493,-0.0012,0.3071,49.01,1
-0.02939,0.4687,0.0823,0.1401,-0.02008,0.1725,33.47,1
-0.00046,0.165,0.0501,0.0341,-0.00267,0.0665,12.8,0
0.01592,0.4647,0.0434,0.1787,-0.00713,0.1679,52.16,1
-0.00089,0.2989,0.0918,0.1884,0.01274,0.3075,34.66,1
-0.01848,0.1019,0.0317,0.0314,-0.00433,0.0559,16.71,0
0.00798,0.1046,0.0487,0.0393,0.00538,0.0738,17.97,0
-0.00156,0.1667,0.0364,0.0588,-0.00677,0.0692,20.04,0
0.00166,0.1288,0.0473,0.0447,0.00137,0.0753,19.73,0
-0.00853,0.1496,0.0413,0.0472,-0.00205,0.0562,16.7,0
-0.01545,0.542,0.0641,0.0948,0.00838,0.3004,56.25,1
0.00477,0.1072,0.0387,0.0425,-0.00457,0.0857,12.16,0
0.0018,0.112,0.0377,0.0307,-0.00557,0.0426,13.09,0
-0.00365,0.1196,0.0484,0.0525,0.00496,0.083,11.61,0
0.00626,0.4126,0.1015,0.1521,0.01246,0.1702,55.77,1
0.00492,0.1624,0.0384,0.0471,-0.00225,0.0683,16.46,0
0.00132,0.1183,0.0327,0.0554,0.00058,0.0739,17.3,0
0.00698,0.175,0.0362,0.0408,0.00179,0.0705,19.79,0
-0.00403,0.1615,0.0331,0.0655,0.001,0.0882,19.44,0
-0.00317,0.1575,0.0458,0.0571,0.0059,0.0855,21.13,0
0.00515,0.1445,0.0439,0.0328,0.00382,0.0512,16.13,0
-0.02146,0.1218,0.037,0.0591,0.00178,0.0795,18.43,0
0.00076,0.1642,0.0568,0.038,0.00189,0.0489,18.44,0
-0.01938,0.359,0.0702,0.182,0.02045,0.2372,44.2,1
-0.0027,0.1609,0.0498,0.0359,0.00215,0.0757,15.35,0
0.00253,0.168,0.0381,0.0427,-0.00354,0.0634,11.12,0
0.01063,0.1664,0.037,0.0461,-0.0012,0.0641,18.07,0
-0.00091,0.174,0.0411,0.0606,0.00191,0.0649,12.71,0
-0.01689,0.1573,0.0354,0.0665,-0.0004,0.0513,14.51,0
0.02361,0.3309,0.0763,0.1179,0.00438,0.308,64.83,1
-0.00122,0.3758,0.0449,0.157,0.01794,0.1617,32.68,1
0.00796,0.1482,0.0477,0.0618,0.01102,0.0749,15.12,0
0.00844,0.1315,0.0438,0.0304,0.01023,0.0445,14.57,0
0.00223,0.158,0.0473,0.0342,-0.0032,0.0413,11.93,0
0.0035,0.156,0.0424,0.0494,0.00612,0.0587,21.15,0
-0.01337,0.5286,0.0933,0.18,-0.01181,0.2517,49.41,1
0.01161,0.1515,0.0594,0.0551,0.00196,0.0575,19.83,0
0.00085,0.1025,0.0564,0.0315,-0.00197,0.0674,19.27,0
-0.00238,0.1332,0.0354,0.0688,-0.00496,0.0878,13.33,0
-0.00804,0.1103,0.0385,0.0368,-0.00106,0.0518,18.27,0
-0.01481,0.1083,0.0552,0.0695,0.00048,0.0455,11.15,0
0.00428,0.1003,0.0432,0.0487,-0.00421,0.0572,20.61,0
0.01053,0.1507,0.0487,0.0681,0.00301,0.0894,15.1,0
0.01194,0.1309,0.0441,0.062,0.00134,0.0653,21.2,0
0.01044,0.1096,0.0471,0.0659,0.00072,0.0513,15.97,0
-0.00162,0.1621,0.0414,0.0601,0.0009,0.0672,12.99,0
0.00232,0.1199,0.0429,0.0431,0.00213,0.0774,15.78,0
-0.04259,0.2936,0.0863,0.2076,0.01886,0.1311,55.37,1
-0.01309,0.1236,0.0522,0.0325,-0.00755,0.0667,17.66,0
0.01266,0.1673,0.0462,0.057,0.00136,0.0441,11.21,0
-0.00118,0.18,0.0424,0.0355,-0.00162,0.0536,17.7,0
-0.00785,0.1557,0.0375,0.0682,-9e-05,0.0883,17.09,0
-0.00414,0.1132,0.0523,0.0592,-0.00021,0.0725,13.46,0
0.00048,0.1557,0.0488,0.0311,0.00043,0.0474,21.55,0
-0.00648,0.4663,0.0714,0.1742,-0.0202,0.296,65.81,1
-0.04475,0.6123,0.0845,0.2085,-0.00873,0.2032,50.64,1
0.01053,0.1683,0.0535,0.0425,0.00494,0.0857,19.6,0
-0.00653,0.1615,0.0444,0.0625,-0.00088,0.0699,12.22,0
-0.00803,0.1075,0.0293,0.057,-0.00518,0.0459,12.19,0
-0.01767,0.5927,0.066,0.1182,-0.01134,0.1703,48.89,1
-0.00868,0.1624,0.0482,0.0445,-0.00789,0.0808,18.27,0
0.00114,0.1799,0.0548,0.0587,0.00235,0.047,11.05,0
-0.00895,0.1365,0.0377,0.0658,0.00613,0.0519,16.17,0
0.00235,0.1238,0.0414,0.0453,0.00619,0.0671,18.29,0
-0.01577,0.1026,0.0461,0.0485,0.00402,0.0719,12.81,0
0.01296,0.1772,0.0379,0.0307,0.00114,0.0589,16.76,0
-0.00777,0.1462,0.0502,0.0396,-0.00312,0.064,13.13,0
0.00327,0.3621,0.0609,0.1743,-0.00585,0.1842,56.56,1
-0.00016,0.5547,0.0618,0.1748,-0.00612,0.1721,29.85,1
0.00677,0.1329,0.0378,0.0433,0.00245,0.0406,15.42,0
0.00939,0.1237,0.0347,0.0351,0.00201,0.0676,14.31,0
-0.00292,0.1636,0.063,0.0321,0.00072,0.0577,20.29,0
0.00299,0.1489,0.0457,0.0521,0.00108,0.0539,21.63,0
-0.00049,0.1199,0.0497,0.0627,-0.0054,0.0401,18.91,0
-0.00394,0.1614,0.051,0.062,0.00344,0.0632,17.53,0
0.03554,0.3128,0.0715,0.1939,5e-05,0.1461,58.42,1
-0.00689,0.1564,0.0504,0.0365,0.00351,0.0695,17.68,0
-0.01887,0.3602,0.0698,0.1035,-0.01799,0.1265,54.71,1
0.00037,0.1515,0.044,0.0613,-0.00045,0.0836,19.62,0
-0.00614,0.1197,0.0448,0.0459,0.0017,0.067,19.63,0
0.00742,0.1276,0.0483,0.0528,-0.00163,0.0555,16.86,0
-0.00729,0.1292,0.0347,0.033,0.00166,0.0511,15.77,0
0.00172,0.1663,0.0508,0.0435,0.00455,0.0639,20.47,0
0.01581,0.1734,0.0261,0.047,0.00011,0.0837,16.82,0
0.00503,0.1159,0.0373,0.0498,0.00061,0.0838,20.16,0
-0.00071,0.1356,0.0409,0.0497,-0.00273,0.0763,15.05,0
-0.00743,0.1555,0.0473,0.0562,0.00483,0.0841,21.44,0
-0.01265,0.1418,0.0483,0.0395,-0.00017,0.042,16.71,0
0.00044,0.1032,0.0527,0.0621,-0.00195,0.0636,16.36,0
-0.01877,0.4308,0.085,0.2146,-0.01024,0.2931,58.93,1
0.07744,0.2688,0.0455,0.115,-0.00302,0.1453,44.16,1
0.0043,0.1642,0.0394,0.0571,-0.00649,0.0577,21.87,0
-0.00374,0.1679,0.0389,0.0595,-3e-05,0.0501,20.51,0
0.01328,0.1152,0.0511,0.0473,5e-05,0.0462,12.6,0
0.00587,0.1056,0.0514,0.0319,0.00395,0.0604,20.24,0
-0.00603,0.1246,0.0498,0.0623,-0.00524,0.0425,15.46,0
0.0132,0.1684,0.0413,0.0404,-0.00248,0.0664,14.82,0
0.00424,0.1783,0.0349,0.0436,0.00034,0.0707,14.93,0
0.00515,0.1374,0.0411,0.062,0.00401,0.0723,21.92,0
0.00267,0.1602,0.043,0.0523,0.00643,0.0574,19.38,0
-5e-05,0.1752,0.0412,0.0428,0.00454,0.0481,19.87,0
-0.01164,0.1384,0.0455,0.0362,0.00087,0.0478,17.65,0
0.01133,0.1584,0.0443,0.0479,-0.0005,0.086,19.78,0
-0.00434,0.1198,0.0497,0.0308,0.0049,0.0517,14.28,0
0.00707,0.1747,0.0479,0.0331,-0.00506,0.0566,15.42,0
-0.01992,0.2766,0.1315,0.0971,-0.03045,0.1382,30.39,1
0.07391,0.3765,0.0822,0.1283,-0.01362,0.3122,60.54,1
0.00789,0.1338,0.0396,0.0429,-0.00015,0.0536,17.12,0
-0.00202,0.1055,0.041,0.0344,-0.00017,0.0853,14.9,0
0.00247,0.1011,0.0362,0.0583,-0.00265,0.0615,12.65,0
4e-05,0.1476,0.0432,0.0591,0.00642,0.0867,12.61,0
0.00638,0.1727,0.0481,0.0656,-0.00154,0.0701,16.1,0
0.00946,0.1155,0.0544,0.0433,0.00117,0.055,21.0,0
-0.00253,0.1634,0.0569,0.0357,0.00327,0.0717,17.6,0
-0.04045,0.2786,0.106,0.2009,0.00488,0.3082,56.91,1
-0.01051,0.1704,0.0451,0.051,0.00247,0.0634,12.76,0
0.01144,0.1386,0.0439,0.0615,-0.00304,0.062,11.68,0
-0.00303,0.5571,0.0483,0.0982,-0.01028,0.1988,48.72,1
0.01269,0.1517,0.0487,0.0497,-0.00619,0.0572,21.73,0
0.00714,0.1754,0.0326,0.057,0.00645,0.0572,15.6,0
-0.01235,0.4347,0.0876,0.2034,0.01553,0.1358,42.63,1
0.01004,0.1699,0.0399,0.0567,0.00495,0.0565,18.98,0
-0.01041,0.4796,0.0557,0.213,-0.0071,0.3112,29.98,1
-0.00801,0.1256,0.0418,0.0375,0.00468,0.0413,17.23,0
0.0037,0.1171,0.0499,0.0438,-0.00387,0.0417,13.66,0
0.00388,0.1001,0.0464,0.0421,-0.00154,0.0768,20.22,0
0.00649,0.2838,0.097,0.1772,-0.02052,0.2028,43.75,1
-0.00807,0.1684,0.0487,0.0545,0.00589,0.0481,15.01,0
0.0121,0.1265,0.0305,0.0352,0.00672,0.0828,11.21,0
0.00511,0.1407,0.0373,0.0458,0.00543,0.0502,11.01,0
0.03031,0.2936,0.0946,0.158,0.00637,0.3076,57.91,1
-0.01182,0.1675,0.0384,0.0635,-0.00729,0.0409,13.9,0
0.01906,0.1572,0.0567,0.0573,-0.00014,0.0784,18.47,0
-0.00781,0.123,0.0492,0.0431,-0.00296,0.0705,18.21,0
-0.01554,0.4241,0.0812,0.1934,0.01466,0.1658,44.96,1
-0.00678,0.1255,0.0384,0.0531,0.00452,0.0782,16.72,0
0.00532,0.1064,0.0574,0.054,-0.00374,0.0742,15.21,0
0.06481,0.2802,0.0604,0.1752,-0.02013,0.2271,42.9,1
-0.0204,0.1743,0.05,0.0376,0.00716,0.072,14.0,0
0.00951,0.1132,0.04,0.068,0.00118,0.0723,18.5,0
-0.00878,0.1153,0.0502,0.0422,-0.00607,0.0749,12.14,0
-0.00273,0.1325,0.0496,0.0688,-0.00589,0.0633,14.61,0
0.01509,0.1734,0.0468,0.0433,0.006,0.0893,14.71,0
0.00072,0.1449,0.043,0.0485,0.00448,0.0742,14.11,0
-0.0101,0.1189,0.0378,0.0354,0.00393,0.0436,12.1,0
0.00231,0.1473,0.0455,0.0589,0.00037,0.0814,18.05,0
-0.00217,0.4424,0.0757,0.1742,-0.01749,0.2046,42.32,1
0.00012,0.1491,0.0405,0.0527,-0.00131,0.0823,15.96,0
0.00053,0.1285,0.0541,0.0678,0.00717,0.0671,18.09,0
-0.00519,0.1279,0.0483,0.0401,-0.00073,0.0499,18.13,0
-0.01144,0.1692,0.045,0.035,-0.00216,0.0737,16.7,0
0.00428,0.1414,0.0483,0.0454,0.00365,0.0631,19.44,0
-0.00501,0.1294,0.0451,0.0581,0.00894,0.0626,13.52,0
-0.00743,0.1507,0.0445,0.0425,-0.00529,0.0763,12.19,0
0.00143,0.5083,0.0844,0.1742,0.0029,0.2658,63.97,1
-0.00842,0.1646,0.0488,0.0494,0.00148,0.0637,14.11,0
0.00496,0.5741,0.0824,0.1474,0.00017,0.1789,44.99,1
0.01854,0.1782,0.045,0.0485,0.00223,0.0892,14.78,0
-0.0048,0.1608,0.0316,0.0668,0.00206,0.0673,17.1,0
0.03742,0.557,0.0721,0.1714,-0.01424,0.1478,56.57,1
-0.01147,0.4003,0.0772,0.1791,0.01259,0.3057,33.94,1
-0.00489,0.1749,0.0475,0.0628,7e-05,0.0536,11.21,0
0.01288,0.1367,0.0512,0.0324,0.00053,0.0865,11.15,0
0.00321,0.1475,0.0262,0.0527,0.00198,0.0872,19.93,0
-0.00209,0.147,0.0474,0.0631,0.00283,0.0565,21.74,0
0.00913,0.1066,0.0515,0.0372,-0.00121,0.051,12.96,0
0.00652,0.1245,0.0385,0.0365,-0.00338,0.0644,13.65,0
0.01268,0.1572,0.0466,0.0543,0.00024,0.0849,14.44,0
0.03161,0.381,0.0848,0.0959,0.01193,0.1872,31.2,1
-0.01241,0.1312,0.0319,0.0544,-0.00323,0.0808,17.0,0
0.00044,0.143,0.0515,0.0354,-0.0032,0.0665,17.46,0
-0.01059,0.1749,0.043,0.0589,0.00179,0.07,19.24,0
-0.0022,0.157,0.0519,0.0336,0.0006,0.0712,12.35,0
0.00288,0.1285,0.0383,0.0586,0.00078,0.0892,11.87,0
-0.0037,0.1522,0.0481,0.057,0.00516,0.044,18.62,0
-0.00463,0.1334,0.043,0.038,-0.00173,0.063,11.02,0
-0.00401,0.162,0.0512,0.0385,-0.00038,0.063,18.56,0
-0.00893,0.1746,0.0379,0.0582,-0.00439,0.0617,18.28,0
-0.01318,0.1375,0.0413,0.0655,-0.00464,0.0407,19.25,0
-0.02606,0.3702,0.0738,0.1678,0.01464,0.1997,63.82,1
-0.00596,0.1336,0.0314,0.0661,0.0029,0.0445,21.1,0
0.00819,0.5281,0.0493,0.15,0.00157,0.1681,44.57,1
-0.00494,0.1402,0.0452,0.0463,0.00302,0.0714,11.14,0
2e-05,0.1334,0.0305,0.032,-0.00131,0.0805,14.6,0
0.00889,0.1405,0.043,0.0454,-0.00621,0.0567,15.4,0
0.01051,0.495,0.0781,0.1193,-0.01598,0.2385,59.22,1
-0.00248,0.1255,0.0484,0.0314,0.00139,0.0833,14.01,0
0.01425,0.1498,0.05,0.0432,0.00692,0.0739,17.65,0
0.01873,0.5472,0.051,0.1755,-0.02506,0.2053,53.28,1
-0.00078,0.1703,0.0607,0.0348,0.00518,0.0589,19.76,0
-0.00048,0.5385,0.1009,0.1204,-0.02464,0.3013,34.68,1
-0.01144,0.1434,0.0538,0.0503,0.00302,0.0423,15.77,0
-0.00765,0.4694,0.0947,0.1811,-0.00407,0.3029,28.57,1
-0.01704,0.132,0.0544,0.0343,0.00033,0.0559,20.16,0
-0.03195,0.2521,0.0537,0.1849,-0.00386,0.1241,51.21,1
0.00914,0.179,0.0444,0.0486,-0.00325,0.0581,19.72,0
-0.00305,0.1781,0.056,0.0498,0.00793,0.0775,21.09,0
0.01724,0.1212,0.0501,0.0687,-0.00197,0.0649,15.93,0
-0.02509,0.1213,0.053,0.0489,0.0011,0.0868,11.51,0
-0.01768,0.1522,0.0506,0.0306,-0.00357,0.0798,14.63,0
-0.02151,0.6437,0.0617,0.1467,0.00377,0.254,61.95,1
0.01213,0.1111,0.0445,0.0619,0.00088,0.0866,17.59,0
-0.00087,0.1478,0.0465,0.0427,-0.00246,0.064,15.08,0
-0.01279,0.1564,0.0637,0.062,-0.00334,0.0415,15.8,0
-0.01096,0.1675,0.0391,0.0655,-0.00854,0.0724,11.98,0
-0.01303,0.462,0.0549,0.181,0.00887,0.2209,49.56,1
0.01382,0.1646,0.0502,0.0406,0.00269,0.0881,19.97,0
-0.00143,0.124,0.0366,0.061,0.00198,0.0406,21.91,0
0.00805,0.1069,0.0529,0.0556,0.00114,0.0473,19.78,0
0.00276,0.1584,0.0564,0.0403,-0.00161,0.0762,20.83,0
0.02036,0.1578,0.0496,0.041,-0.00084,0.0756,18.22,0
0.00931,0.1102,0.0397,0.0622,0.00171,0.0596,14.33,0
0.0001,0.1067,0.0495,0.0621,-0.00387,0.0838,14.24,0
-0.00308,0.1788,0.0398,0.0645,-0.00597,0.0585,16.77,0
0.00243,0.1551,0.0378,0.057,0.00267,0.0418,21.83,0
-0.00094,0.1007,0.0513,0.0486,-0.00507,0.0871,12.89,0
-0.00243,0.1507,0.046,0.0429,-0.00382,0.0513,11.35,0
0.00627,0.1441,0.0424,0.038,0.00242,0.0634,14.76,0
-0.0001,0.1749,0.0421,0.0352,0.0033,0.0407,18.88,0
-0.00202,0.161,0.04,0.0587,0.00234,0.0463,11.9,0
-0.00528,0.4052,0.0809,0.1327,-0.02445,0.2459,30.69,1
-0.00406,0.1375,0.0457,0.0434,-0.00516,0.0463,11.14,0
-0.00675,0.1544,0.0323,0.0607,0.0041,0.0849,11.43,0
0.02278,0.5271,0.0754,0.192,0.01069,0.1473,39.97,1
0.00212,0.126,0.0501,0.044,-0.00147,0.077,19.27,0
-0.00734,0.1578,0.0602,0.0334,-0.00426,0.0494,17.49,0
0.04313,0.3526,0.0591,0.1453,-0.02579,0.299,37.55,1
0.00896,0.1561,0.0453,0.0457,-0.00312,0.0545,11.5,0
-0.02865,0.1002,0.0342,0.0439,-0.00382,0.0425,11.57,0
-0.0026,0.1071,0.0468,0.0622,0.00761,0.0507,20.61,0
0.01935,0.6226,0.0644,0.1999,-0.00959,0.266,30.86,1
-0.02143,0.1444,0.0442,0.0366,0.00115,0.0656,19.22,0
0.00799,0.101,0.0298,0.0651,-0.0025,0.0644,12.76,0
0.00621,0.1314,0.0447,0.0398,-0.00134,0.0426,14.72,0
-0.00379,0.1231,0.0506,0.0668,0.00103,0.0723,15.32,0
0.00793,0.1063,0.0386,0.0682,0.00054,0.0702,20.8,0
-0.01716,0.1766,0.0344,0.0546,-0.0075,0.0537,14.57,0
0.01322,0.1257,0.0495,0.0647,0.0067,0.0622,13.44,0
0.00567,0.1701,0.0392,0.0468,-0.00276,0.0831,15.79,0
-0.00711,0.1627,0.0312,0.0475,-0.00014,0.0622,14.55,0
0.02093,0.1483,0.0473,0.0363,-0.00237,0.0726,16.31,0
0.017,0.1673,0.0412,0.0341,0.0075,0.044,13.89,0
0.02504,0.2966,0.082,0.109,0.01271,0.2988,33.55,1
-0.00566,0.1645,0.0432,0.0673,-0.00258,0.0702,11.6,0
-0.00427,0.1367,0.0506,0.0339,0.00039,0.0748,16.7,0
-0.0027,0.1101,0.038,0.0515,0.00524,0.0438,16.71,0
0.01386,0.1284,0.0478,0.0507,-0.00084,0.0498,16.03,0
-0.00018,0.1417,0.0499,0.0402,-0.00364,0.0465,15.78,0
0.01908,0.1028,0.0445,0.0647,-0.00162,0.0601,20.17,0
0.00869,0.5752,0.0785,0.097,0.01309,0.2787,36.51,1
-0.00753,0.105,0.0547,0.0529,0.00408,0.072,13.6,0
0.01703,0.1347,0.0389,0.0578,0.0057,0.0705,18.91,0
0.00044,0.1675,0.0486,0.0457,-0.00012,0.0565,13.71,0
-0.00023,0.14,0.0377,0.0408,-0.00141,0.0619,17.53,0
0.03281,0.4065,0.0616,0.1146,0.00117,0.3158,30.78,1
0.00422,0.1692,0.0559,0.0586,-0.00488,0.0502,16.19,0
-0.00566,0.1351,0.0455,0.0534,-0.00188,0.0568,21.55,0
0.00688,0.1317,0.0266,0.0599,-0.00559,0.0444,20.31,0
0.00667,0.1473,0.0447,0.0686,0.00234,0.0415,12.8,0
0.00352,0.1583,0.046,0.0473,-0.00397,0.0731,11.03,0
-0.02079,0.1689,0.0473,0.0601,-0.00085,0.0864,14.02,0
-0.00374,0.1595,0.032,0.0477,-0.00374,0.0524,12.52,0
0.00298,0.1389,0.0449,0.0557,0.00177,0.0807,11.01,0
0.01126,0.1488,0.0508,0.0524,-0.0022,0.0585,13.04,0
0.02526,0.2404,0.081,0.1824,-0.00478,0.2706,48.72,1
0.01096,0.1574,0.0457,0.0601,-0.00287,0.0849,16.39,0
0.01381,0.129,0.0591,0.0636,-0.00046,0.0486,21.27,0
0.00189,0.1147,0.0375,0.0377,0.00307,0.0627,16.53,0
0.00816,0.1356,0.0394,0.0322,-0.01182,0.0426,17.87,0
-0.01853,0.1607,0.0491,0.0543,-1e-05,0.081,13.06,0
-0.02215,0.3517,0.1094,0.1203,-0.00335,0.2455,46.59,1
0.01356,0.1723,0.0305,0.0589,-0.00464,0.0504,16.91,0
0.0209,0.3433,0.0382,0.1496,0.01394,0.1468,49.67,1
-0.00044,0.1048,0.0241,0.0317,0.00468,0.0789,12.76,0
-0.0115,0.1164,0.0368,0.0341,-0.00264,0.0815,16.6,0
-0.00843,0.1339,0.0378,0.0659,0.00084,0.0792,16.22,0
0.00826,0.1255,0.0477,0.0633,-0.00031,0.0534,11.44,0
-0.00264,0.1442,0.0499,0.049,0.0029,0.0528,15.75,0
0.00512,0.1053,0.0386,0.0649,-0.00162,0.0552,20.26,0
0.00292,0.1011,0.0445,0.0498,0.00558,0.0564,14.88,0
0.00512,0.124,0.0413,0.0465,-0.00553,0.0437,19.65,0
-0.00886,0.1356,0.0404,0.0687,-0.00657,0.0523,14.37,0
-0.01025,0.1536,0.0419,0.0458,0.0001,0.0803,21.46,0
0.0367,0.5863,0.0555,0.1167,-0.00359,0.3116,41.47,1
-0.00195,0.1452,0.0374,0.0307,-0.00105,0.0614,18.06,0
0.01883,0.4386,0.0955,0.2125,0.0024,0.1205,53.69,1
0.00936,0.138,0.0517,0.0313,-0.00633,0.0829,16.39,0
0.00302,0.1418,0.0404,0.0645,0.00937,0.0778,12.47,0
-0.00582,0.3449,0.0759,0.117,-0.0069,0.1226,42.97,1
0.0109,0.1327,0.0433,0.0362,0.00413,0.0501,16.41,0
-0.00609,0.1143,0.0459,0.0472,0.00568,0.062,20.96,0
0.0038,0.5379,0.0684,0.1847,-0.019,0.2393,49.63,1
0.01624,0.2932,0.0426,0.1122,-0.0074,0.2614,35.78,1
0.01553,0.5895,0.092,0.2163,-0.03386,0.2468,42.81,1
0.01531,0.129,0.0376,0.0402,0.00138,0.067,20.53,0
0.00476,0.2465,0.1349,0.129,0.00663,0.2546,50.81,1
0.00305,0.1213,0.0478,0.059,-0.0004,0.0424,20.1,0
0.01046,0.1448,0.0517,0.048,0.00038,0.0692,11.07,0
-0.00039,0.1539,0.0292,0.033,-0.00425,0.0496,19.23,0
0.00372,0.1563,0.062,0.0387,-0.0002,0.0886,14.36,0
0.02453,0.2474,0.0491,0.1891,-0.00742,0.1469,41.44,1
-0.01234,0.5545,0.0677,0.1058,-0.01493,0.2776,52.68,1
0.003,0.133,0.038,0.0663,0.00359,0.0407,18.99,0
-0.00149,0.1145,0.0444,0.0646,-0.00289,0.0754,17.08,0
-0.01455,0.1096,0.035,0.0617,-0.00213,0.0848,19.88,0
0.01908,0.1652,0.0399,0.055,0.00239,0.0743,17.49,0
-0.00305,0.176,0.0535,0.047,-0.00536,0.0896,17.29,0
-0.0173,0.1573,0.0407,0.0531,-0.00226,0.0544,14.3,0
0.01896,0.6177,0.0921,0.2059,0.00705,0.2204,50.95,1
0.00893,0.4333,0.0812,0.1437,-0.02181,0.2145,65.04,1
0.00129,0.1153,0.0511,0.0615,0.00458,0.0822,13.35,0
-0.00598,0.1582,0.0543,0.0652,-0.00142,0.0537,13.18,0
0.00608,0.1114,0.0315,0.0443,0.00079,0.0709,19.35,0
-0.00527,0.1348,0.0229,0.032,-0.00106,0.0585,13.06,0
-0.00454,0.1427,0.0394,0.0598,-0.0073,0.0698,14.11,0
0.00082,0.117,0.0499,0.041,-0.00105,0.054,17.84,0
0.00105,0.1196,0.034,0.0388,0.00226,0.0519,20.43,0
-0.00609,0.1392,0.034,0.0455,0.00333,0.082,16.04,0
-0.00144,0.1659,0.0392,0.0444,0.00614,0.0535,16.44,0
-0.00923,0.1392,0.0426,0.0524,-0.00023,0.0547,19.03,0
0.00599,0.1423,0.0322,0.0335,-0.00022,0.0582,13.79,0
-0.01561,0.1281,0.0529,0.0437,0.00169,0.048,12.35,0
-0.00089,0.1154,0.0471,0.0659,-0.00209,0.0637,20.39,0
0.01483,0.1438,0.0468,0.0352,-0.00405,0.0608,11.83,0
0.00032,0.1229,0.0538,0.0593,0.00086,0.0633,11.07,0
-0.00562,0.1055,0.0584,0.0465,-0.00474,0.0504,20.75,0
0.00872,0.1181,0.048,0.0541,-0.00315,0.071,12.85,0
0.0251,0.5159,0.0949,0.1363,-0.00842,0.1236,37.6,1
0.01451,0.1448,0.0501,0.0611,0.00427,0.0878,19.89,0
-0.00995,0.1526,0.0262,0.0567,-0.001,0.0457,21.91,0
0.02363,0.5048,0.0916,0.1083,-0.01545,0.2769,31.7,1
-0.00964,0.2683,0.0691,0.1941,-0.01316,0.1355,32.48,1
-0.00433,0.1352,0.0351,0.0364,-0.00054,0.0745,21.82,0
0.00418,0.112,0.0331,0.0593,-0.00244,0.0551,19.25,0
0.0074,0.1009,0.0482,0.0602,-0.00521,0.0527,17.58,0
-0.029,0.6264,0.0538,0.1598,0.00451,0.2879,57.73,1
0.01354,0.1546,0.0419,0.0613,-0.00632,0.0579,17.77,0
0.04593,0.515,0.0791,0.2034,-0.03079,0.1932,43.1,1
-0.01029,0.1764,0.0421,0.0366,-0.00379,0.087,18.38,0
-0.0099,0.108,0.0443,0.0465,-0.00169,0.0748,17.9,0
0.00388,0.5586,0.0627,0.1642,0.02157,0.3025,33.12,1
-0.00326,0.1548,0.0427,0.045,-0.00398,0.0779,15.85,0
-0.00345,0.1793,0.0372,0.0663,0.00171,0.0436,18.38,0
0.01506,0.1718,0.0456,0.053,-0.00431,0.0654,18.43,0
-0.00199,0.1351,0.0376,0.0457,0.00345,0.0843,21.77,0
0.02879,0.4601,0.0754,0.2043,0.00496,0.2381,29.78,1
0.01249,0.1424,0.0456,0.0656,-0.00277,0.0843,11.89,0
-0.00534,0.1726,0.0409,0.0381,0.00349,0.0507,15.23,0
-0.00241,0.1519,0.0422,0.0485,0.00402,0.0816,14.11,0
0.04868,0.2421,0.0779,0.2106,-0.00825,0.2827,30.41,1
0.00954,0.1448,0.0445,0.037,-0.00611,0.0868,15.18,0
-0.00455,0.1092,0.0454,0.0452,0.00688,0.0705,11.22,0
-0.00221,0.5945,0.0432,0.0921,-0.00208,0.1836,66.96,1
-0.01523,0.1617,0.0397,0.053,0.00259,0.0788,19.41,0
-0.00879,0.1178,0.0452,0.0647,0.00979,0.0789,17.46,0
-0.00511,0.1272,0.0559,0.0621,0.00544,0.0475,14.65,0
-0.0178,0.4781,0.0746,0.2106,-0.00079,0.2552,46.5,1
0.00279,0.1129,0.0585,0.0368,-0.00379,0.052,17.8,0
0.01865,0.1477,0.0563,0.0677,-0.00525,0.0874,12.09,0
-0.03397,0.6221,0.0847,0.1986,-0.00326,0.3182,45.75,1
0.01291,0.1141,0.0506,0.0451,-0.00226,0.0503,16.44,0
0.01246,0.1017,0.0473,0.0689,-0.00092,0.0853,16.72,0
-0.00401,0.165,0.0558,0.0594,-0.00561,0.0852,16.38,0
0.00795,0.1268,0.0438,0.0388,-0.00096,0.0807,14.22,0
-0.01158,0.1663,0.0469,0.0337,0.00087,0.0488,16.06,0
-0.00195,0.5504,0.0634,0.0925,-0.02284,0.2842,34.9,1
-0.0065,0.1234,0.0428,0.0575,0.00372,0.0427,13.56,0
0.01884,0.119,0.0471,0.0487,-0.00046,0.0832,11.4,0
-0.00426,0.1129,0.0344,0.0405,0.00216,0.0431,13.75,0
-0.0204,0.2654,0.09,0.1481,0.0118,0.2339,29.29,1
-7e-05,0.1359,0.0371,0.0389,-0.00383,0.043,16.31,0
0.00837,0.123,0.0509,0.0452,-0.00073,0.0645,12.06,0
-0.01319,0.1062,0.0383,0.0603,-0.00289,0.0689,17.42,0
0.00305,0.1043,0.0508,0.0308,0.00175,0.0664,16.38,0
0.00151,0.1758,0.042,0.0435,0.00717,0.0751,19.64,0
0.0005,0.1356,0.04,0.0438,0.00508,0.0861,20.25,0
-0.04803,0.6027,0.0532,0.1695,-0.01781,0.3141,65.02,1
-0.00698,0.1656,0.0393,0.0553,-0.00162,0.0844,11.71,0
-0.0039,0.1126,0.0488,0.0673,-0.00883,0.0582,18.9,0
-0.01018,0.1744,0.0517,0.041,-0.00399,0.0412,11.69,0
0.01051,0.1065,0.0402,0.064,-0.00443,0.0602,15.04,0
0.00845,0.1785,0.0407,0.0533,-0.00021,0.0467,21.23,0
0.00764,0.4908,0.0464,0.0925,-0.01412,0.1971,53.28,1
0.0121,0.1376,0.0419,0.0519,-0.00209,0.0643,21.18,0
-0.00926,0.1144,0.0414,0.049,-0.00147,0.0434,12.59,0
0.0083,0.2732,0.0466,0.1221,-0.00224,0.2701,58.78,1
-0.01813,0.1029,0.0374,0.053,-0.00445,0.0593,16.63,0
0.00572,0.1055,0.0529,0.0434,0.00303,0.0449,13.95,0
0.00895,0.161,0.0593,0.0416,-0.0039,0.0777,12.07,0
0.00341,0.1473,0.0574,0.041,-0.00108,0.0448,12.08,0
0.01182,0.1209,0.0366,0.0329,0.00691,0.0756,19.15,0
-0.00264,0.1365,0.0719,0.05,-0.00162,0.0574,15.62,0
0.00721,0.1221,0.044,0.0423,-0.00026,0.08,20.56,0
-0.00467,0.124,0.0418,0.0325,-0.00293,0.0457,11.94,0
-0.00251,0.1248,0.053,0.0683,0.00253,0.0544,15.85,0
-0.00538,0.3117,0.0753,0.1515,-0.00353,0.1961,41.68,1
-0.00195,0.1008,0.0476,0.0666,0.00517,0.0894,16.27,0
0.01135,0.1725,0.0371,0.0491,0.00387,0.0475,18.99,0
-0.00248,0.1286,0.0554,0.0483,0.00169,0.0462,12.33,0
-0.05082,0.3775,0.1041,0.1576,0.00845,0.2835,31.43,1
0.01738,0.1228,0.0442,0.048,-0.00173,0.0715,11.75,0
0.01228,0.168,0.0421,0.0409,0.00284,0.079,16.63,0
0.00316,0.1189,0.0371,0.0302,0.00189,0.0847,18.61,0
0.01255,0.1294,0.0544,0.0397,0.00089,0.0524,13.29,0
0.00071,0.1717,0.0377,0.0463,0.00358,0.0669,15.7,0
-0.01027,0.168,0.0455,0.0355,-0.00024,0.0891,16.32,0
0.00825,0.1113,0.0525,0.0332,-0.00241,0.0693,20.51,0
0.01166,0.1632,0.0409,0.0455,-0.00414,0.077,12.62,0
-0.00203,0.1325,0.0436,0.0493,-0.00528,0.0411,20.7,0
0.0031,0.1331,0.0534,0.0521,0.00106,0.0648,21.91,0
0.02977,0.2987,0.0358,0.1317,0.00356,0.1206,59.92,1
0.00344,0.3183,0.0713,0.1762,-0.02521,0.2706,67.71,1
0.01743,0.1229,0.0386,0.0524,0.00743,0.0435,13.84,0
-0.00985,0.1727,0.0422,0.0519,0.00163,0.058,18.99,0
0.00425,0.1534,0.0389,0.0522,-0.00233,0.0771,14.6,0
0.00383,0.1006,0.0487,0.0466,-0.00131,0.0758,19.04,0
-0.04956,0.303,0.1034,0.1072,-0.02862,0.2401,46.61,1
0.00332,0.1422,0.0454,0.0594,-0.00566,0.0413,11.34,0
0.01196,0.1552,0.0373,0.0497,0.00152,0.0428,18.08,0
5e-05,0.1767,0.0389,0.0691,-0.00119,0.0539,17.88,0
-0.01825,0.4454,0.0889,0.1334,-0.02269,0.1285,35.2,1
-0.00928,0.1034,0.0456,0.0594,-0.00411,0.0583,13.76,0
0.00176,0.1547,0.0313,0.047,-0.00495,0.0605,14.14,0
0.00525,0.1094,0.0539,0.0608,0.00162,0.055,15.69,0
0.00012,0.1216,0.037,0.0495,0.00637,0.0526,16.31,0
-0.00857,0.1003,0.0529,0.0523,0.00011,0.0765,12.49,0
0.00462,0.1251,0.0326,0.0313,0.00111,0.047,11.93,0
-0.02275,0.1382,0.0358,0.0621,0.0003,0.0725,13.87,0
-0.00086,0.5114,0.0683,0.19,0.01164,0.2764,29.67,1
0.00616,0.1592,0.0377,0.0401,0.00319,0.0496,19.67,0
0.00985,0.1492,0.036,0.0657,-0.00604,0.0758,21.72,0
-0.00923,0.1772,0.0652,0.0406,-0.00514,0.0744,19.53,0
0.01754,0.1433,0.0485,0.0435,0.00583,0.0461,16.63,0
-0.04051,0.5923,0.0816,0.1472,0.00714,0.2661,32.7,1
-0.00749,0.1476,0.0452,0.0422,0.00058,0.0567,13.39,0
0.00772,0.1715,0.0483,0.0462,-0.0021,0.0653,16.02,0
-0.00529,0.1494,0.0446,0.0513,-0.00252,0.0715,15.3,0
-0.00496,0.1702,0.0532,0.0395,-0.00144,0.0662,15.88,0
0.01597,0.2634,0.086,0.1334,0.00839,0.2209,48.99,1
0.00555,0.164,0.0496,0.0458,0.00179,0.0441,14.29,0
0.00162,0.1048,0.0368,0.0698,0.00757,0.0676,15.55,0
0.00036,0.1656,0.045,0.0571,-0.00058,0.0593,21.04,0
-0.01652,0.1335,0.0369,0.0661,-0.00094,0.0873,11.09,0
0.00067,0.1456,0.0562,0.05,0.00827,0.0594,16.72,0
-0.0048,0.1173,0.0464,0.036,-0.00688,0.0403,11.76,0
-0.00653,0.2966,0.0705,0.0913,-0.0183,0.1324,56.09,1
-0.00288,0.1664,0.0427,0.0356,-0.00619,0.0555,14.33,0
0.00398,0.1789,0.0391,0.0465,0.00408,0.0546,18.17,0
-0.0091,0.1671,0.0406,0.0617,-0.00384,0.0502,13.02,0
0.02195,0.5152,0.0693,0.1999,-0.01796,0.2246,41.12,1
0.00231,0.1763,0.0518,0.0522,0.00019,0.0527,11.3,0
-0.0068,0.1474,0.0611,0.0444,-0.00522,0.0403,12.2,0
0.0288,0.5636,0.0735,0.2023,0.00199,0.3152,47.1,1
-0.00173,0.1699,0.0488,0.058,0.00542,0.077,11.65,0
-0.00331,0.1519,0.0475,0.0478,-0.00632,0.0878,15.58,0
0.00285,0.1671,0.0207,0.0498,-0.00063,0.0588,14.02,0
-0.01889,0.1535,0.046,0.0605,0.00123,0.0702,21.62,0
0.00691,0.5239,0.0594,0.1888,0.001,0.243,49.88,1
0.01583,0.1767,0.0561,0.069,0.00495,0.0877,20.17,0
0.00289,0.1099,0.0487,0.0523,-0.00154,0.0745,14.23,0
0.00538,0.1627,0.049,0.0535,-0.00172,0.0844,12.8,0
-0.03641,0.4703,0.0677,0.1395,0.00108,0.2878,43.44,1
-0.01813,0.6373,0.0698,0.1624,-0.00234,0.2709,45.03,1
0.00793,0.1717,0.0373,0.0418,-0.00501,0.0494,18.89,0
-0.0093,0.1664,0.0377,0.0431,-0.00427,0.0846,19.56,0
0.00165,0.5874,0.0667,0.2119,-0.008,0.3197,54.42,1
-0.00742,0.1784,0.0484,0.0441,0.00378,0.0475,14.65,0
-0.00485,0.162,0.0558,0.0409,-0.00516,0.0572,18.09,0
0.04907,0.4887,0.0785,0.1386,-0.01578,0.259,58.58,1
0.00277,0.178,0.0497,0.0675,0.00267,0.084,17.59,0
0.00069,0.1189,0.0439,0.0653,-0.00297,0.0591,14.74,0
0.01385,0.1167,0.0385,0.04,0.00026,0.0639,17.36,0
-0.00158,0.1591,0.0519,0.068,5e-05,0.0899,21.02,0
-0.03148,0.5749,0.065,0.1538,0.00759,0.1729,58.62,1
-0.01161,0.1693,0.0454,0.032,-0.00452,0.0591,13.3,0
-0.00993,0.4246,0.0815,0.0934,-0.0112,0.2036,62.88,1
0.00148,0.1515,0.0461,0.049,-0.0051,0.0863,20.63,0
0.00549,0.6113,0.1006,0.121,0.00554,0.2402,56.8,1
0.00433,0.1215,0.037,0.0358,0.00283,0.085,11.35,0
0.00265,0.1206,0.0501,0.0594,0.00148,0.0411,14.7,0
-0.00039,0.1645,0.0607,0.0365,-0.0027,0.0624,19.96,0
0.00243,0.1194,0.054,0.0316,0.00857,0.0525,14.1,0
-0.0191,0.1617,0.0455,0.0678,-0.00793,0.0599,16.56,0
0.014,0.1718,0.0445,0.0579,0.0029,0.0585,19.18,0
0.0073,0.132,0.04,0.0627,-0.00576,0.0834,15.54,0
0.00185,0.1102,0.052,0.042,-0.00396,0.0634,12.49,0
0.00109,0.1192,0.0468,0.0675,0.00409,0.0422,20.79,0
-0.00548,0.1442,0.0427,0.0411,-0.0055,0.0791,15.29,0
0.01148,0.1075,0.0354,0.0433,-0.00156,0.0516,20.55,0
-0.00494,0.1481,0.0449,0.0674,0.00423,0.0453,18.41,0
-0.01055,0.1558,0.0401,0.0687,-0.00025,0.0883,20.69,0
-0.03748,0.5476,0.0712,0.1915,0.02774,0.1275,39.67,1
0.00825,0.1638,0.0606,0.0416,-0.00238,0.0597,19.66,0
-0.00848,0.1343,0.0366,0.053,-0.00415,0.0438,19.38,0
-0.00098,0.1437,0.0385,0.0426,0.00111,0.0846,16.82,0
0.00504,0.1305,0.054,0.0584,0.00153,0.0778,18.15,0
0.01014,0.1224,0.0387,0.0605,0.00143,0.0457,18.27,0
-0.00125,0.1329,0.0452,0.0655,0.00622,0.0611,21.36,0
-0.01164,0.1525,0.0485,0.0562,-0.00279,0.08,21.31,0
-0.02227,0.2588,0.0754,0.1008,0.01426,0.2317,65.55,1
0.00139,0.1297,0.0472,0.0362,2e-05,0.0773,18.99,0
-0.01337,0.1664,0.0433,0.06,-0.00131,0.052,13.92,0
0.01237,0.1608,0.0469,0.0577,0.00045,0.0897,13.98,0
0.00894,0.1248,0.0445,0.056,0.00135,0.0777,11.67,0
-0.0264,0.474,0.0518,0.1792,0.02825,0.1653,41.51,1
0.00473,0.1075,0.0563,0.0626,0.00061,0.0776,17.89,0
-0.03819,0.4745,0.0889,0.143,-0.01232,0.3016,39.92,1
0.00203,0.1195,0.0392,0.0427,-0.00458,0.0548,17.13,0
0.00425,0.1307,0.0394,0.0564,-0.00031,0.0881,11.63,0
0.0085,0.1667,0.0476,0.0639,0.0041,0.0405,14.54,0
-0.00454,0.1686,0.0588,0.0454,-0.00399,0.0784,21.63,0
-0.00661,0.1253,0.0387,0.046,-0.00154,0.0453,17.41,0
0.00145,0.1386,0.0531,0.0469,-0.00085,0.0448,16.04,0
0.04903,0.4691,0.1058,0.1414,-0.00161,0.2022,59.37,1
-0.04989,0.4531,0.0664,0.1441,-0.00714,0.1202,38.73,1
0.00572,0.1571,0.0404,0.0459,0.00341,0.0448,17.92,0
0.00395,0.1486,0.0529,0.061,0.00469,0.068,14.92,0
-0.0117,0.1598,0.0431,0.0439,0.00256,0.0825,15.78,0
-0.00015,0.1579,0.0564,0.0629,-0.00551,0.0522,20.67,0
-0.01891,0.1506,0.0537,0.0348,0.00853,0.0866,12.67,0
-0.0031,0.1474,0.0383,0.0504,-0.00474,0.0601,21.0,0
-0.00062,0.1261,0.0407,0.0364,0.00191,0.0556,20.41,0
-0.00387,0.1529,0.0417,0.0431,0.00289,0.0696,13.43,0
0.00142,0.1449,0.0448,0.0484,-0.0007,0.0634,14.77,0
-0.00462,0.159,0.0386,0.0661,0.00046,0.0628,19.81,0
0.02016,0.1033,0.0424,0.0598,0.00173,0.0559,11.01,0
0.01005,0.1336,0.0407,0.0373,0.00389,0.0727,20.38,0
0.00862,0.1528,0.0415,0.0652,-0.0022,0.0774,11.04,0
-0.00968,0.1023,0.0492,0.0638,-0.0008,0.0875,17.29,0
0.01319,0.1187,0.0528,0.0599,-0.00289,0.062,16.5,0
0.00208,0.1629,0.0517,0.0414,-0.00294,0.0529,17.23,0
-0.00739,0.132,0.0391,0.0394,-0.00348,0.0819,11.7,0
0.02136,0.1492,0.0526,0.0672,0.00165,0.0472,17.04,0
-0.03927,0.6218,0.1034,0.1051,0.00559,0.2053,37.11,1
0.00575,0.1746,0.0563,0.0457,0.00514,0.0612,15.94,0
-0.01696,0.1078,0.0416,0.06,0.00054,0.0659,14.86,0
-0.00279,0.1703,0.0397,0.058,0.00167,0.0881,14.71,0
-0.04481,0.4521,0.0687,0.1402,0.01423,0.1819,46.38,1
-0.00166,0.1475,0.0465,0.039,-0.00219,0.0622,17.55,0
0.0004,0.1152,0.0453,0.0461,-0.00385,0.0661,16.39,0
0.00904,0.121,0.042,0.06,-0.00179,0.0863,17.55,0
0.00376,0.1287,0.0523,0.0559,0.00685,0.0528,16.06,0
0.01028,0.141,0.0463,0.0419,-0.00265,0.0495,14.98,0
0.02142,0.1519,0.0397,0.0354,-0.00362,0.0555,21.57,0
0.00517,0.1032,0.0585,0.0408,0.00046,0.0839,11.46,0
-0.0014,0.1383,0.0437,0.0373,0.00477,0.0604,14.26,0
0.01951,0.1697,0.0495,0.0547,-0.00433,0.0571,21.03,0
-0.01476,0.3787,0.0767,0.129,-0.00201,0.173,31.45,1
0.00431,0.1792,0.05,0.0499,0.00343,0.06,11.91,0
0.02171,0.1587,0.0498,0.0499,0.00604,0.0594,18.56,0
-0.01713,0.1395,0.0372,0.0302,0.00405,0.0573,14.76,0
-0.00494,0.1755,0.0521,0.0392,-0.00671,0.0565,20.02,0
-0.00105,0.1387,0.0509,0.0565,-0.00213,0.0868,15.83,0
0.01266,0.1578,0.0437,0.0331,-0.0042,0.0414,17.79,0
0.01214,0.1223,0.0599,0.0411,0.00949,0.0417,19.82,0
0.00069,0.1569,0.0449,0.0475,0.00634,0.0869,12.71,0
0.00363,0.1236,0.043,0.055,-0.00559,0.0768,14.4,0
0.00408,0.1722,0.0454,0.0436,-0.00393,0.06,15.38,0
0.00091,0.1183,0.04,0.0535,0.00506,0.0779,18.68,0
0.0164,0.1634,0.0317,0.0604,0.00396,0.0582,11.32,0
0.00367,0.157,0.0473,0.0398,0.00246,0.0671,12.97,0
-0.00268,0.1732,0.0488,0.0561,-0.00563,0.0855,19.12,0
-0.00792,0.1234,0.0466,0.0372,-0.00067,0.0613,20.51,0
-0.00134,0.1103,0.0377,0.053,-0.00157,0.0641,11.71,0
0.00734,0.1138,0.0395,0.0458,-0.00258,0.0844,11.08,0
-0.01339,0.4017,0.0718,0.1757,-0.04224,0.3123,55.91,1
-0.00869,0.2741,0.0484,0.2191,0.00275,0.2089,52.99,1
5e-05,0.1381,0.0532,0.0552,0.00435,0.0669,19.16,0
0.02136,0.1586,0.0318,0.0583,0.00178,0.071,19.12,0
0.00376,0.1742,0.0314,0.0478,0.00211,0.0885,18.85,0
0.00447,0.1673,0.0421,0.0477,0.00167,0.0411,17.1,0
-0.01196,0.1684,0.0355,0.0333,0.00953,0.0885,14.1,0
0.01042,0.5117,0.0555,0.1408,-0.00214,0.1279,32.4,1
-0.01295,0.461,0.0649,0.1525,-0.00264,0.2336,30.42,1
-0.0062,0.1772,0.0538,0.0669,0.00024,0.0541,20.0,0
0.00164,0.1007,0.0608,0.0577,0.00163,0.0746,19.02,0
0.01451,0.1032,0.0477,0.0522,-0.00292,0.0489,18.37,0
-0.008,0.1205,0.0491,0.0567,-0.00081,0.0775,19.88,0
0.00698,0.1453,0.0488,0.0351,0.00186,0.087,11.17,0
-0.02822,0.3074,0.0556,0.2038,-0.00772,0.2552,41.23,1
-0.00286,0.1749,0.0384,0.0435,-0.00566,0.0549,13.7,0
0.00308,0.1125,0.0257,0.0454,-0.00242,0.0632,13.97,0
0.01797,0.1661,0.0333,0.031,0.00047,0.0567,17.46,0
-0.00042,0.1758,0.0424,0.0391,-0.00412,0.0625,18.16,0
-0.00593,0.1013,0.0324,0.0643,0.00735,0.0637,19.71,0
-0.00418,0.1262,0.055,0.0619,0.00353,0.0548,12.76,0
-0.01138,0.1421,0.0319,0.0534,-0.00201,0.0402,14.15,0
-0.00704,0.1412,0.0399,0.0522,-0.00389,0.0658,20.5,0
-0.00587,0.1095,0.0589,0.0599,0.00096,0.0654,17.15,0
-0.02406,0.5397,0.0982,0.1427,-0.01036,0.144,41.26,1
0.00254,0.1765,0.0332,0.0475,-0.00244,0.0693,17.41,0
0.00026,0.151,0.0554,0.0388,2e-05,0.0828,19.01,0
0.00311,0.1191,0.0536,0.0563,-0.0026,0.07,18.61,0
0.01057,0.1419,0.0424,0.0353,-0.00505,0.0765,11.34,0
-0.00234,0.1185,0.0384,0.0683,0.00588,0.0588,16.89,0
-0.01261,0.2927,0.0587,0.1678,0.00101,0.2424,44.07,1
0.00464,0.151,0.0442,0.0608,-0.00746,0.0605,12.61,0
0.00882,0.1614,0.0223,0.0478,0.00017,0.0859,18.21,0
-0.01741,0.1048,0.0296,0.0421,-0.00357,0.0712,18.78,0
0.00103,0.1638,0.0525,0.0681,0.00349,0.0818,15.68,0
0.00412,0.1168,0.0335,0.0434,0.00226,0.0631,20.6,0
-0.00814,0.1138,0.0297,0.0541,-0.00231,0.0644,20.64,0
-0.00949,0.1283,0.0293,0.0469,0.00269,0.0661,19.84,0
0.02087,0.5548,0.0645,0.2147,-0.01426,0.1234,48.69,1
-0.0058,0.1444,0.0574,0.0436,-0.00381,0.0623,12.53,0
-0.00035,0.1595,0.0467,0.0553,0.0023,0.0408,11.95,0
-0.00297,0.1508,0.0494,0.062,-0.00405,0.0462,14.98,0
0.01106,0.1594,0.0365,0.0396,0.0021,0.0575,17.44,0
0.0122,0.1471,0.0503,0.0554,0.00263,0.0767,14.14,0
0.00478,0.1709,0.0333,0.0305,0.00026,0.0748,18.15,0
-0.00583,0.1372,0.0435,0.0387,0.003,0.0439,13.39,0
-0.01745,0.1146,0.0466,0.0344,0.00361,0.0492,12.5,0
-0.01509,0.1624,0.0471,0.0556,0.00709,0.0899,16.32,0
0.00597,0.1231,0.0449,0.0614,0.00445,0.0672,17.08,0
-0.01803,0.1359,0.0473,0.0521,-0.00107,0.0859,19.22,0
0.00281,0.1763,0.0247,0.061,-0.00417,0.064,18.77,0
-0.00553,0.1326,0.0464,0.0379,-0.00664,0.0473,16.64,0
-0.01757,0.5725,0.1121,0.193,-0.01447,0.3015,31.03,1
0.0147,0.1782,0.0553,0.031,-0.00227,0.0487,16.32,0
0.00937,0.1288,0.0444,0.0588,-0.00904,0.0688,13.02,0
0.00209,0.1413,0.0429,0.037,-0.0001,0.0408,14.45,0
-6e-05,0.1252,0.0494,0.0331,0.00234,0.0715,17.55,0
-0.0034,0.1758,0.0328,0.0327,-0.00128,0.0509,15.61,0
0.00968,0.5392,0.0767,0.1075,-0.01334,0.2013,35.23,1
0.00114,0.1626,0.0462,0.0692,-0.00039,0.049,14.03,0
-0.00935,0.4866,0.0743,0.1445,0.0216,0.2365,58.95,1
-0.02046,0.3319,0.1157,0.1904,-0.01573,0.2141,33.02,1
0.00556,0.133,0.0437,0.0431,-0.00066,0.0856,21.37,0
-0.0096,0.1681,0.0316,0.0601,-0.00378,0.067,17.03,0
-0.00562,0.1286,0.0336,0.0448,-0.00051,0.0554,17.89,0
-0.01334,0.1754,0.0451,0.0582,-9e-05,0.0697,18.09,0
0.01591,0.4497,0.0909,0.1609,-0.01749,0.2339,45.59,1
0.00247,0.1634,0.0361,0.0637,-0.00247,0.0516,21.41,0
0.01721,0.3422,0.072,0.1496,-0.00547,0.2664,52.02,1
0.01063,0.1274,0.0348,0.0445,0.00178,0.0671,12.91,0
0.00208,0.1525,0.039,0.03,0.00972,0.0754,21.48,0
-0.00179,0.1334,0.0319,0.0358,0.00306,0.0674,15.41,0
0.01464,0.1789,0.047,0.0378,-0.00366,0.0504,17.34,0
0.03494,0.2627,0.1093,0.1326,-0.00605,0.2733,57.23,1
-0.01789,0.1026,0.048,0.0446,0.00455,0.0718,18.15,0
0.00691,0.3333,0.0673,0.1637,0.02388,0.2947,58.42,1
0.00174,0.1096,0.0327,0.0587,-0.00429,0.0871,15.73,0
-0.00566,0.1481,0.0476,0.0449,0.00301,0.0869,15.37,0
0.03158,0.1642,0.0531,0.0675,-0.00765,0.0612,18.12,0
0.00037,0.1775,0.0471,0.0695,-0.00687,0.0467,19.32,0
-0.04212,0.4305,0.0824,0.1648,-0.02983,0.2756,59.94,1
-0.01046,0.1222,0.0546,0.0373,0.00059,0.0832,17.08,0
0.00257,0.1082,0.0514,0.0318,0.00196,0.0525,19.28,0
0.00227,0.1212,0.0506,0.0558,0.00056,0.0692,21.56,0
0.00366,0.1394,0.0453,0.0678,0.00271,0.0755,17.3,0
-0.01308,0.3214,0.0858,0.1637,-0.00774,0.1492,36.3,1
0.01506,0.3276,0.0991,0.1425,0.0003,0.1316,65.87,1
0.00548,0.1669,0.0477,0.0312,0.00443,0.0413,17.16,0
-0.00013,0.1492,0.0467,0.0495,-0.00695,0.081,11.8,0
-0.00425,0.1369,0.0431,0.0687,-0.00026,0.0755,17.18,0
0.00145,0.1343,0.0294,0.0541,-4e-05,0.0429,21.49,0
0.0002,0.1782,0.0525,0.0525,-0.00259,0.0616,20.21,0
-0.00338,0.1403,0.0464,0.0507,-0.00309,0.0725,17.71,0
0.001,0.1632,0.0395,0.0614,-0.00353,0.0773,15.41,0
-0.00287,0.121,0.0474,0.0638,0.00138,0.0482,14.36,0
-0.01731,0.2409,0.0776,0.2018,-0.03676,0.1963,63.65,1
-0.00656,0.1268,0.0479,0.0588,-0.01046,0.0438,17.85,0
-0.02874,0.6494,0.0873,0.2107,-0.00671,0.1587,62.8,1
-0.00242,0.121,0.0439,0.0604,-0.00107,0.0843,17.9,0
0.0033,0.1266,0.0455,0.0522,0.00132,0.0777,19.83,0
0.01057,0.1025,0.0469,0.0416,0.00074,0.0794,11.48,0
0.00704,0.1454,0.0378,0.0482,0.00663,0.0729,15.96,0
0.01782,0.1229,0.0559,0.0633,-0.00767,0.0816,14.24,0
-0.01785,0.1777,0.0487,0.0438,-0.00481,0.0409,12.42,0
-0.0387,0.2907,0.0627,0.186,-0.01846,0.2999,60.51,1
-0.00877,0.1232,0.0417,0.053,0.00266,0.0622,14.68,0
0.00303,0.1233,0.0428,0.0568,-0.00783,0.0558,11.28,0
0.01265,0.127,0.043,0.0302,-0.00264,0.0754,17.2,0
-0.01209,0.1694,0.047,0.0623,0.00139,0.0401,19.46,0
0.00072,0.1084,0.0469,0.0309,0.00508,0.0696,14.76,0
-0.00891,0.1247,0.0414,0.0597,-0.00057,0.0874,18.0,0
-0.01316,0.1104,0.0435,0.068,-0.00022,0.059,19.76,0
0.02003,0.1626,0.057,0.0671,-0.00492,0.0734,21.56,0
-0.01283,0.1139,0.0528,0.0333,-0.00401,0.086,17.87,0
-0.00742,0.1389,0.0486,0.0301,0.00611,0.0572,21.2,0
-0.00078,0.1347,0.0455,0.0593,0.00271,0.0558,12.56,0
-0.00554,0.1587,0.0293,0.0341,-0.00317,0.0898,19.61,0
0.00528,0.1006,0.0372,0.0647,-0.00169,0.0551,14.78,0
0.02456,0.1202,0.0507,0.0315,0.00255,0.0888,18.56,0
-0.01402,0.1171,0.0359,0.0515,0.00355,0.0569,19.76,0
-0.00066,0.143,0.0562,0.0308,-0.00502,0.0792,21.6,0
0.00078,0.6159,0.0858,0.1413,-0.00301,0.1415,35.12,1
-0.00754,0.1578,0.0436,0.0437,-0.00119,0.0774,14.46,0
-0.0013,0.1247,0.0545,0.0418,-0.00071,0.061,18.33,0
0.00761,0.1178,0.0426,0.0326,0.00512,0.0716,17.58,0
0.00851,0.153,0.0461,0.0489,-0.00849,0.0495,17.1,0
-0.01007,0.1703,0.0395,0.0603,0.0029,0.0719,12.96,0
-0.00233,0.1743,0.0588,0.0621,-0.00096,0.0826,11.64,0
0.00933,0.1659,0.0527,0.0661,0.00419,0.0634,21.39,0
-0.00855,0.1186,0.0499,0.0406,0.00147,0.0578,20.93,0
0.04199,0.4227,0.089,0.1741,-0.01532,0.2759,54.51,1
0.0141,0.1701,0.0394,0.0565,0.00408,0.0683,15.68,0
0.0074,0.1136,0.0398,0.0301,0.00169,0.0407,21.86,0
0.00248,0.13,0.0413,0.047,0.00081,0.0862,15.29,0
-0.00295,0.1367,0.0326,0.0661,0.00863,0.0528,18.15,0
0.00036,0.1724,0.0358,0.0627,0.00206,0.059,14.37,0
0.00419,0.1187,0.0495,0.0696,-0.00379,0.0636,21.62,0
-0.00839,0.1431,0.0332,0.0576,0.00193,0.0713,21.74,0
0.00387,0.1187,0.0367,0.0633,-0.00835,0.0402,19.47,0
0.0021,0.1071,0.0435,0.0479,-0.00777,0.0588,21.89,0
0.00973,0.1769,0.0521,0.0345,0.00461,0.0508,18.28,0
0.00836,0.1043,0.0398,0.0455,-0.00441,0.0434,14.4,0
-0.01276,0.1496,0.0623,0.0322,0.00281,0.0678,15.14,0
-0.0087,0.1407,0.0513,0.0415,0.00144,0.0697,16.38,0
0.00953,0.1388,0.0426,0.0578,-0.00171,0.0617,12.8,0
-0.00758,0.2823,0.1168,0.0909,-0.00115,0.1743,60.12,1
-0.00308,0.1022,0.0481,0.049,0.00518,0.0846,19.49,0
0.00465,0.1476,0.0558,0.0667,-0.00462,0.065,19.95,0
-0.01189,0.1195,0.0481,0.0462,0.00178,0.0861,20.5,0
-0.02754,0.4204,0.0962,0.2127,0.01284,0.1753,37.91,1
0.00863,0.1139,0.0416,0.0322,0.00374,0.0416,16.16,0
-0.00376,0.1533,0.0488,0.0632,0.00284,0.0896,15.85,0
0.00405,0.1662,0.036,0.0426,-0.00194,0.0573,19.51,0
0.01056,0.1038,0.0292,0.0604,0.00231,0.0435,14.79,0
-0.01235,0.1322,0.0385,0.0483,-0.00219,0.0599,17.18,0
0.00743,0.1738,0.0401,0.0395,0.00148,0.0838,13.61,0
0.00085,0.1577,0.0524,0.0592,0.00235,0.06,20.91,0
0.00221,0.1264,0.0456,0.0598,-0.00464,0.0688,13.81,0
-0.00385,0.114,0.0382,0.0438,-0.00352,0.0792,18.57,0
-0.00287,0.1708,0.0411,0.0349,-0.00334,0.0741,20.36,0
0.01463,0.1555,0.0484,0.0471,-0.00596,0.0623,16.31,0
-0.00514,0.6215,0.0823,0.1022,-0.0124,0.1492,58.64,1
-0.00499,0.1309,0.0519,0.0375,0.0005,0.0523,12.71,0
-0.00594,0.133,0.047,0.0663,0.00129,0.0763,13.95,0
-0.00907,0.1602,0.0407,0.0614,0.00237,0.0781,20.27,0
-0.01031,0.1112,0.035,0.0636,-0.0029,0.0726,20.66,0
-0.00376,0.508,0.0639,0.1492,0.00382,0.2048,57.62,1
0.00536,0.1465,0.0531,0.0421,0.0002,0.0789,19.47,0
0.00812,0.1107,0.0428,0.0482,-0.00089,0.082,16.49,0
0.00067,0.1636,0.0467,0.068,-0.00117,0.0674,14.28,0
-0.01804,0.1636,0.0393,0.0447,0.00368,0.0886,18.48,0
-0.00974,0.1452,0.055,0.0307,-0.00939,0.0616,12.94,0
-0.01134,0.5618,0.0717,0.1591,-0.01005,0.1743,54.75,1
0.00261,0.1401,0.0437,0.0533,-0.00601,0.0776,17.41,0
-0.0273,0.1144,0.0275,0.0679,-0.00648,0.0857,14.2,0
0.0124,0.1533,0.0529,0.0605,-0.00262,0.0669,14.31,0
0.01428,0.105,0.0483,0.0427,0.00374,0.0617,16.37,0
0.00854,0.3859,0.0657,0.0965,0.01097,0.1732,41.56,1
-0.00662,0.1484,0.0362,0.051,0.00034,0.0488,18.71,0
0.01954,0.4814,0.0927,0.1651,0.01613,0.1317,30.95,1
0.01702,0.1712,0.0501,0.0378,0.00074,0.0526,20.59,0
0.0001,0.1144,0.0527,0.0388,0.00263,0.0669,18.5,0
-0.01166,0.6342,0.0983,0.0929,0.02287,0.2817,51.35,1
0.0165,0.1678,0.0409,0.0497,0.00667,0.0632,18.0,0
0.04411,0.4045,0.1043,0.1052,0.0103,0.2134,40.27,1
-0.01228,0.1007,0.0425,0.0696,-0.00235,0.0405,17.56,0
-0.00926,0.1272,0.0467,0.0641,-0.0008,0.0875,16.62,0
-0.00347,0.1433,0.049,0.0441,0.00025,0.0559,17.43,0
-0.00524,0.1161,0.0549,0.0347,-0.00047,0.0633,18.16,0
0.00308,0.104,0.0433,0.0683,-0.00541,0.0618,15.91,0
-0.01232,0.1414,0.0483,0.0319,7e-05,0.0648,19.35,0
-0.00831,0.1658,0.0379,0.0303,0.00567,0.0597,12.24,0
-0.00938,0.2917,0.045,0.206,-0.00742,0.1306,50.11,1
-0.00335,0.1324,0.0319,0.0455,-0.00383,0.0748,11.81,0
-0.0032,0.1058,0.0527,0.0659,0.0048,0.0427,15.51,0
-0.00559,0.1237,0.0596,0.0573,0.00298,0.0571,18.27,0
-0.00072,0.1123,0.0373,0.0418,0.00432,0.0599,11.96,0
0.01135,0.132,0.0408,0.039,0.00055,0.0531,20.04,0
-0.00361,0.5168,0.1146,0.1357,0.01192,0.2274,65.41,1
0.00952,0.1514,0.0379,0.0487,0.00788,0.0503,14.23,0
-0.03596,0.4677,0.0959,0.1773,0.00615,0.2067,51.19,1
-0.00434,0.1106,0.0456,0.0667,0.00596,0.0453,19.51,0
0.00152,0.1496,0.0426,0.0438,0.00225,0.0886,19.78,0
0.01475,0.1448,0.0575,0.0403,0.00567,0.0747,16.43,0
0.01157,0.152,0.0612,0.0423,-0.00164,0.0626,11.4,0
0.00113,0.1723,0.0411,0.0452,0.0014,0.0565,18.35,0
0.00367,0.1598,0.053,0.0577,0.00048,0.0725,16.65,0
0.00313,0.1739,0.0511,0.0495,0.00256,0.0798,15.53,0
0.02343,0.6331,0.0467,0.1606,-0.01147,0.1468,49.78,1
0.00664,0.102,0.0566,0.0508,-0.00509,0.0782,13.49,0
0.00949,0.1574,0.0387,0.0485,-0.00142,0.0524,21.0,0
-0.00427,0.1019,0.0429,0.0305,-0.00058,0.0555,11.79,0
-0.01224,0.4464,0.0812,0.1145,-0.00201,0.1952,31.38,1
-0.00633,0.1782,0.0612,0.0368,0.00536,0.0882,11.72,0
-0.00556,0.1178,0.0427,0.0403,0.00254,0.0754,16.43,0
0.01075,0.1646,0.0468,0.0525,0.00101,0.0512,13.14,0
-0.03683,0.4677,0.0808,0.1298,0.00036,0.2976,32.08,1
-0.00936,0.1512,0.0526,0.0694,0.0005,0.0535,13.44,0
0.00391,0.1083,0.0414,0.0588,-0.00256,0.0549,16.23,0
-0.00784,0.1129,0.0564,0.0681,0.00063,0.0809,16.15,0
0.01665,0.1572,0.0467,0.0392,0.00225,0.068,15.0,0
-0.00136,0.1309,0.0462,0.0643,-0.00119,0.046,17.84,0
-0.02168,0.4991,0.0731,0.1602,0.00393,0.2222,28.67,1
-0.01129,0.1676,0.053,0.062,0.00153,0.0656,12.48,0
0.01562,0.2867,0.0644,0.1666,0.02006,0.2008,30.15,1
3e-05,0.4675,0.1056,0.0936,-0.04216,0.2866,39.44,1
0.0181,0.453,0.0564,0.1924,-0.02338,0.1978,60.92,1
0.00109,0.1432,0.0424,0.0313,-0.00403,0.085,19.54,0
-0.00632,0.1672,0.0289,0.0556,0.00969,0.0817,14.59,0
-0.00333,0.163,0.0504,0.056,-0.00257,0.0668,14.13,0
0.00752,0.1111,0.0427,0.0542,-0.00449,0.0433,19.34,0
0.04941,0.373,0.0496,0.1709,-0.01243,0.2853,44.51,1
-0.01904,0.1319,0.0392,0.0389,0.00724,0.075,15.73,0
0.00471,0.1416,0.0505,0.0468,0.00097,0.0491,17.21,0
0.00393,0.1514,0.0542,0.06,0.00468,0.0674,12.4,0
-0.00664,0.1479,0.0293,0.0584,-0.00424,0.0883,18.02,0
-0.01,0.161,0.0591,0.0424,-0.00175,0.0854,20.37,0
0.00575,0.4338,0.0944,0.1224,0.00304,0.163,56.46,1
-0.01123,0.1755,0.029,0.0536,0.00087,0.05,17.9,0
0.00992,0.1641,0.0454,0.0576,0.00086,0.0539,21.02,0
0.00367,0.1641,0.0428,0.044,0.00162,0.0471,14.57,0
-0.00827,0.1036,0.0325,0.0571,0.00775,0.0456,13.64,0
0.00274,0.1406,0.0442,0.0602,-0.00328,0.0721,16.88,0
-0.00095,0.1706,0.0541,0.0442,-0.00362,0.0689,12.74,0
0.01764,0.1307,0.0543,0.0394,-0.00225,0.0891,15.05,0
0.00654,0.1045,0.0317,0.0522,-0.00855,0.0769,19.08,0
-0.03953,0.3646,0.1026,0.1342,-0.01241,0.267,48.8,1
-0.01793,0.5293,0.0933,0.2082,-0.00693,0.2945,57.05,1
-0.00011,0.1361,0.0552,0.0623,0.00106,0.0437,12.21,0
-0.00202,0.1041,0.0458,0.069,0.00295,0.0649,20.04,0
0.00785,0.1082,0.0424,0.0558,0.00075,0.0747,17.57,0
0.00036,0.1541,0.0397,0.0454,-0.00151,0.0664,16.11,0
0.0051,0.1597,0.0434,0.0312,-0.00118,0.0404,12.9,0
0.00562,0.1314,0.0538,0.0647,0.00349,0.0887,14.85,0
0.00186,0.1039,0.039,0.0699,0.00401,0.0799,11.69,0
0.01444,0.3922,0.0478,0.1863,-0.01651,0.2762,67.21,1
-0.02458,0.1235,0.038,0.0521,-0.00211,0.069,13.15,0
0.00594,0.132,0.0483,0.0622,0.00558,0.084,16.12,0
0.00436,0.117,0.042,0.0647,-0.00083,0.0721,13.6,0
-0.00335,0.1539,0.0419,0.0416,0.0065,0.0753,14.68,0
-0.01285,0.1505,0.0627,0.0619,0.00135,0.0584,20.57,0
-0.00818,0.1281,0.0568,0.0311,0.00054,0.0729,18.05,0
0.02665,0.2423,0.0596,0.1937,-0.02688,0.1959,35.3,1
-0.00293,0.1067,0.0332,0.0344,0.00054,0.0413,13.75,0
0.00025,0.1012,0.0493,0.0414,0.00443,0.0768,15.69,0
0.00079,0.1681,0.0375,0.0676,-0.0027,0.0883,19.02,0
-0.0043,0.1421,0.0606,0.038,0.00236,0.0668,18.35,0
0.0005,0.141,0.0452,0.0661,-8e-05,0.049,20.99,0
-0.00017,0.1358,0.0517,0.0646,-0.00289,0.0567,12.11,0
-0.0197,0.1485,0.049,0.0556,0.00287,0.0689,20.69,0
0.01912,0.554,0.0984,0.1626,0.00078,0.2697,55.95,1
-0.01281,0.1067,0.0542,0.0387,0.00077,0.0578,16.65,0
0.00307,0.1044,0.0414,0.0349,0.00017,0.0418,16.6,0
-0.00047,0.1445,0.0428,0.0436,-3e-05,0.0554,19.48,0
-0.00315,0.1491,0.0465,0.0624,-0.00277,0.0585,17.98,0
-0.01447,0.156,0.0585,0.0594,-0.00061,0.0411,19.87,0
-0.00531,0.5052,0.0388,0.0961,0.00994,0.1594,46.54,1
-0.00562,0.1095,0.0536,0.0347,-0.00193,0.0845,12.99,0
0.00849,0.1654,0.0243,0.0423,-0.00215,0.0431,11.03,0
-0.00857,0.1,0.0403,0.0636,-0.00096,0.0429,18.46,0
-0.02124,0.313,0.0818,0.091,-0.00702,0.1661,55.84,1
-0.03388,0.4728,0.0749,0.1519,-0.01059,0.1306,63.91,1
-0.00518,0.485,0.0755,0.1837,0.00602,0.2934,64.08,1
0.00833,0.1106,0.0633,0.0402,-0.00173,0.073,13.75,0
-0.01891,0.6064,0.1105,0.0904,-0.03755,0.1374,33.22,1
-0.00212,0.1018,0.0511,0.0315,-0.00021,0.0713,17.71,0
0.01853,0.1359,0.0608,0.0494,-0.00316,0.0432,19.84,0
0.02308,0.3014,0.0698,0.2178,-0.01284,0.1786,51.12,1
-0.00681,0.1425,0.0475,0.0641,-0.00354,0.0602,18.05,0
-0.01822,0.1622,0.0417,0.0458,0.0055,0.0484,17.65,0
0.00892,0.4603,0.0488,0.1286,0.00161,0.1532,55.6,1
0.00464,0.1631,0.0496,0.0603,-0.0013,0.0632,15.06,0
0.0024,0.1206,0.05,0.0573,-0.00054,0.0757,17.45,0
0.00063,0.1672,0.0483,0.0384,0.0011,0.0499,15.16,0
0.00838,0.4436,0.0829,0.1836,0.00187,0.1372,29.42,1
0.00127,0.1476,0.0365,0.0666,-0.00366,0.0831,14.85,0
0.00955,0.1062,0.0455,0.0304,-0.00197,0.0772,18.74,0
-0.00633,0.1316,0.0393,0.0595,0.00252,0.0442,21.29,0
0.01253,0.1656,0.0584,0.0463,-0.00133,0.0417,15.96,0
-0.00134,0.1677,0.0387,0.068,-0.00366,0.0676,18.96,0
-0.00673,0.1312,0.0546,0.0484,-0.00239,0.0646,16.86,0
0.00461,0.1069,0.0422,0.0415,0.00384,0.084,12.28,0
-0.00126,0.1196,0.0478,0.033,0.00238,0.0429,21.3,0
-0.00138,0.1183,0.0331,0.0585,0.00126,0.0607,15.14,0
0.01816,0.3318,0.0358,0.2152,-0.00168,0.2567,64.41,1
-0.00197,0.1376,0.0542,0.0671,-0.00123,0.0464,16.24,0
-0.00164,0.6031,0.0651,0.1388,-0.00207,0.2775,63.82,1
-0.0206,0.4261,0.0621,0.1721,-0.02368,0.1641,38.42,1
-0.0042,0.1117,0.0441,0.0661,-0.0021,0.0546,15.47,0
-0.00639,0.2996,0.0904,0.1398,0.00369,0.2176,30.5,1
-0.00017,0.1032,0.053,0.0336,-0.00137,0.0849,18.67,0
-0.00303,0.5503,0.0914,0.1312,0.01216,0.2306,54.22,1
-0.00845,0.1168,0.0461,0.0407,-0.00531,0.0799,20.51,0
0.01236,0.1735,0.0441,0.051,0.00199,0.0407,16.47,0
-0.01543,0.141,0.055,0.0569,0.00585,0.0896,15.39,0
-0.00556,0.2427,0.1178,0.1573,-0.01759,0.2809,46.79,1
0.00267,0.1515,0.041,0.0621,0.00355,0.0418,19.41,0
-0.00245,0.1148,0.0428,0.0443,0.00181,0.0796,13.68,0
0.00793,0.1037,0.0589,0.0598,-0.00332,0.0509,15.99,0
0.00727,0.1335,0.0495,0.0459,0.00449,0.0431,18.62,0
0.00228,0.1782,0.0454,0.0581,-0.00373,0.09,17.08,0
0.01252,0.1124,0.0515,0.03,-0.00312,0.0711,16.08,0
-0.02138,0.117,0.0428,0.0472,-0.00202,0.0862,19.31,0
-0.00913,0.1061,0.0499,0.0323,-0.00594,0.084,13.44,0
0.00806,0.151,0.0459,0.0486,-0.00329,0.0483,18.27,0
-0.00237,0.507,0.0654,0.1761,0.01819,0.1648,39.9,1
0.00378,0.5761,0.1027,0.2141,0.00158,0.1387,33.83,1
0.01017,0.1342,0.0423,0.056,0.00046,0.0661,14.47,0
-0.00387,0.6226,0.0664,0.2059,-0.01543,0.3011,44.98,1
0.018,0.4447,0.0753,0.1054,-0.00976,0.1272,37.05,1
0.01869,0.1653,0.0456,0.062,0.0056,0.0765,19.44,0
-0.00137,0.1158,0.0501,0.06,0.00265,0.0766,15.64,0
0.01341,0.1133,0.0512,0.0343,0.00664,0.0676,15.4,0
-0.00179,0.1309,0.0297,0.0421,0.00488,0.0862,19.79,0
-0.00949,0.141,0.0361,0.0402,-0.00217,0.0449,13.52,0
-0.02456,0.4718,0.0871,0.201,-0.01335,0.2868,66.64,1
-0.01614,0.1688,0.036,0.06,-0.00612,0.0707,21.64,0
-0.00736,0.1612,0.046,0.0324,0.00092,0.0519,12.93,0
-0.01827,0.5442,0.0789,0.2066,-0.01053,0.2939,28.74,1
-0.02517,0.5836,0.0483,0.2153,-0.00264,0.1821,46.64,1
-0.01249,0.1703,0.0577,0.049,0.0006,0.0443,20.76,0
-0.00962,0.1764,0.0528,0.0446,-0.00505,0.0719,20.66,0
0.00417,0.1679,0.0451,0.0345,0.00457,0.0687,16.01,0
-0.008,0.4572,0.0635,0.1433,0.02263,0.125,32.79,1
0.01204,0.1323,0.0444,0.0322,-0.00325,0.0849,17.19,0
-0.00256,0.1597,0.0414,0.055,-0.00622,0.0858,19.53,0
0.00694,0.1113,0.05,0.0699,0.00407,0.0428,12.99,0
-0.03577,0.5177,0.0934,0.1418,0.00366,0.2096,54.48,1
-0.00334,0.1091,0.0511,0.0301,0.00419,0.0418,18.62,0
-0.00357,0.1621,0.0461,0.0696,0.00298,0.0867,11.81,0
0.00146,0.1029,0.0341,0.0449,0.00126,0.0629,17.41,0
0.0124,0.1776,0.0496,0.0547,0.00675,0.0438,15.82,0
-0.0007,0.1482,0.0441,0.0628,0.0034,0.0669,21.13,0
0.00048,0.1752,0.045,0.0317,-0.0056,0.0572,14.27,0
0.00902,0.1182,0.0419,0.0448,0.0018,0.0675,20.14,0
-0.00737,0.1796,0.0391,0.0668,-0.00594,0.0516,12.12,0
0.00988,0.1733,0.0523,0.0602,0.00499,0.0815,19.39,0
-0.01164,0.1079,0.0494,0.0564,-0.00133,0.073,18.11,0
-0.04037,0.2948,0.1087,0.1003,0.021,0.2572,33.29,1
0.00223,0.3051,0.0731,0.1713,-0.02949,0.1936,55.89,1
0.00585,0.1111,0.0395,0.0425,0.00256,0.0415,16.73,0
0.00431,0.1561,0.0348,0.0329,-0.00362,0.0826,12.54,0
0.00169,0.1665,0.048,0.0414,0.00174,0.0812,20.73,0
-0.01066,0.1077,0.0406,0.0631,0.00768,0.0462,12.68,0
0.00443,0.1292,0.0477,0.0614,0.0027,0.0554,15.34,0
-0.01599,0.1489,0.047,0.0578,-0.00519,0.0849,21.46,0
-0.0029,0.1328,0.0276,0.0373,0.0057,0.0441,13.88,0
-0.0028,0.164,0.0311,0.04,0.0006,0.0679,16.56,0
0.00369,0.1585,0.0444,0.0656,0.00587,0.0605,17.13,0
-0.00563,0.1221,0.0473,0.0302,-0.00092,0.0435,19.0,0
0.00854,0.1298,0.0423,0.0366,0.00077,0.0577,12.2,0
-0.01109,0.1572,0.0481,0.0417,0.00141,0.0502,21.05,0
0.00384,0.1286,0.0549,0.0607,0.00778,0.0597,13.09,0
-0.02513,0.1178,0.0483,0.0585,-0.00335,0.0682,18.26,0
0.00128,0.1582,0.0571,0.0376,-0.00018,0.0514,11.67,0
0.00184,0.1638,0.0301,0.0333,-0.00255,0.0417,15.09,0
-0.00144,0.1509,0.0463,0.0655,0.00478,0.0886,12.04,0
0.00864,0.1313,0.0469,0.0654,-0.00025,0.0692,17.38,0
0.02529,0.4419,0.0788,0.107,-0.0028,0.2289,33.05,1
0.01762,0.1181,0.0502,0.0498,-0.00233,0.0802,11.12,0
0.00077,0.1009,0.0534,0.0443,0.00087,0.0438,12.41,0
0.02327,0.1547,0.0506,0.069,-0.00852,0.085,11.62,0
0.01796,0.1494,0.0467,0.0697,0.00276,0.089,21.91,0
-0.00117,0.1215,0.0581,0.0468,-0.00088,0.0734,17.29,0
0.00246,0.1053,0.0349,0.042,0.00125,0.0834,21.53,0
-0.0187,0.1557,0.041,0.0575,-0.00143,0.0674,15.7,0
-0.00684,0.1246,0.0412,0.0375,-0.00157,0.0894,18.22,0
-0.00607,0.1104,0.0405,0.0356,0.00321,0.0544,17.62,0
0.00902,0.1113,0.053,0.038,-0.00219,0.0466,13.88,0
0.03703,0.5178,0.089,0.1089,0.00293,0.1633,39.59,1
0.00339,0.1553,0.0422,0.045,0.00627,0.0794,11.7,0
0.01917,0.1683,0.0529,0.0532,0.00172,0.0699,15.78,0
-0.01318,0.132,0.049,0.066,-8e-05,0.064,20.69,0
-0.0045,0.1625,0.0437,0.0382,-0.00354,0.0816,15.21,0
0.01382,0.1031,0.0399,0.0334,-0.0012,0.0521,16.67,0
-0.00537,0.1603,0.0377,0.0462,0.00311,0.0769,21.0,0
0.00281,0.3425,0.0929,0.1852,-0.00403,0.1821,59.82,1
0.0033,0.5581,0.0462,0.1541,-0.01905,0.1621,30.37,1
-0.02899,0.5643,0.1013,0.096,-0.01484,0.1965,33.96,1
0.00775,0.1598,0.0364,0.0345,-0.00309,0.067,20.6,0
0.00984,0.1759,0.0475,0.0679,0.00093,0.0703,15.8,0
0.00099,0.1151,0.0523,0.0631,-0.00037,0.0644,14.48,0
0.0041,0.1061,0.0481,0.0594,0.00018,0.0821,20.97,0
-0.0033,0.1198,0.0456,0.0586,0.00114,0.0652,20.87,0
-0.00549,0.6035,0.092,0.1712,0.0115,0.1972,41.4,1
-0.00304,0.1338,0.0426,0.0348,0.00388,0.0635,12.75,0
0.01901,0.1061,0.0491,0.0622,-0.0023,0.0505,16.65,0
0.00696,0.1406,0.0524,0.0421,-0.00201,0.0866,15.83,0
0.03401,0.5338,0.0931,0.1219,0.00418,0.1816,50.58,1
-0.00537,0.1038,0.0348,0.0467,-0.0044,0.0573,12.92,0
-0.01507,0.111,0.0448,0.0405,-0.00306,0.0646,21.8,0
-0.01459,0.1596,0.0557,0.0334,0.00635,0.0716,16.73,0
-0.01715,0.1674,0.0464,0.068,-0.00076,0.0897,18.88,0
-0.0055,0.1666,0.0557,0.0573,0.00421,0.0784,13.03,0
-0.01066,0.1005,0.0384,0.0503,-0.00149,0.0773,11.87,0
-0.04731,0.4592,0.1276,0.2038,-0.02007,0.173,63.5,1
-0.01508,0.1727,0.0447,0.0683,0.00172,0.0739,14.88,0
0.01101,0.1009,0.0454,0.0587,-0.00735,0.049,15.09,0
0.00197,0.1529,0.0406,0.0633,0.00488,0.0583,18.53,0
-0.02248,0.406,0.0512,0.1483,0.01046,0.2769,52.99,1
0.00024,0.1702,0.0456,0.0619,-0.00209,0.0491,18.88,0
-0.00359,0.1737,0.0382,0.068,0.00066,0.0518,12.32,0
0.00499,0.1412,0.043,0.0638,0.00317,0.0474,17.49,0
-0.00916,0.1216,0.0349,0.0529,-0.0001,0.0846,19.84,0
0.00838,0.1018,0.0515,0.0361,-0.00541,0.0814,15.89,0
-0.0092,0.1593,0.0553,0.0581,0.00418,0.056,13.2,0
-0.0089,0.274,0.0807,0.0913,-0.00296,0.2608,28.02,1
-0.02969,0.5931,0.0788,0.2111,-0.00254,0.1727,62.49,1
0.00357,0.1574,0.0441,0.0607,-0.00301,0.0515,18.16,0
0.00572,0.1351,0.0395,0.067,-0.00571,0.0825,11.94,0
0.00309,0.17,0.0553,0.0666,-0.00396,0.0766,16.47,0
-0.02099,0.3285,0.0864,0.1759,-0.0201,0.151,54.06,1
-0.01201,0.1218,0.0416,0.0657,-0.00471,0.0828,13.59,0
-0.00038,0.1417,0.0436,0.068,0.00119,0.0683,13.6,0
-0.00726,0.1464,0.0633,0.0505,-0.00117,0.0655,20.2,0
-0.00611,0.1498,0.0453,0.0658,0.00036,0.0421,11.12,0
0.01181,0.5896,0.0773,0.1523,-0.01146,0.1326,62.8,1
-0.0027,0.1048,0.0299,0.037,-0.00736,0.0712,15.27,0
-0.00159,0.1125,0.0439,0.0685,-0.00349,0.064,14.63,0
0.0029,0.3648,0.0782,0.1044,-0.00079,0.2178,54.03,1
-0.01391,0.1652,0.0449,0.0351,0.00493,0.0755,15.65,0
0.00658,0.1121,0.0301,0.0682,0.00959,0.0647,16.8,0
-0.00992,0.129,0.0576,0.0454,0.00434,0.0675,11.54,0
0.01095,0.1324,0.0343,0.0606,-0.00388,0.0766,12.31,0
-0.0009,0.1155,0.0413,0.0592,0.00906,0.0676,18.46,0
0.01316,0.1158,0.0502,0.0509,0.00455,0.0594,17.32,0
0.00748,0.1673,0.0514,0.0529,-0.00093,0.0467,18.94,0
0.00688,0.1218,0.0608,0.0479,0.002,0.0855,21.52,0
-0.00852,0.1035,0.0605,0.038,-0.00456,0.061,18.51,0
0.01147,0.1124,0.0526,0.059,-0.0013,0.0724,16.06,0
-0.02499,0.3873,0.0666,0.1075,-0.00038,0.1261,34.72,1
-0.00598,0.1693,0.0433,0.0305,-0.00215,0.0851,17.96,0
0.00162,0.1239,0.0396,0.0686,-0.00421,0.0892,17.35,0
-0.00572,0.1598,0.045,0.0505,-0.00732,0.0846,18.01,0
-0.00171,0.1373,0.0432,0.0662,0.00219,0.066,20.16,0
0.01721,0.1257,0.0463,0.0536,-0.00187,0.0699,17.04,0
0.01448,0.1157,0.0476,0.0557,-0.00029,0.0787,12.68,0
-0.00321,0.1572,0.0575,0.0355,-0.00219,0.0485,16.93,0
-0.00804,0.5118,0.0516,0.2071,-0.02436,0.2843,50.05,1
-0.00513,0.1646,0.0488,0.0483,0.00306,0.0609,18.73,0
0.00394,0.1666,0.047,0.0402,-0.00167,0.0544,15.45,0
-0.00175,0.1063,0.0496,0.0437,0.00603,0.0618,17.52,0
0.0131,0.1447,0.0592,0.0523,0.01005,0.0445,11.54,0
-0.00014,0.1686,0.0398,0.0499,0.00023,0.0433,19.97,0
0.00916,0.1164,0.037,0.0694,-0.00234,0.0474,17.37,0
0.0373,0.5003,0.0721,0.1322,-0.00749,0.2251,47.96,1
0.02053,0.4725,0.0929,0.1224,0.01142,0.1346,55.91,1
-0.0191,0.152,0.042,0.0606,0.00069,0.0459,17.0,0
0.00065,0.2813,0.0845,0.1268,0.00629,0.2477,59.58,1
-0.00241,0.1325,0.0467,0.0488,0.00577,0.053,12.63,0
-0.00022,0.1679,0.0483,0.0609,0.00269,0.0771,11.29,0
0.00276,0.1501,0.0377,0.0414,-0.00483,0.0492,20.27,0
0.00149,0.1691,0.0403,0.0671,0.00274,0.0811,20.69,0
-0.00328,0.1181,0.0371,0.0608,0.00403,0.0489,18.66,0
0.0206,0.1732,0.0416,0.0409,0.00042,0.0419,21.15,0
0.01732,0.1124,0.0355,0.0577,-0.00277,0.0568,20.51,0
0.00295,0.1737,0.0482,0.0602,-0.0051,0.0636,20.05,0
-0.01089,0.1651,0.0376,0.061,0.00071,0.0746,12.19,0
0.01335,0.1743,0.0375,0.0327,-0.00089,0.0506,16.58,0
-0.00279,0.1795,0.047,0.0399,-0.00392,0.0746,15.84,0
-0.00111,0.1073,0.0372,0.0375,-0.00389,0.0417,12.92,0
-0.00292,0.1036,0.0353,0.0558,0.00603,0.0574,14.51,0
-0.00372,0.1343,0.0403,0.0588,-0.00138,0.0618,16.13,0
-0.00725,0.135,0.0464,0.041,0.00513,0.0837,13.45,0
0.01409,0.1754,0.0333,0.0528,0.00426,0.0411,15.44,0
-0.00569,0.1512,0.0393,0.0527,-0.00065,0.0508,18.0,0
-0.0307,0.3618,0.0599,0.1801,0.00068,0.273,62.16,1
0.01279,0.1557,0.0306,0.07,0.00228,0.06,12.23,0
-0.00057,0.1568,0.0462,0.0597,0.00332,0.0702,21.04,0
-0.00585,0.4602,0.1022,0.2085,0.00975,0.2996,42.77,1
0.01337,0.1059,0.0463,0.0669,-0.00509,0.0684,19.55,0
0.00992,0.1391,0.0458,0.0523,-0.00058,0.0588,13.8,0
-0.00032,0.1111,0.0491,0.0681,-0.0045,0.0651,11.49,0
0.00113,0.3252,0.0921,0.1867,0.00211,0.1846,28.99,1
0.01434,0.1427,0.0392,0.0626,-0.00112,0.0798,20.72,0
0.00472,0.1333,0.046,0.0585,8e-05,0.0428,11.62,0
-0.02482,0.4686,0.0771,0.176,0.02174,0.1728,62.59,1
-0.02183,0.597,0.0781,0.2169,-0.00135,0.2753,44.61,1
-0.00023,0.1338,0.0557,0.0551,-0.00672,0.0478,11.72,0
-0.00178,0.1691,0.046,0.0429,-0.00241,0.0778,11.87,0
-0.0057,0.149,0.0384,0.06,-0.00076,0.078,19.8,0
0.00068,0.1204,0.0565,0.0312,0.00425,0.0493,16.03,0
0.0079,0.1199,0.0358,0.0422,0.00087,0.0631,12.77,0
-0.01707,0.3696,0.0816,0.1502,0.03079,0.1428,46.17,1
-0.01972,0.5432,0.0831,0.161,0.03585,0.2998,48.49,1
-0.01226,0.1182,0.0489,0.0418,0.00023,0.0688,17.36,0
0.00422,0.1517,0.045,0.0621,0.00211,0.0899,21.15,0
0.00161,0.1214,0.0414,0.069,-0.00101,0.0673,13.78,0
-0.00077,0.1474,0.048,0.0603,0.00426,0.0682,19.26,0
-0.01172,0.1354,0.0382,0.0509,0.00687,0.088,16.85,0
-0.0152,0.1496,0.0464,0.0616,0.00137,0.0606,16.99,0
0.0046,0.1234,0.0419,0.0425,0.00199,0.066,18.55,0
0.00129,0.1233,0.032,0.0645,-0.00539,0.0535,20.07,0
0.00391,0.1431,0.0512,0.0397,0.00929,0.073,14.22,0
0.02328,0.3648,0.0659,0.1955,-0.0005,0.3188,37.45,1
-0.01932,0.1352,0.0396,0.0418,-0.00795,0.0757,21.5,0
-0.01363,0.1219,0.042,0.0516,0.00316,0.051,15.46,0
0.00808,0.4481,0.0895,0.1972,-0.01443,0.1925,39.0,1
0.05041,0.2705,0.1249,0.1554,-0.01688,0.3076,42.73,1
0.00297,0.1066,0.0509,0.0417,-0.002,0.0797,15.3,0
-0.00656,0.146,0.0626,0.0326,-0.00145,0.0788,17.45,0
0.00192,0.1278,0.0421,0.068,0.00803,0.0872,14.83,0
-0.02486,0.5552,0.087,0.1199,-0.01002,0.2115,44.72,1
0.01165,0.5606,0.0648,0.1159,-0.00639,0.2968,55.04,1
-0.03168,0.4821,0.0667,0.1037,-0.00497,0.227,34.18,1
-0.00743,0.6114,0.0871,0.1294,-0.00747,0.167,31.23,1
0.00311,0.1028,0.0572,0.0326,-0.00064,0.0562,11.09,0
0.0067,0.1201,0.0368,0.0438,0.00088,0.0707,11.58,0
-0.04064,0.5484,0.0994,0.135,-0.01564,0.167,46.35,1
-0.00288,0.1178,0.0388,0.055,-0.00096,0.0433,19.56,0
-0.01539,0.1395,0.0439,0.0566,0.00146,0.0898,17.79,0
-0.02837,0.4674,0.1031,0.1859,0.01135,0.1669,51.54,1
-0.00622,0.1183,0.047,0.0339,-0.00536,0.0622,19.83,0
-0.0073,0.1058,0.0563,0.0677,-0.00402,0.0664,21.09,0
-0.00247,0.1446,0.0331,0.037,0.00285,0.0429,21.87,0
-0.00439,0.1765,0.0493,0.0481,-0.00033,0.0637,18.31,0
0.00475,0.1363,0.0284,0.0486,0.00321,0.0585,21.2,0
-0.01394,0.111,0.0341,0.0362,0.00802,0.0496,18.48,0
0.02195,0.1019,0.0527,0.0438,0.00265,0.0454,12.0,0
0.00385,0.1598,0.031,0.0668,-0.0003,0.085,19.93,0
0.01098,0.1715,0.0457,0.042,-0.00641,0.0499,11.52,0
0.00475,0.6291,0.0952,0.1516,-0.02744,0.2122,34.0,1
0.00667,0.1501,0.0513,0.0575,-3e-05,0.0443,20.67,0
-0.002,0.1785,0.0405,0.0555,0.0028,0.0487,19.09,0
-0.00954,0.1396,0.0552,0.0378,0.00149,0.0584,21.04,0
-0.00207,0.1346,0.0408,0.0343,0.00548,0.0473,16.38,0
0.01606,0.1074,0.0537,0.0353,-0.00168,0.0461,11.84,0
-0.00153,0.1578,0.0354,0.0466,-0.01076,0.0878,20.97,0
0.00939,0.1695,0.0424,0.0616,0.0017,0.0675,18.31,0
-0.00673,0.1086,0.0367,0.0588,-0.00838,0.0616,14.87,0
0.00853,0.1333,0.0389,0.0541,0.00109,0.0444,12.81,0
-7e-05,0.1511,0.0538,0.0532,0.00243,0.0682,16.86,0
-0.0029,0.1071,0.0379,0.0434,0.00365,0.0624,21.99,0
0.00057,0.1328,0.0436,0.0409,-0.00133,0.0516,13.58,0
-0.0215,0.4912,0.0856,0.1831,-0.00294,0.1296,29.44,1
-0.00656,0.4855,0.0932,0.1116,0.01628,0.2545,64.58,1
0.01594,0.1663,0.0477,0.0671,0.00209,0.0718,22.0,0
0.01053,0.1047,0.0395,0.0664,-0.00502,0.0518,11.45,0
-0.00196,0.1215,0.0467,0.045,-0.00062,0.0638,19.17,0
0.00932,0.1771,0.0544,0.055,0.00602,0.0747,19.12,0
0.0104,0.1167,0.0374,0.0304,-0.0005,0.0899,20.1,0
0.0426,0.4459,0.0668,0.1117,-0.00192,0.2769,55.22,1
0.00298,0.1454,0.0352,0.0468,-0.00479,0.0835,12.92,0
0.00455,0.1572,0.0369,0.0584,-0.00172,0.078,21.96,0
-0.01055,0.167,0.0512,0.0307,-0.00054,0.051,15.51,0
-0.00787,0.1756,0.0457,0.0307,0.00271,0.06,21.62,0
-0.02141,0.3186,0.0578,0.2199,0.0214,0.1908,41.07,1
0.00633,0.1564,0.0499,0.0422,-0.00223,0.0502,12.49,0
0.00629,0.1009,0.0386,0.0388,0.00079,0.0839,21.88,0
0.02812,0.4971,0.0529,0.116,-0.01488,0.203,30.66,1
-0.00362,0.104,0.0432,0.0617,0.00763,0.0813,17.89,0
-0.00712,0.1284,0.0624,0.0472,-0.00323,0.0439,18.31,0
0.00578,0.1744,0.0408,0.0622,-0.00081,0.0689,19.35,0
-0.00606,0.1389,0.0463,0.049,0.00502,0.042,16.16,0
-0.01515,0.1245,0.0599,0.0559,0.0066,0.0422,18.56,0
0.05563,0.512,0.0843,0.1295,0.01685,0.1389,28.75,1
-0.01423,0.6043,0.077,0.1114,-0.01293,0.1499,41.34,1
-0.00232,0.1289,0.0543,0.0429,0.00142,0.0692,12.76,0
0.01669,0.6182,0.0933,0.1817,0.02195,0.2494,32.13,1
0.00414,0.1488,0.0389,0.0602,0.00705,0.0627,11.44,0
0.02463,0.1758,0.0321,0.0418,0.00346,0.0666,14.75,0
0.0032,0.17,0.0541,0.0638,0.00295,0.0813,17.29,0
-0.01365,0.5541,0.0783,0.2009,-0.01344,0.2723,43.7,1
-0.00223,0.1799,0.0471,0.0515,0.00956,0.0898,11.81,0
-0.03756,0.5602,0.0441,0.1673,-0.01516,0.2816,32.49,1
-0.022,0.1342,0.0461,0.0643,0.00388,0.0742,19.36,0
-0.01036,0.1393,0.0434,0.0694,-0.00044,0.0452,21.13,0
-0.00502,0.1138,0.0483,0.066,0.00841,0.041,20.82,0
0.02695,0.3768,0.1055,0.1508,0.02084,0.2498,55.15,1
0.0252,0.3925,0.0205,0.193,0.00016,0.2561,65.83,1
-0.00561,0.175,0.0537,0.061,0.00355,0.0754,11.26,0
0.00994,0.1501,0.0507,0.0489,0.00232,0.0807,14.44,0
-0.00612,0.1641,0.0414,0.0398,6e-05,0.0622,12.25,0
0.00515,0.11,0.0486,0.0677,-0.00363,0.0825,15.21,0
0.01289,0.608,0.0658,0.186,0.00452,0.1633,40.4,1
0.00137,0.1079,0.045,0.0627,-0.00471,0.0415,12.91,0
-0.00128,0.541,0.0753,0.1514,0.01211,0.1358,34.14,1
-0.03932,0.3937,0.1027,0.1367,-0.02677,0.1302,35.36,1
-0.00891,0.176,0.053,0.0654,0.00076,0.0414,20.04,0
-0.00898,0.2821,0.0428,0.0992,-0.01487,0.1601,32.11,1
0.00111,0.124,0.0521,0.0616,0.00453,0.0805,20.74,0
0.00066,0.1421,0.0411,0.0465,0.00399,0.0855,21.8,0
-0.00157,0.1187,0.0489,0.0524,0.00884,0.0627,18.15,0
-0.00193,0.1735,0.0544,0.0323,0.00179,0.0835,20.9,0
-0.00389,0.1407,0.0476,0.0382,-0.00354,0.0463,12.32,0
-0.00811,0.3048,0.0677,0.1216,-0.01698,0.1548,46.34,1
0.00933,0.1526,0.0377,0.0499,-0.00593,0.041,13.88,0
0.00553,0.1372,0.039,0.0414,0.00127,0.062,18.48,0
-0.01131,0.154,0.0516,0.047,0.0022,0.0871,17.42,0
0.00138,0.1574,0.0262,0.065,0.003,0.058,16.51,0
-0.00499,0.139,0.0486,0.0435,-0.00377,0.0801,14.68,0
0.01841,0.1667,0.0661,0.0689,-0.00343,0.0526,13.11,0
-0.00656,0.1286,0.0467,0.0691,-0.00149,0.0736,17.74,0
-0.00039,0.1065,0.0418,0.06,-0.00276,0.0769,21.57,0
-0.02448,0.5626,0.0646,0.1883,-0.03871,0.1528,30.07,1
0.00365,0.1465,0.0391,0.0437,0.00258,0.0815,11.76,0
-0.00477,0.1308,0.0433,0.0396,0.00176,0.0446,14.6,0
-0.01183,0.4556,0.0281,0.2078,-0.00938,0.1644,41.81,1
0.0009,0.1585,0.0614,0.0494,-0.0019,0.0486,19.87,0
0.01196,0.2965,0.0504,0.1672,-0.01714,0.3057,33.72,1
-0.00899,0.1565,0.0445,0.0671,-0.00371,0.0535,19.36,0
-0.00422,0.1609,0.0378,0.0519,0.00702,0.0552,18.09,0
-0.00728,0.5344,0.1078,0.1318,0.00509,0.3147,29.58,1
7e-05,0.5388,0.0517,0.1394,0.00148,0.3123,44.57,1
-0.01543,0.6112,0.0661,0.1362,-0.00206,0.1925,39.68,1
0.00088,0.4446,0.0651,0.103,0.0006,0.2868,39.29,1
-0.00324,0.5828,0.0825,0.1798,0.00043,0.1703,33.1,1
-0.00804,0.1271,0.0386,0.0638,-0.00299,0.0608,14.46,0
0.00876,0.1181,0.0549,0.0683,-0.00213,0.0592,20.11,0
0.00261,0.145,0.0603,0.057,-0.00162,0.0876,11.59,0
0.00242,0.1306,0.054,0.0374,0.00021,0.0664,13.71,0
-0.00714,0.1575,0.0383,0.0357,-0.00137,0.0526,11.29,0
0.00054,0.1647,0.045,0.0614,0.00738,0.0605,11.27,0
-0.01014,0.1053,0.0474,0.0638,0.00041,0.0826,13.09,0
0.0176,0.1609,0.048,0.0685,-0.00433,0.0853,20.43,0
-0.00065,0.1006,0.0491,0.0518,0.00337,0.0675,18.57,0
0.00252,0.1215,0.0588,0.0374,-0.0005,0.0525,20.91,0
-0.01815,0.4872,0.019,0.1033,-0.01737,0.2879,33.9,1
0.00285,0.1053,0.0366,0.0538,-0.01156,0.0789,12.25,0
0.00825,0.113,0.0444,0.0457,-0.00327,0.0648,15.43,0
0.01661,0.1415,0.0481,0.0686,-0.00242,0.0421,18.24,0
-0.0131,0.1324,0.0352,0.0502,0.00433,0.0415,14.39,0
0.00701,0.1653,0.0414,0.0668,-0.00324,0.0499,17.83,0
0.00637,0.1158,0.0497,0.0565,-0.00275,0.0803,17.22,0
0.01636,0.1239,0.0533,0.0564,-0.0002,0.0763,20.53,0
-0.00247,0.1037,0.0445,0.0473,0.0004,0.0568,19.65,0
-0.00288,0.1306,0.0366,0.0577,-0.00713,0.0715,15.46,0
0.00685,0.314,0.0696,0.1222,0.0205,0.1328,45.96,1
-0.01011,0.102,0.041,0.0544,-0.00308,0.0699,14.08,0
0.00574,0.1398,0.0474,0.0417,0.00621,0.0847,12.45,0
-0.00536,0.103,0.0377,0.0443,-0.00252,0.086,11.66,0
-0.02278,0.3993,0.063,0.1082,-0.01485,0.1966,42.63,1
-0.00549,0.1046,0.0461,0.0521,0.004,0.0592,14.13,0
-0.00897,0.1332,0.052,0.0358,0.00104,0.0454,14.84,0
-0.00852,0.1732,0.0551,0.0596,-0.00232,0.0494,11.63,0
0.00839,0.6094,0.0537,0.1036,0.01547,0.1794,51.74,1
0.00411,0.1244,0.0493,0.0605,0.00956,0.052,13.06,0
0.00211,0.105,0.04,0.0394,-0.00529,0.0855,19.9,0
-0.00046,0.1795,0.0323,0.0571,-0.00267,0.0752,16.39,0
-0.00455,0.1355,0.0497,0.0444,-0.00271,0.0894,21.56,0
0.00543,0.177,0.0352,0.0556,0.00419,0.0416,14.16,0
0.00631,0.1012,0.0453,0.0649,0.00135,0.0478,13.2,0
0.01395,0.5999,0.0819,0.1779,-0.00357,0.166,29.87,1
0.00109,0.1127,0.0441,0.0301,0.00504,0.0452,17.99,0
0.0261,0.6152,0.0604,0.0985,0.00154,0.28,38.25,1
-0.00895,0.1596,0.0511,0.0574,0.00522,0.0431,15.43,0
0.00272,0.1305,0.0606,0.0432,-0.00065,0.0429,14.96,0
0.00236,0.1037,0.0427,0.0449,-0.00981,0.0592,18.53,0
0.00162,0.142,0.0399,0.0455,0.00444,0.0624,14.24,0
0.01321,0.1323,0.0434,0.0301,0.00091,0.0691,17.42,0
0.00695,0.1572,0.0405,0.0441,-0.0071,0.0426,11.75,0
0.00627,0.1663,0.0404,0.0391,0.01199,0.0681,14.0,0
-0.03388,0.3185,0.0639,0.1919,-0.01853,0.1437,48.47,1
-0.00569,0.1729,0.0372,0.0464,-0.0007,0.0548,19.18,0
-0.01746,0.4342,0.0814,0.1277,0.00445,0.21,56.77,1
0.0056,0.1085,0.046,0.0454,-0.00248,0.053,12.55,0
0.00807,0.1593,0.0453,0.0632,0.00521,0.0637,11.74,0
0.01164,0.1308,0.0344,0.0546,-0.00238,0.0745,15.23,0
0.0142,0.6277,0.0635,0.1421,0.02187,0.203,43.62,1
-0.009,0.1162,0.0232,0.0558,0.0014,0.0461,14.22,0
-0.03635,0.3492,0.0576,0.1318,-0.00425,0.2371,52.94,1
-0.00644,0.1715,0.0479,0.0617,0.00647,0.0711,20.6,0
-0.00448,0.1706,0.0568,0.0434,-0.0004,0.0647,14.48,0
0.01067,0.1494,0.0376,0.0559,0.00028,0.0581,16.53,0
-0.0036,0.1047,0.0544,0.0455,-0.00267,0.0491,15.3,0
-0.00882,0.1761,0.0349,0.0574,0.00038,0.0863,18.52,0
-0.01116,0.1042,0.0407,0.0519,0.00263,0.0407,16.68,0
0.0013,0.1181,0.0431,0.0309,0.00505,0.0648,20.1,0
0.00074,0.1796,0.0431,0.0322,-0.00226,0.0724,21.41,0
0.01013,0.1307,0.0391,0.0563,-0.005,0.0875,17.09,0
0.00105,0.1462,0.0502,0.0453,-0.0004,0.0519,14.2,0
0.01067,0.164,0.0428,0.034,-0.00839,0.065,12.08,0
0.00441,0.1419,0.0531,0.0355,0.00594,0.0752,17.07,0
-0.02989,0.3471,0.0983,0.1951,0.01311,0.2156,64.13,1
-0.00775,0.13,0.0383,0.051,0.00246,0.0477,19.09,0
-0.00131,0.118,0.0348,0.0339,-0.00072,0.0745,14.34,0
-0.00428,0.109,0.0454,0.055,0.00214,0.0542,17.19,0
0.00811,0.1228,0.0382,0.0689,0.00639,0.0574,13.32,0
-0.00333,0.1793,0.0671,0.0392,0.00236,0.0416,20.66,0
0.00347,0.1774,0.0596,0.0602,-0.00317,0.0501,16.88,0
-0.00456,0.1433,0.0442,0.0444,0.00656,0.0867,15.38,0
-0.00196,0.111,0.059,0.0521,0.00414,0.0742,21.33,0
0.00429,0.4171,0.0309,0.2157,-0.00783,0.1382,64.55,1
0.00817,0.434,0.0725,0.1564,0.0165,0.2222,36.01,1
-0.00189,0.1321,0.0444,0.0449,-0.0032,0.0862,18.99,0
0.00207,0.1408,0.0333,0.0447,0.00705,0.0715,15.33,0
-0.00375,0.1035,0.0496,0.0364,0.0004,0.057,15.87,0
0.01142,0.1255,0.0615,0.057,0.00369,0.0868,21.29,0
-0.00021,0.1305,0.0528,0.0634,0.00492,0.0694,18.94,0
-0.00499,0.1317,0.039,0.0552,-0.00098,0.0888,17.89,0
0.02789,0.5072,0.079,0.213,-0.02625,0.1602,33.26,1
0.00031,0.1777,0.0342,0.0333,0.00513,0.078,18.98,0
-0.00437,0.1044,0.0483,0.0386,0.0038,0.0561,19.2,0
0.00985,0.1549,0.0382,0.062,-0.00072,0.0495,11.4,0
-0.0256,0.5119,0.0277,0.1663,-0.00092,0.2863,34.55,1
0.03055,0.5501,0.065,0.1682,0.00591,0.3139,31.5,1
0.00935,0.103,0.0311,0.0489,0.0011,0.0454,12.77,0
-0.00466,0.175,0.0434,0.0503,0.00213,0.0408,15.02,0
-0.0121,0.1456,0.0546,0.0511,-0.00183,0.0644,21.21,0
0.00813,0.1011,0.0463,0.0455,0.00203,0.0873,13.85,0
-0.00638,0.1217,0.0447,0.0313,0.00692,0.0622,17.1,0
-0.00553,0.1476,0.0364,0.0621,-0.00241,0.0752,18.5,0
-0.0095,0.1392,0.0482,0.0508,0.00491,0.0866,12.92,0
0.02302,0.6499,0.0854,0.1711,0.00137,0.1328,47.31,1
-0.00273,0.1646,0.0332,0.0656,0.0097,0.0459,11.15,0
-0.00105,0.1224,0.0393,0.0667,0.00159,0.0743,17.11,0
-0.0098,0.1115,0.0528,0.0488,-0.00145,0.0857,14.5,0
-0.01003,0.1596,0.0526,0.0535,0.00067,0.0566,13.23,0
-0.0094,0.1367,0.0448,0.0545,-0.00571,0.0815,16.98,0
-0.01796,0.1688,0.05,0.0692,-0.00188,0.0571,15.19,0
0.01747,0.1402,0.0446,0.064,-0.00669,0.0718,14.65,0
0.01073,0.1665,0.0448,0.054,-0.00691,0.0602,21.66,0
-0.00389,0.1323,0.0418,0.035,0.00145,0.0519,14.89,0
-0.00779,0.1129,0.0427,0.0468,0.00069,0.0535,11.31,0
0.00023,0.472,0.074,0.108,-0.01894,0.2292,32.71,1
0.018,0.1716,0.0556,0.0428,0.0004,0.0452,16.33,0
0.00059,0.1432,0.0249,0.0429,0.00289,0.0525,11.56,0
0.00658,0.1054,0.0456,0.0595,-0.00227,0.0499,12.88,0
-0.00368,0.1702,0.0506,0.046,0.00389,0.0677,19.31,0
0.00732,0.1092,0.0345,0.0418,0.00651,0.0899,12.74,0
-0.01708,0.1789,0.0456,0.0669,0.00043,0.0895,21.11,0
-0.01117,0.143,0.0449,0.0623,-0.00068,0.0564,16.41,0
0.01927,0.1161,0.0548,0.0595,-0.00434,0.0666,11.44,0
0.01466,0.1194,0.0571,0.0358,0.00026,0.0431,15.15,0
0.00501,0.1765,0.0482,0.0507,-0.00438,0.0838,13.64,0
0.00985,0.1733,0.0484,0.0382,-0.00055,0.0896,19.79,0
0.01008,0.1202,0.0349,0.0585,0.00306,0.0609,16.6,0
-0.01627,0.1231,0.045,0.0389,-0.0007,0.0646,20.3,0
-0.00367,0.1341,0.0412,0.0475,0.00308,0.0496,17.22,0
0.00348,0.2687,0.0685,0.1864,-0.03207,0.2805,64.4,1
-0.01238,0.1361,0.0421,0.049,-0.00366,0.0611,20.44,0
0.01125,0.1497,0.0451,0.0443,0.00681,0.0645,13.78,0
0.00104,0.1057,0.0587,0.0304,0.00341,0.0851,13.18,0
0.00396,0.1475,0.0471,0.0509,-0.0047,0.0425,19.35,0
-0.00661,0.1191,0.0633,0.0405,0.00059,0.061,20.53,0
-0.00743,0.1703,0.037,0.0633,-0.00103,0.0831,13.89,0
-0.01556,0.1501,0.0456,0.0381,0.00315,0.0781,12.43,0
0.00273,0.1443,0.0469,0.0528,-0.00891,0.0877,17.36,0
0.03552,0.4871,0.098,0.1024,-0.01482,0.2505,44.66,1
0.01083,0.14,0.041,0.0674,0.00254,0.0799,15.48,0
-0.00168,0.6032,0.1044,0.0945,-0.00982,0.1639,38.2,1
-0.00437,0.1427,0.0384,0.0682,-0.00529,0.0717,12.03,0
-0.00202,0.1295,0.0536,0.0433,-0.00148,0.0849,11.69,0
-0.0382,0.6486,0.0602,0.2022,-0.01439,0.2844,58.47,1
0.00928,0.5099,0.0915,0.1815,-0.01064,0.2541,62.38,1
-0.00218,0.4928,0.121,0.2089,0.01743,0.3124,28.58,1
-0.00075,0.1611,0.0533,0.0604,-0.00094,0.071,17.78,0
0.00894,0.1567,0.0325,0.0346,0.00234,0.0744,17.58,0
-0.00018,0.1264,0.0292,0.0656,-0.00027,0.0893,12.52,0
-0.00053,0.1401,0.036,0.0523,-0.00077,0.0566,13.46,0
0.00037,0.1479,0.0357,0.0586,0.00756,0.0517,15.23,0
0.01669,0.169,0.0478,0.0389,0.0041,0.0655,18.38,0
-0.00202,0.138,0.0448,0.0594,0.0048,0.0553,17.17,0
-0.00492,0.1317,0.0509,0.0403,0.00582,0.0484,18.17,0
0.06994,0.5583,0.0899,0.1357,0.00442,0.1637,40.76,1
-0.03729,0.6335,0.0836,0.113,-0.01666,0.1854,45.26,1
-0.00027,0.3802,0.0933,0.1252,-0.01491,0.1556,41.48,1
-0.02626,0.3344,0.0589,0.2177,-0.00209,0.2363,64.03,1
-0.00467,0.1025,0.0552,0.0413,-0.00168,0.0619,18.12,0
0.01003,0.1784,0.0526,0.0513,-0.00135,0.0823,19.74,0
-0.00862,0.133,0.049,0.0378,0.0017,0.0533,21.17,0
0.00085,0.1214,0.0677,0.0523,0.00385,0.072,13.43,0
0.01254,0.2875,0.0627,0.218,-0.01483,0.2275,48.7,1
-0.02399,0.1372,0.0513,0.066,-0.00494,0.0673,20.5,0
0.00745,0.169,0.0642,0.0542,-0.00107,0.062,12.71,0
0.00775,0.1712,0.0381,0.0383,0.00164,0.0417,11.59,0
-0.00084,0.3721,0.0467,0.1581,-0.02999,0.2235,57.83,1
-0.00989,0.14,0.0412,0.0511,-0.00889,0.0597,13.71,0
-0.01173,0.1098,0.0486,0.0535,0.00043,0.0546,18.66,0
0.003,0.1779,0.0574,0.0434,-0.00355,0.0729,15.41,0
0.04386,0.3316,0.104,0.2094,0.01634,0.2816,35.13,1
0.0019,0.1278,0.0356,0.066,0.01,0.0808,16.09,0
-0.00067,0.1015,0.0298,0.0442,7e-05,0.0879,14.41,0
-0.00502,0.1662,0.0438,0.0649,0.00382,0.0589,19.64,0
0.01081,0.2582,0.074,0.1489,0.02111,0.2598,66.77,1
-0.00049,0.1555,0.0391,0.0696,0.00045,0.0508,18.77,0
0.01153,0.1101,0.0353,0.052,-0.00242,0.0775,19.46,0
-0.00524,0.1464,0.0556,0.0368,-0.00234,0.0405,20.93,0
0.00537,0.1017,0.0452,0.0349,0.00033,0.0428,16.81,0
0.00403,0.1273,0.0433,0.0633,0.00616,0.0415,12.46,0
0.00322,0.1023,0.0436,0.0556,-0.00269,0.0577,15.86,0
0.00541,0.1606,0.0258,0.0614,0.00067,0.0426,14.7,0
-0.00756,0.1559,0.0487,0.0388,-0.00279,0.0764,16.58,0
-0.0115,0.1003,0.0379,0.0439,0.005,0.0457,19.36,0
0.00037,0.1343,0.0452,0.067,-0.00891,0.0628,15.92,0
0.00385,0.1325,0.0453,0.0661,0.00043,0.0883,18.9,0
0.03996,0.3905,0.0693,0.158,-0.03,0.3009,29.96,1
-0.02368,0.5571,0.0215,0.0908,-0.00045,0.1745,67.98,1
0.01141,0.1749,0.0503,0.0551,0.00341,0.084,14.28,0
0.03094,0.4213,0.0539,0.1751,-0.00051,0.2992,43.83,1
-0.00094,0.1187,0.046,0.0503,0.00016,0.0631,21.1,0
-0.0074,0.1464,0.0366,0.0423,0.00215,0.0829,11.65,0
0.01348,0.1471,0.0472,0.0489,0.00171,0.0609,17.15,0
-0.00676,0.1422,0.0374,0.0404,-0.00579,0.0499,16.24,0
0.01023,0.1693,0.04,0.0385,0.00271,0.0722,21.42,0
0.00627,0.5978,0.073,0.1677,-0.01447,0.1306,64.14,1
0.00374,0.1679,0.047,0.0486,0.00192,0.073,12.86,0
0.00674,0.1098,0.0398,0.0576,0.00036,0.0429,17.82,0
0.00433,0.1195,0.0517,0.0328,-0.00247,0.063,11.94,0
0.02138,0.282,0.0418,0.1605,-0.01432,0.2933,35.13,1
0.01482,0.15,0.0412,0.0417,0.00029,0.0791,15.29,0
-0.01352,0.2663,0.0866,0.0955,0.01638,0.2755,52.54,1
0.00815,0.1081,0.0358,0.0474,0.00176,0.046,17.49,0
0.01123,0.1234,0.0367,0.0687,-0.00233,0.0456,12.95,0
0.00547,0.1555,0.0463,0.0619,-0.00098,0.0408,21.13,0
0.01476,0.1379,0.0424,0.0486,-0.00503,0.0613,11.28,0
0.00624,0.105,0.0438,0.0359,0.00123,0.0864,18.93,0
0.01536,0.2924,0.0838,0.1939,-0.00825,0.2793,50.82,1
-0.00537,0.1017,0.0404,0.0498,-0.00805,0.0428,18.17,0
0.01233,0.1222,0.0485,0.0547,-0.00683,0.0536,20.41,0
-0.02788,0.6346,0.0619,0.1559,0.00082,0.2917,67.39,1
-0.01502,0.6096,0.0573,0.2132,0.01937,0.1322,50.58,1
-0.00318,0.1345,0.0419,0.0444,0.00117,0.071,13.38,0
0.01421,0.1617,0.0448,0.0642,-0.00223,0.0445,14.99,0
-0.00488,0.1386,0.043,0.0329,-0.0013,0.0841,19.81,0
-0.00626,0.1572,0.0442,0.0602,-0.00048,0.0477,20.58,0
-0.0075,0.1769,0.0502,0.0428,0.00467,0.0866,18.8,0
0.00334,0.1763,0.0415,0.0578,0.00151,0.0636,11.79,0
0.01888,0.2819,0.0765,0.1092,0.00582,0.1975,54.59,1
0.00829,0.1588,0.0455,0.0314,-0.00096,0.0566,18.72,0
0.01132,0.1242,0.0545,0.0459,-0.0033,0.0865,19.31,0
0.00883,0.1499,0.0318,0.03,-0.00315,0.0778,17.39,0
-0.008,0.1727,0.0334,0.0448,0.00785,0.0599,18.04,0
0.00864,0.1089,0.0563,0.0605,-0.00246,0.0405,13.72,0
-0.00515,0.1169,0.05,0.0396,0.00042,0.062,21.55,0
-0.01354,0.1788,0.0639,0.0374,0.00312,0.082,15.88,0
-0.0007,0.121,0.0307,0.0333,-0.00326,0.0402,18.65,0
0.00301,0.1068,0.0466,0.0682,-0.00306,0.0749,21.6,0
0.00173,0.1735,0.0542,0.0548,-0.00325,0.0814,12.39,0
-0.02024,0.124,0.0606,0.0657,0.00851,0.048,14.31,0
0.00122,0.1276,0.0406,0.0504,-2e-05,0.0454,20.23,0
0.00494,0.1792,0.0567,0.0646,-0.00218,0.0645,11.93,0
-0.00697,0.1588,0.0582,0.0414,0.00075,0.0811,12.96,0
0.00228,0.1002,0.0326,0.0404,0.00049,0.0775,14.69,0
-0.01411,0.1009,0.0544,0.0489,0.01186,0.0459,20.38,0
-0.00407,0.4384,0.0635,0.1859,-0.00745,0.1214,48.42,1
-0.00291,0.1539,0.0378,0.051,-0.00256,0.0595,16.78,0
0.00324,0.3898,0.1063,0.1461,0.01946,0.1228,63.85,1
-0.02313,0.1005,0.035,0.0362,-0.00318,0.0555,14.05,0
-0.00878,0.1585,0.0434,0.0515,-0.00721,0.0757,14.88,0
0.00436,0.1172,0.0404,0.0521,-0.0005,0.0712,16.57,0
-0.00032,0.1673,0.0381,0.0312,0.00328,0.0645,16.86,0
-0.00234,0.147,0.0403,0.0585,0.00168,0.0675,20.4,0
0.0077,0.1125,0.0507,0.0629,-0.00592,0.0825,14.23,0
-0.0022,0.5039,0.0658,0.1214,0.00537,0.2617,58.2,1
0.01151,0.3384,0.0704,0.1769,0.00695,0.2463,30.66,1
-0.01505,0.1524,0.0494,0.0548,0.00415,0.0504,21.75,0
-0.00471,0.1711,0.0432,0.0534,0.00602,0.0471,21.98,0
-0.01127,0.1797,0.0492,0.0392,-0.00379,0.0723,11.97,0
-0.0015,0.1431,0.0485,0.0576,0.00614,0.0791,20.9,0
0.00714,0.1746,0.0581,0.0581,-0.00251,0.056,12.33,0
0.00879,0.1259,0.042,0.0695,-0.00194,0.0693,21.33,0
-0.00395,0.1734,0.05,0.0685,-0.00493,0.0763,19.64,0
-0.00656,0.1396,0.0554,0.0314,0.00042,0.0679,16.65,0
-0.0134,0.155,0.0405,0.0361,0.00454,0.0465,19.31,0
0.01159,0.124,0.0442,0.0497,-0.00157,0.0604,19.91,0
0.00417,0.1168,0.0399,0.038,0.00234,0.078,12.77,0
0.0034,0.1541,0.0476,0.0409,0.00389,0.0848,14.22,0
0.01531,0.1245,0.0528,0.0621,0.00244,0.0897,15.62,0
0.00186,0.1225,0.0429,0.0625,0.00516,0.0809,12.99,0
0.02522,0.5726,0.0603,0.2067,0.00182,0.3152,37.45,1
-0.0023,0.1541,0.0506,0.0384,0.0045,0.0778,21.56,0
-0.00193,0.1135,0.0534,0.0649,0.00758,0.0713,12.79,0
-0.00346,0.128,0.0443,0.07,0.00238,0.0673,16.03,0
0.02599,0.3698,0.0992,0.1952,0.00361,0.2244,60.57,1
0.00746,0.1287,0.0493,0.0321,-0.00296,0.0416,15.43,0
-0.01281,0.1511,0.0431,0.0661,7e-05,0.0507,19.28,0
0.00737,0.5464,0.071,0.1632,-0.01901,0.132,58.92,1
-0.00346,0.159,0.0416,0.046,-0.00702,0.0612,16.02,0
-0.01248,0.1027,0.0342,0.0644,0.00697,0.0508,19.33,0
-0.00203,0.1007,0.0439,0.0492,-0.00391,0.0469,12.03,0
0.02025,0.2557,0.0849,0.1335,0.00292,0.1516,44.89,1
-0.01125,0.1365,0.0446,0.0384,-0.00697,0.0856,21.24,0
0.01056,0.1099,0.0471,0.0435,-0.00839,0.0807,13.4,0
-0.01302,0.1767,0.0319,0.0665,-0.00203,0.0736,18.51,0
-0.00907,0.6083,0.0845,0.106,0.00026,0.1203,60.83,1
-0.00496,0.5317,0.0917,0.2169,-0.01314,0.2123,54.24,1
0.00947,0.4077,0.0497,0.1227,-0.023,0.2829,30.39,1
-0.00173,0.1493,0.0315,0.0647,0.00484,0.0562,20.7,0
0.00396,0.1689,0.0515,0.0337,-0.00167,0.0436,15.81,0
-0.01059,0.3229,0.0664,0.1055,-0.01022,0.2363,51.91,1
0.01071,0.1082,0.0308,0.0632,-0.00089,0.0725,17.45,0
0.01651,0.1749,0.0545,0.0684,-0.00775,0.0634,13.01,0
-0.01914,0.5341,0.0965,0.2124,-0.00839,0.2452,31.95,1
0.00434,0.1223,0.0407,0.0642,0.00274,0.0743,18.44,0
0.02921,0.4639,0.0584,0.1324,0.00405,0.1946,47.43,1
-0.00263,0.3827,0.104,0.1262,0.01558,0.2072,62.23,1
-0.00147,0.1473,0.0399,0.0661,0.00824,0.0794,14.3,0
-0.00165,0.131,0.0447,0.0563,0.00634,0.0568,12.12,0
-0.01086,0.132,0.0332,0.0667,0.00355,0.0651,17.04,0
-0.02013,0.6326,0.0764,0.2179,-0.01231,0.2385,44.79,1
-0.03494,0.2933,0.0924,0.1992,-0.00027,0.154,45.34,1
0.00976,0.1588,0.0366,0.0468,0.00156,0.0424,17.11,0
0.01279,0.1439,0.0436,0.0421,0.00138,0.0573,18.5,0
-0.00121,0.4068,0.0667,0.2151,-0.01557,0.2343,62.18,1
-0.00566,0.1525,0.0485,0.049,-0.00807,0.0476,19.51,0
0.00598,0.1493,0.0552,0.062,-0.00269,0.0454,21.54,0
0.01671,0.1031,0.0558,0.0682,-0.00036,0.0642,13.74,0
0.00014,0.1737,0.0477,0.0586,-0.00119,0.0454,14.88,0
0.00884,0.1457,0.0307,0.0322,0.0019,0.0465,13.83,0
0.00686,0.1061,0.0481,0.0373,-0.00307,0.0546,21.66,0
0.00056,0.1619,0.0548,0.0401,-0.00389,0.0524,11.24,0
0.0054,0.1182,0.0496,0.03,0.00475,0.0696,12.7,0
-0.00782,0.157,0.0563,0.0319,0.00548,0.0519,12.02,0
-0.01122,0.121,0.047,0.0356,0.00485,0.0445,17.08,0
0.00216,0.1541,0.0388,0.0655,-0.00357,0.0506,13.47,0
0.00754,0.1664,0.053,0.0302,-0.00327,0.0452,19.59,0
-0.00695,0.1654,0.051,0.0357,-0.00035,0.0674,17.85,0
0.01572,0.3476,0.0628,0.2119,-0.013,0.2536,41.11,1
0.01405,0.1626,0.061,0.0394,-0.00084,0.0424,21.5,0
-0.01911,0.1297,0.0475,0.038,0.00023,0.0891,19.66,0
0.00257,0.1017,0.0531,0.0493,-0.00355,0.086,18.1,0
0.00592,0.383,0.0484,0.132,-0.01292,0.1856,46.84,1
-0.0068,0.1761,0.0415,0.0413,0.00214,0.0596,12.13,0
-0.00634,0.1441,0.0359,0.0633,0.00319,0.0547,20.4,0
0.03725,0.5194,0.1027,0.1102,0.01088,0.1251,28.68,1
0.0104,0.1292,0.0364,0.0479,0.00507,0.086,21.43,0
0.00389,0.1759,0.0598,0.032,0.00186,0.0792,11.1,0
0.00167,0.1241,0.0359,0.0676,-0.0051,0.0644,12.43,0
-0.01081,0.1794,0.0368,0.0437,0.00377,0.0608,21.12,0
0.00748,0.1376,0.0552,0.0545,-0.00556,0.0476,12.68,0
-0.00299,0.1736,0.0451,0.0695,-0.00461,0.0509,18.38,0
-0.00033,0.1098,0.0406,0.0574,0.003,0.0578,18.53,0
-0.0127,0.1045,0.037,0.0518,-0.0011,0.0726,15.36,0
0.01639,0.1544,0.0577,0.0518,0.00326,0.0686,19.81,0
0.0118,0.1159,0.0598,0.0304,0.00186,0.0503,16.89,0
0.01104,0.1629,0.0566,0.059,-0.00087,0.0683,17.09,0
-0.00403,0.1302,0.0592,0.064,-0.00091,0.0772,13.6,0
-0.00965,0.5387,0.1075,0.1183,0.02546,0.1993,36.96,1
0.00482,0.1181,0.0383,0.032,0.00149,0.0612,18.8,0
0.01524,0.1411,0.0462,0.062,0.00233,0.0662,18.73,0
-0.00359,0.1447,0.0643,0.0309,0.00069,0.0741,12.26,0
0.01106,0.3552,0.0525,0.1954,-0.00705,0.2189,58.05,1
0.00779,0.1282,0.0526,0.0417,2e-05,0.0592,15.63,0
0.00727,0.1253,0.0311,0.0516,0.0007,0.0468,14.79,0
0.00309,0.1659,0.0286,0.0388,0.00423,0.0891,17.96,0
0.00286,0.1466,0.0526,0.0646,0.00902,0.0837,17.96,0
-0.00033,0.1465,0.0622,0.0646,-0.0011,0.0815,21.28,0
-0.02852,0.4836,0.068,0.1576,-0.00425,0.1686,39.59,1
-0.01636,0.1518,0.0417,0.0396,0.00439,0.0443,20.05,0
-0.00053,0.1341,0.0337,0.0365,-0.00088,0.0603,19.94,0
0.00523,0.14,0.0506,0.0483,0.00542,0.0776,18.78,0
-0.00147,0.1036,0.0468,0.0551,9e-05,0.0774,15.89,0
0.0166,0.1498,0.0531,0.0532,-0.00312,0.0683,16.8,0
0.00853,0.4925,0.0618,0.096,-0.00585,0.2304,64.9,1
-0.00203,0.1537,0.0359,0.0386,-0.00309,0.0423,12.93,0
0.0018,0.143,0.0462,0.0414,0.00674,0.075,21.34,0
0.00071,0.1698,0.047,0.0322,-0.00375,0.0783,19.45,0
-0.02602,0.1375,0.0377,0.0693,0.00097,0.0531,16.69,0
-0.00756,0.118,0.0455,0.0365,0.00427,0.063,13.02,0
-0.04297,0.4092,0.0511,0.1617,0.02038,0.1669,54.67,1
-0.00087,0.1077,0.0363,0.0663,-0.00332,0.0512,15.47,0
-0.02368,0.505,0.0452,0.1922,0.0022,0.2576,65.41,1
0.00529,0.1417,0.0463,0.0472,0.00107,0.0717,20.31,0
0.02134,0.3522,0.0579,0.1893,-0.00408,0.2356,42.6,1
0.00295,0.1786,0.048,0.046,-0.003,0.0611,16.17,0
-0.02054,0.1542,0.0452,0.04,6e-05,0.0574,21.73,0
0.00142,0.1663,0.0345,0.0626,0.00456,0.0501,12.87,0
-0.00589,0.1137,0.0336,0.0576,8e-05,0.0662,20.78,0
-0.01038,0.1221,0.0538,0.0404,0.00575,0.0704,11.8,0
-0.00201,0.1259,0.0505,0.0622,0.00156,0.042,17.36,0
-0.00557,0.1411,0.0344,0.0361,0.00478,0.0803,11.35,0
0.00956,0.4705,0.0554,0.1728,-0.01052,0.1435,41.91,1
-0.00109,0.1363,0.0544,0.044,0.00242,0.0855,17.29,0
-0.01325,0.1106,0.0566,0.0338,-0.00807,0.0614,19.99,0
0.00373,0.1258,0.0424,0.0482,-0.00137,0.0678,18.36,0
0.009,0.1503,0.0372,0.0537,0.00151,0.0481,15.2,0
0.01014,0.1527,0.0401,0.0645,0.00313,0.0582,12.6,0
-0.00515,0.1643,0.0597,0.0384,0.00529,0.0884,19.25,0
-0.0118,0.154,0.0406,0.0633,-0.00192,0.0631,15.45,0
-0.00596,0.148,0.051,0.0585,-0.00029,0.0486,17.81,0
-0.01063,0.1284,0.0406,0.0359,-0.0031,0.0586,15.57,0
-0.01423,0.157,0.032,0.0558,-0.00232,0.0826,17.04,0
0.00123,0.6494,0.0772,0.1589,-0.0109,0.2164,30.91,1
0.00599,0.1761,0.0413,0.0319,-0.0022,0.0477,12.49,0
0.00139,0.1372,0.0585,0.0594,0.00962,0.0565,13.66,0
-0.00753,0.1329,0.0541,0.068,0.00447,0.073,18.83,0
0.01553,0.1717,0.0468,0.0594,-0.00167,0.0881,18.48,0
-0.00298,0.1479,0.0444,0.0412,0.0018,0.0441,12.44,0
-0.00702,0.2522,0.1252,0.0973,0.00861,0.2362,40.7,1
-0.00191,0.1552,0.0446,0.0659,-0.00145,0.0862,17.31,0
0.00179,0.1373,0.046,0.0522,-9e-05,0.073,13.18,0
-0.01267,0.1063,0.045,0.0489,-0.00496,0.0896,19.93,0
-0.04454,0.4761,0.0738,0.1346,-0.00897,0.1742,43.11,1
-0.00724,0.137,0.0443,0.0426,0.00014,0.0617,13.02,0
-0.00464,0.3038,0.0929,0.1888,-0.02417,0.3174,32.32,1
-0.07322,0.2533,0.0692,0.2035,-0.00464,0.2977,50.09,1
0.00054,0.141,0.0365,0.0371,-0.0032,0.0871,17.26,0
0.01551,0.1182,0.0455,0.0377,0.00085,0.041,20.89,0
-0.00398,0.132,0.0454,0.0566,0.00423,0.0855,14.32,0
0.00184,0.1497,0.0361,0.0364,-0.0017,0.0782,13.43,0
-0.00803,0.1421,0.0532,0.0523,-0.00285,0.0857,21.28,0
-0.00811,0.1251,0.042,0.0439,-0.00213,0.0769,19.67,0
0.00102,0.1211,0.0482,0.0698,0.00181,0.0747,21.44,0
0.00086,0.1329,0.0397,0.0471,0.00232,0.0753,19.2,0
0.00558,0.1747,0.0452,0.0512,0.00513,0.0634,13.92,0
-0.00154,0.135,0.0393,0.0486,0.00546,0.0456,16.14,0
0.02516,0.3997,0.0688,0.1905,0.0189,0.2165,54.82,1
-0.00508,0.1129,0.0398,0.0405,0.00059,0.042,20.18,0
0.01743,0.1234,0.0463,0.0689,0.0003,0.077,20.73,0
0.00141,0.1586,0.0441,0.0591,0.00401,0.0582,18.08,0
0.04999,0.3729,0.0707,0.1391,-0.00945,0.1558,34.16,1
0.00401,0.1747,0.0441,0.0621,0.00697,0.0708,15.13,0
0.00916,0.119,0.0377,0.0652,-0.0,0.0462,21.13,0
0.00045,0.4886,0.0756,0.1585,0.01282,0.308,46.85,1
-0.00019,0.4013,0.1002,0.0964,0.0129,0.1486,66.53,1
0.01844,0.3244,0.063,0.1101,0.00752,0.1677,39.92,1
-0.06272,0.6024,0.0788,0.0965,-0.01174,0.193,40.21,1
0.00851,0.1478,0.0475,0.0682,-0.00325,0.0809,12.39,0
0.02927,0.3692,0.118,0.2158,-0.00067,0.2784,57.43,1
-0.00865,0.1398,0.0459,0.0531,-0.00794,0.0659,19.76,0
0.00369,0.3898,0.0648,0.191,0.00644,0.281,60.56,1
-0.00944,0.1642,0.047,0.0668,0.00219,0.0455,14.84,0
0.01579,0.1505,0.036,0.0324,-0.00123,0.041,16.24,0
0.01274,0.1469,0.058,0.0449,-0.0028,0.048,17.82,0
0.00096,0.1192,0.0529,0.0606,-0.00364,0.0495,17.25,0
0.0015,0.1177,0.0517,0.0568,0.00431,0.0731,16.04,0
0.02307,0.1792,0.0531,0.046,-0.00206,0.0541,21.35,0
-0.00261,0.4307,0.1105,0.1589,-0.01495,0.1259,29.34,1
0.00746,0.1123,0.0527,0.0541,-0.00141,0.0556,18.99,0
-0.06193,0.318,0.0848,0.1868,-0.00369,0.1938,36.36,1
0.00122,0.1332,0.0443,0.0335,-0.00612,0.0736,13.2,0
-0.00518,0.1579,0.0387,0.0421,0.00145,0.0568,19.26,0
0.00645,0.277,0.0631,0.2151,0.00966,0.1596,29.03,1
0.01412,0.1455,0.0465,0.0472,-0.0001,0.0676,15.4,0
-0.00436,0.4969,0.0729,0.1586,0.00021,0.3062,60.35,1
0.02783,0.2971,0.0939,0.2057,-0.01244,0.1674,57.42,1
-0.00891,0.1567,0.0583,0.0352,0.00476,0.0819,14.81,0
-0.01674,0.3094,0.0567,0.1324,0.01063,0.3008,50.06,1
-0.00303,0.1561,0.0351,0.0668,-0.00574,0.0769,13.84,0
-0.01353,0.1399,0.0427,0.0325,0.00181,0.0454,15.12,0
0.0089,0.1099,0.0415,0.062,0.00152,0.0673,18.4,0
0.0136,0.1094,0.0367,0.0357,-0.00373,0.0637,14.96,0
-0.01161,0.1691,0.0429,0.0692,-0.00065,0.0571,16.48,0
0.00497,0.1139,0.044,0.0618,-0.00101,0.0555,21.38,0
-0.00042,0.1637,0.0595,0.0572,0.00278,0.0691,12.73,0
-0.00139,0.1786,0.0403,0.0405,-0.00121,0.0562,14.61,0
-0.0002,0.1446,0.0472,0.0577,0.00115,0.0506,12.48,0
-0.02485,0.5812,0.0818,0.2146,0.02817,0.2395,31.36,1
0.01143,0.1588,0.0495,0.0394,-0.00587,0.0409,11.52,0
0.00691,0.1277,0.0375,0.0346,-0.00061,0.0856,12.35,0
0.01891,0.1625,0.0434,0.0308,-0.0007,0.0713,20.35,0
-0.01606,0.1153,0.0451,0.0335,-0.00172,0.0534,11.03,0
0.00241,0.1499,0.052,0.0497,0.0026,0.0687,13.43,0
-0.00077,0.1529,0.0323,0.0634,0.00316,0.082,17.86,0
0.01182,0.1426,0.0497,0.0449,-0.00751,0.0569,13.38,0
-0.00651,0.1266,0.0545,0.0459,0.00135,0.0596,21.44,0
-0.01616,0.386,0.0757,0.0948,0.00169,0.2781,58.97,1
-0.0227,0.1763,0.044,0.0686,0.00218,0.0429,13.07,0
-0.00261,0.1483,0.0492,0.0589,-0.00493,0.089,20.15,0
-0.01493,0.4348,0.1014,0.1327,-0.01564,0.2762,33.49,1
-0.00075,0.1686,0.0591,0.0355,0.00437,0.0662,19.57,0
-0.00957,0.1184,0.042,0.0662,0.00081,0.0705,18.16,0
0.02072,0.518,0.017,0.1839,-0.00463,0.1656,30.32,1
-0.0125,0.1078,0.0316,0.0312,-0.00197,0.0654,21.56,0
-0.00951,0.1536,0.0469,0.0345,0.00545,0.082,13.99,0
0.02965,0.1115,0.0175,0.032,-0.00152,0.0785,16.05,0
-0.03054,0.5009,0.0485,0.1273,-0.02939,0.1782,42.64,1
-0.00358,0.113,0.0522,0.0518,-0.00266,0.0879,11.99,0
0.00281,0.1073,0.0583,0.0603,-0.00141,0.0823,20.19,0
0.00347,0.1645,0.0412,0.0564,0.00525,0.0585,17.29,0
0.01042,0.1116,0.0246,0.0401,0.00011,0.0517,15.55,0
-0.0216,0.291,0.0308,0.1415,0.0134,0.23,53.48,1
-0.00843,0.1408,0.0387,0.0362,-0.00211,0.0436,13.91,0
0.00599,0.1709,0.0635,0.0636,0.00017,0.0666,21.36,0
0.00022,0.1686,0.0515,0.0356,-0.00084,0.0727,17.61,0
-0.04625,0.5227,0.077,0.1343,-0.02706,0.1216,44.81,1
0.00149,0.1196,0.0489,0.0329,0.00392,0.0752,14.92,0
0.0008,0.163,0.0372,0.0509,-0.00044,0.0878,14.16,0
-0.00112,0.1589,0.0467,0.049,-0.00362,0.0454,16.07,0
-0.00602,0.1452,0.0387,0.0583,-0.00318,0.0584,19.31,0
-0.02509,0.5915,0.0994,0.1974,-0.02118,0.232,30.4,1
-0.0055,0.3575,0.0547,0.2062,-0.01199,0.2919,31.42,1
0.0046,0.1041,0.0363,0.036,0.00155,0.057,12.29,0
0.00114,0.1508,0.0414,0.0518,0.00341,0.0647,12.22,0
-0.04003,0.5526,0.0692,0.1951,-0.02246,0.2549,30.92,1
0.00863,0.1384,0.0431,0.0601,0.00234,0.0561,11.1,0
-0.00549,0.1282,0.0481,0.0395,0.00296,0.0628,11.24,0
-0.01546,0.1663,0.049,0.0533,-0.00339,0.0615,11.47,0
0.00393,0.1034,0.0344,0.0625,0.00221,0.082,16.01,0
0.0155,0.1666,0.053,0.0691,0.00174,0.0405,21.96,0
0.0066,0.1666,0.0443,0.0343,0.00086,0.061,20.25,0
-0.01748,0.1613,0.0453,0.0617,0.00267,0.0836,21.27,0
0.0031,0.5457,0.0681,0.113,-0.01712,0.2642,31.93,1
0.00443,0.1112,0.05,0.0616,-0.00254,0.0733,18.08,0
-0.01422,0.1556,0.0413,0.0309,-0.00036,0.0736,19.43,0
0.0028,0.1362,0.0461,0.0375,0.00883,0.0779,21.7,0
-0.00083,0.1267,0.032,0.047,0.00632,0.063,13.04,0
-0.00012,0.2585,0.0894,0.127,-0.01694,0.2291,58.27,1
0.00854,0.1003,0.0418,0.0482,0.0001,0.0733,12.8,0
0.03721,0.3106,0.0724,0.1432,-0.02515,0.2026,57.56,1
0.01161,0.1679,0.0489,0.0549,0.00455,0.0517,13.62,0
0.00431,0.1396,0.049,0.0423,-0.00813,0.0869,15.96,0
-0.00019,0.5549,0.0661,0.1283,0.00253,0.1333,65.51,1
0.00319,0.1369,0.0455,0.0672,-0.00259,0.0778,15.65,0
-0.00408,0.1485,0.0563,0.0439,-0.00185,0.0606,13.52,0
0.02184,0.5212,0.0607,0.156,-0.02578,0.1592,49.67,1
0.02697,0.5773,0.0361,0.1355,-0.00246,0.1827,47.85,1
-0.01361,0.1706,0.0555,0.0649,-0.0023,0.0666,11.23,0
-0.01863,0.6318,0.0729,0.1992,-0.00661,0.3049,58.57,1
-0.00444,0.4507,0.0524,0.1102,0.01043,0.239,63.57,1
-0.00835,0.1622,0.0444,0.0432,0.00417,0.0679,21.51,0
0.0006,0.1019,0.055,0.0664,-0.00414,0.0569,18.41,0
0.00629,0.1294,0.0472,0.0617,0.00036,0.042,18.61,0
-0.02124,0.3272,0.0973,0.1933,-0.01195,0.2153,67.9,1
-0.00948,0.5601,0.0718,0.1513,-0.00467,0.1242,41.68,1
-0.00217,0.1602,0.0561,0.063,0.0079,0.045,20.66,0
-0.01343,0.133,0.0465,0.0659,0.0044,0.0757,14.89,0
0.01048,0.2437,0.0809,0.1172,-0.01969,0.189,60.9,1
0.00543,0.1551,0.0473,0.0302,-0.00406,0.0792,12.78,0
-0.00732,0.1277,0.0435,0.0512,0.00245,0.0695,21.71,0
-0.00445,0.1606,0.0398,0.055,-0.00482,0.0883,15.56,0
0.0498,0.3081,0.0818,0.1425,-0.02281,0.1419,34.42,1
-0.01389,0.1684,0.0435,0.0303,-0.00252,0.0541,12.63,0
0.00497,0.1109,0.0349,0.0572,0.00658,0.0846,12.38,0
-0.01545,0.1274,0.0507,0.0319,0.0055,0.0509,11.38,0
-0.00254,0.1576,0.0528,0.0541,-0.00268,0.0745,16.51,0
-0.00644,0.1021,0.0465,0.0674,0.00357,0.0896,12.31,0
0.00643,0.1009,0.048,0.0525,-0.0086,0.052,18.63,0
0.03631,0.4354,0.0518,0.1229,0.00856,0.1207,55.93,1
0.00088,0.1379,0.0418,0.0685,0.00342,0.0681,13.88,0
-0.00221,0.1731,0.0533,0.0388,0.00288,0.0787,15.02,0
0.00298,0.1166,0.042,0.0439,0.00244,0.0824,18.28,0
0.00158,0.1372,0.0522,0.0415,-0.00347,0.0881,13.33,0
-0.00083,0.1632,0.048,0.0352,-0.00443,0.0679,16.02,0
-0.00247,0.1173,0.0467,0.0569,0.00369,0.0546,12.55,0
0.00825,0.1231,0.0386,0.068,0.00249,0.0747,11.4,0
0.00199,0.1389,0.0393,0.0349,0.0021,0.0594,16.8,0
0.03172,0.5969,0.0851,0.1971,-0.00471,0.2468,63.95,1
0.02831,0.1583,0.0447,0.0583,0.00516,0.0647,14.3,0
-0.00921,0.1374,0.0372,0.043,-0.00607,0.0821,15.71,0
0.00837,0.1497,0.0289,0.0692,0.00694,0.0616,18.49,0
0.03325,0.5282,0.0697,0.1442,-0.01188,0.2172,38.06,1
0.00386,0.1112,0.0458,0.0555,0.00161,0.0475,15.85,0
0.00863,0.1151,0.0393,0.0685,0.00048,0.0508,12.85,0
0.00042,0.1154,0.0477,0.046,-0.00273,0.0864,16.54,0
-0.00214,0.1497,0.0425,0.0635,-0.00147,0.0737,18.17,0
-0.01184,0.1426,0.0404,0.0528,0.0062,0.0841,20.4,0
0.00714,0.1343,0.0498,0.054,0.00052,0.066,21.29,0
0.00976,0.123,0.0564,0.0618,0.00414,0.0852,12.88,0
0.00407,0.1406,0.0443,0.0629,-0.00858,0.0728,12.55,0
0.00693,0.1289,0.0448,0.0427,-0.00367,0.0493,13.87,0
-0.00116,0.1033,0.0549,0.0474,-0.00084,0.0575,16.06,0
-0.08398,0.277,0.0876,0.1152,0.00068,0.1438,52.59,1
-0.00085,0.107,0.0266,0.0544,-0.00121,0.0857,19.11,0
-0.01933,0.1001,0.0548,0.042,0.00647,0.0452,12.65,0
0.0057,0.148,0.0451,0.038,-0.00144,0.0638,16.07,0
-0.00474,0.1141,0.0558,0.0623,-0.00016,0.0406,15.67,0
0.01017,0.1425,0.0398,0.0443,-0.00112,0.0686,15.5,0
-0.00776,0.1674,0.0442,0.0563,0.0027,0.0568,19.4,0
0.02671,0.4438,0.0342,0.1077,0.00652,0.3178,32.21,1
0.00203,0.1058,0.0518,0.0498,-0.00384,0.0406,18.83,0
-0.00516,0.1691,0.0387,0.0471,-0.00013,0.0548,16.21,0
0.00854,0.1288,0.059,0.0517,0.00263,0.0491,11.97,0
0.01076,0.1286,0.0592,0.0618,0.00098,0.062,19.19,0
-0.00112,0.1764,0.0497,0.0328,0.00256,0.0884,13.25,0
0.00628,0.1252,0.0408,0.062,0.00139,0.0648,19.54,0
0.01494,0.1707,0.0552,0.0615,8e-05,0.058,20.77,0
-0.00268,0.1744,0.0489,0.0343,-0.00227,0.085,12.28,0
0.00579,0.1326,0.0472,0.0468,0.00314,0.0611,21.54,0
0.00549,0.1536,0.0346,0.045,0.00569,0.0835,13.41,0
-0.00125,0.1197,0.0402,0.0488,0.00107,0.0675,13.29,0
0.0152,0.1222,0.067,0.0452,-0.0026,0.0811,20.1,0
-0.00771,0.1644,0.047,0.0643,-0.00058,0.073,13.31,0
-0.03253,0.4423,0.0973,0.1768,0.00465,0.3158,66.91,1
-0.02686,0.4547,0.079,0.2115,0.00128,0.1564,60.27,1
-0.01928,0.5229,0.1067,0.1143,-0.00538,0.2867,52.04,1
-0.00457,0.1484,0.0517,0.06,-0.00274,0.0754,19.92,0
-0.00454,0.1086,0.0347,0.0698,-0.00203,0.0476,16.85,0
-0.0101,0.1619,0.0347,0.0553,0.00185,0.076,12.38,0
0.01034,0.1082,0.0419,0.044,-0.00111,0.0819,17.17,0
-0.0129,0.5211,0.0614,0.2104,-0.00634,0.2129,29.8,1
0.00302,0.1629,0.0452,0.036,0.00163,0.052,17.32,0
-0.01483,0.1565,0.0569,0.0507,0.00026,0.0587,18.66,0
-0.03619,0.2642,0.0729,0.1176,-0.00155,0.2631,55.61,1
-0.00864,0.1341,0.0542,0.0535,0.00538,0.0737,15.09,0
-0.00127,0.1641,0.0608,0.0358,0.00862,0.0526,18.01,0
-0.00483,0.3375,0.0729,0.1645,-0.01209,0.1774,34.48,1
-0.05336,0.4445,0.0743,0.1692,-0.00338,0.1288,63.1,1
-0.00331,0.1773,0.0417,0.0431,0.00282,0.0601,20.79,0
-0.00176,0.1145,0.0366,0.0539,-0.00573,0.0469,13.17,0
-0.00206,0.1248,0.0363,0.0626,0.00453,0.0475,15.32,0
0.00913,0.125,0.043,0.0546,0.00326,0.0893,18.34,0
0.00037,0.121,0.0494,0.0372,0.00386,0.0722,21.58,0
0.03137,0.3964,0.0495,0.127,0.01358,0.2637,67.11,1
-0.00504,0.1468,0.0654,0.0577,-0.00114,0.0405,20.75,0
0.00224,0.6391,0.0643,0.1009,-0.03035,0.1708,39.51,1
-0.03906,0.4655,0.0627,0.1753,-0.01327,0.1327,67.19,1
0.00214,0.1472,0.0428,0.0476,0.00242,0.0631,12.23,0
0.01467,0.1679,0.0583,0.0314,0.00062,0.0519,19.94,0
0.0033,0.1021,0.0389,0.0382,-0.0,0.0752,21.11,0
0.00663,0.1566,0.0574,0.0596,0.00221,0.0482,13.93,0
-0.01235,0.5414,0.1084,0.2004,0.01104,0.2778,35.08,1
-0.00215,0.1092,0.0473,0.066,0.00259,0.046,20.28,0
0.00202,0.1771,0.0379,0.0368,-0.0001,0.0868,14.0,0
0.00216,0.1217,0.047,0.0686,0.00127,0.0677,18.22,0
0.01151,0.1414,0.0491,0.0684,-0.00141,0.0554,17.05,0
0.00248,0.1344,0.0518,0.0644,0.00088,0.0827,19.95,0
-0.00517,0.1451,0.0416,0.0465,-0.00438,0.0796,16.56,0
-0.00964,0.1225,0.0447,0.0513,0.00052,0.0877,14.54,0
0.01602,0.1125,0.0523,0.0439,0.00081,0.0461,11.0,0
-0.00598,0.177,0.0451,0.0461,-0.00664,0.0684,21.16,0
-0.02234,0.5286,0.0805,0.0943,0.00249,0.2364,63.2,1
0.00679,0.1354,0.0452,0.0375,0.00512,0.0793,12.71,0
-0.0068,0.1571,0.0508,0.0407,0.00234,0.059,13.88,0
0.01384,0.1107,0.0342,0.038,0.00093,0.0501,18.66,0
0.01182,0.5592,0.0937,0.2152,0.00682,0.2481,56.74,1
0.00645,0.1455,0.0384,0.0337,-0.00368,0.0573,12.16,0
-0.00267,0.1409,0.0348,0.0408,0.00219,0.0502,19.48,0
0.003,0.1546,0.0493,0.0468,0.0001,0.0679,14.59,0
-0.00063,0.4681,0.0826,0.1776,0.00695,0.1884,45.48,1
0.00488,0.1749,0.0574,0.0479,0.00286,0.081,16.32,0
-0.00961,0.1551,0.0407,0.0353,0.00129,0.0859,15.82,0
0.00285,0.1419,0.0238,0.037,0.00349,0.0658,21.67,0
-0.00773,0.1752,0.0452,0.068,-0.00039,0.0532,11.54,0
-0.01329,0.101,0.0395,0.0447,0.00145,0.047,18.58,0
-0.00107,0.101,0.0475,0.0369,-0.00669,0.0455,14.4,0
-0.00839,0.1369,0.0487,0.049,-0.00298,0.0641,19.05,0
0.00137,0.1301,0.0316,0.04,0.00738,0.075,18.67,0
0.00243,0.1473,0.0425,0.061,-0.00171,0.0871,21.37,0
-0.00578,0.1329,0.0456,0.0389,-0.00406,0.0697,21.18,0
0.00581,0.1232,0.0425,0.0347,-0.0003,0.0811,15.5,0
0.00538,0.1247,0.0616,0.05,-0.00376,0.0561,13.12,0
-0.00562,0.1709,0.0476,0.0591,-0.00182,0.0854,21.9,0
0.01632,0.1338,0.0425,0.0442,-0.00493,0.082,13.23,0
-0.00644,0.1701,0.0475,0.0395,-0.00558,0.0607,20.45,0
-0.00643,0.1412,0.049,0.0526,-0.00719,0.0532,11.19,0
0.00163,0.1511,0.0508,0.0649,0.00046,0.0438,18.1,0
-0.00551,0.14,0.0502,0.0425,-0.00239,0.0775,20.69,0
0.00539,0.1221,0.0503,0.035,-0.0072,0.0829,18.81,0
0.01582,0.1111,0.049,0.0301,-0.00082,0.0573,19.53,0
0.00821,0.1292,0.0348,0.0554,-0.00536,0.0533,15.34,0
-0.01351,0.1456,0.0443,0.0695,0.00753,0.0543,14.69,0
-0.00529,0.14,0.0383,0.069,-0.00342,0.058,20.0,0
0.00712,0.256,0.0855,0.1214,-0.01602,0.1376,65.1,1
0.02136,0.5531,0.0801,0.1777,-0.02185,0.1737,62.24,1
-0.00412,0.1346,0.0379,0.0352,0.00097,0.0526,16.0,0
0.01495,0.1105,0.0544,0.0506,0.00392,0.057,14.34,0
0.04956,0.6133,0.0848,0.1232,0.00238,0.2854,43.14,1
0.02257,0.3487,0.0475,0.1484,-0.00115,0.2687,32.88,1
-0.00329,0.1478,0.0331,0.0691,-0.00419,0.0763,14.14,0
0.00868,0.4998,0.0778,0.0961,-0.00607,0.1261,57.41,1
-0.00954,0.1098,0.0389,0.0557,-0.00339,0.0678,17.39,0
-0.00835,0.1728,0.0466,0.0413,-0.00584,0.0463,21.89,0
0.01071,0.1067,0.052,0.0308,0.00039,0.0474,13.87,0
0.01259,0.1661,0.0468,0.0409,-0.00678,0.0493,13.79,0
-0.00934,0.153,0.0348,0.0336,-0.00314,0.068,18.3,0
0.00437,0.1006,0.0481,0.0646,-0.00696,0.0402,18.27,0
-0.05231,0.5703,0.0667,0.1765,-0.02674,0.1811,59.76,1
-0.00527,0.1278,0.0481,0.0479,-0.00331,0.0421,18.04,0
-0.00244,0.11,0.0492,0.0493,-0.00321,0.088,21.87,0
-0.00483,0.1769,0.0429,0.0352,0.01116,0.0427,13.62,0
0.008,0.1147,0.0479,0.0357,0.00545,0.0898,15.29,0
0.00033,0.1303,0.0502,0.0555,0.00456,0.0555,13.44,0
0.06139,0.4882,0.0761,0.1627,-0.00972,0.2301,47.44,1
-0.0119,0.5676,0.0498,0.0959,-0.00237,0.198,43.26,1
0.01257,0.1042,0.054,0.0447,2e-05,0.0703,17.25,0
0.00292,0.1084,0.0451,0.0606,-0.00103,0.0557,17.08,0
0.00507,0.1237,0.0493,0.0443,0.00318,0.0594,19.98,0
-0.01653,0.3408,0.0667,0.2064,-0.04145,0.2363,56.78,1
-0.00837,0.1221,0.0435,0.0308,0.00192,0.0463,18.36,0
0.00124,0.1794,0.0583,0.0502,-0.00231,0.0615,18.15,0
-0.00213,0.17,0.0492,0.0664,0.00065,0.0852,12.53,0
-0.00154,0.1461,0.048,0.037,0.00305,0.0793,11.24,0
-0.01083,0.1229,0.0445,0.06,-0.00324,0.0886,14.07,0
0.00189,0.1219,0.037,0.0327,0.00446,0.0808,13.4,0
0.00388,0.1421,0.0387,0.0643,0.00244,0.0765,13.75,0
0.00085,0.1685,0.0425,0.0416,0.00045,0.0454,12.02,0
0.00704,0.1522,0.0449,0.0403,0.00137,0.0799,16.65,0
-0.01429,0.1475,0.0523,0.0406,0.00052,0.0678,15.52,0
0.00873,0.1513,0.0434,0.0386,0.00015,0.0861,14.75,0
0.02628,0.1265,0.037,0.0455,0.00225,0.0875,16.42,0
0.01318,0.1781,0.0457,0.0434,-0.00171,0.0472,12.19,0
-0.00526,0.178,0.0301,0.0342,0.00306,0.0609,16.25,0
-0.00892,0.1746,0.0461,0.0592,0.00224,0.0535,17.75,0
-3e-05,0.1774,0.0498,0.0301,0.00354,0.073,21.91,0
-0.01259,0.1089,0.0442,0.0643,0.00109,0.0684,13.97,0
0.00778,0.124,0.0473,0.0522,0.00538,0.0505,21.35,0
0.01007,0.1452,0.0474,0.0356,-0.00089,0.0869,15.05,0
-0.00041,0.1268,0.0474,0.0522,-0.0046,0.0856,14.91,0
-0.00661,0.1344,0.0508,0.059,0.00078,0.0414,19.6,0
-0.00623,0.1241,0.0414,0.0647,0.00159,0.0857,19.37,0
-0.00512,0.1468,0.0447,0.0673,0.00073,0.0607,14.69,0
0.00369,0.1325,0.0442,0.0586,-0.00574,0.0745,13.59,0
0.04142,0.605,0.0998,0.095,0.02062,0.2712,66.73,1
0.00067,0.1133,0.0404,0.0457,0.00013,0.0422,20.72,0
-0.00455,0.1161,0.0473,0.0567,-0.0012,0.0666,20.82,0
0.01018,0.1006,0.0494,0.0585,0.00671,0.0796,16.96,0
-0.00607,0.1403,0.0401,0.0535,-0.00027,0.0772,20.59,0
-0.00697,0.129,0.0431,0.04,-0.00152,0.0559,20.04,0
-0.00409,0.1248,0.0377,0.055,-0.00237,0.0469,19.37,0
-0.0477,0.253,0.0767,0.1162,0.01038,0.194,28.85,1
-0.03679,0.4317,0.0745,0.118,0.00527,0.3169,36.3,1
0.00279,0.1088,0.0493,0.0488,-0.00488,0.0683,21.53,0
0.00366,0.1179,0.0479,0.0674,0.00269,0.0644,19.15,0
-0.03894,0.3226,0.0692,0.183,0.0044,0.2644,43.8,1
0.01144,0.1593,0.0528,0.0451,-0.00034,0.0737,15.11,0
0.0084,0.1422,0.0438,0.0319,0.0035,0.0873,13.63,0
-0.00372,0.1289,0.0433,0.0544,0.00727,0.0515,16.5,0
0.01075,0.1415,0.0554,0.0587,0.00636,0.053,18.03,0
0.02136,0.5259,0.103,0.2143,0.00801,0.2703,52.49,1
-0.02721,0.5222,0.0839,0.1861,0.0056,0.2064,38.14,1
0.00214,0.3413,0.0868,0.1635,0.00911,0.218,63.73,1
-0.01582,0.176,0.0397,0.0601,0.00864,0.0865,18.21,0
-0.00475,0.1761,0.0446,0.0441,-0.00255,0.0501,14.54,0
0.01271,0.4808,0.0684,0.0973,0.02095,0.2867,39.05,1
-0.00491,0.1011,0.0399,0.0554,-0.00103,0.0648,16.53,0
0.00162,0.1725,0.041,0.0432,-0.00598,0.0896,12.12,0
0.00432,0.1014,0.0561,0.0606,-0.00013,0.0691,15.97,0
-0.00155,0.1494,0.0542,0.0542,-0.00439,0.0477,11.97,0
0.00976,0.1791,0.0427,0.0633,-0.00728,0.0701,18.95,0
0.00276,0.118,0.0496,0.0496,0.00489,0.0742,15.69,0
-0.04328,0.4364,0.0952,0.1532,-0.03619,0.1806,63.61,1
0.01344,0.1126,0.045,0.0422,0.00256,0.0678,13.27,0
-0.00912,0.1787,0.0534,0.0459,0.0026,0.0883,17.3,0
0.01048,0.4756,0.0419,0.0961,-0.01508,0.2784,44.86,1
-0.01177,0.313,0.0891,0.1226,-0.00929,0.2366,28.13,1
0.0019,0.145,0.0365,0.0679,0.00114,0.062,19.19,0
-0.01571,0.1512,0.0549,0.0618,-0.0007,0.0422,18.73,0
0.00356,0.1046,0.0359,0.0619,0.00776,0.0468,19.97,0
-0.00983,0.146,0.0384,0.0352,-0.00564,0.0431,20.13,0
0.01318,0.1558,0.0395,0.0398,-0.00496,0.0596,20.23,0
-0.00047,0.1073,0.0454,0.036,-0.00106,0.0652,13.81,0
0.00185,0.1704,0.0395,0.0373,0.00207,0.0536,19.51,0
0.01706,0.1433,0.0505,0.0375,0.00146,0.0503,17.5,0
-0.02357,0.5522,0.047,0.1893,0.0157,0.1551,44.37,1
-0.0102,0.1679,0.0371,0.0435,0.00409,0.0623,13.29,0
0.00941,0.1076,0.035,0.0455,0.00379,0.0642,21.54,0
0.00088,0.1443,0.0432,0.0456,0.00295,0.0722,11.66,0
0.00022,0.1041,0.0556,0.0403,-0.0083,0.0646,16.24,0
0.00414,0.1244,0.0445,0.0333,0.00488,0.0504,13.56,0
0.00945,0.139,0.0537,0.0673,-0.00159,0.0691,14.02,0
-0.00475,0.1379,0.0545,0.031,-8e-05,0.0503,17.85,0
0.01301,0.1181,0.0447,0.069,-0.006,0.0529,11.33,0
-0.00087,0.1152,0.0335,0.0414,0.0009,0.0702,19.94,0
0.00746,0.1158,0.0516,0.0659,-0.00362,0.0483,18.78,0
0.0081,0.4449,0.0988,0.1811,0.02316,0.212,28.96,1
0.00107,0.1612,0.0265,0.0642,0.00675,0.0677,18.7,0
0.00451,0.1489,0.0452,0.0499,0.00052,0.0806,12.52,0
0.00655,0.1372,0.0439,0.0668,-0.00273,0.0713,11.49,0
0.0062,0.1566,0.0448,0.0446,-0.0074,0.0776,15.12,0
0.00627,0.1324,0.0454,0.0621,-0.00126,0.081,12.37,0
0.00426,0.1103,0.0479,0.0547,-0.00167,0.0786,12.62,0
0.00322,0.1346,0.0488,0.0495,-0.00654,0.0664,12.77,0
-0.01989,0.4558,0.0948,0.0967,-0.00234,0.2231,31.54,1
0.00941,0.1199,0.042,0.0469,-0.00112,0.0724,15.96,0
0.00267,0.42,0.1189,0.1357,-0.00629,0.2941,53.24,1
0.00277,0.1362,0.05,0.053,0.00257,0.0485,20.06,0
-0.01177,0.1095,0.0549,0.0655,-0.00044,0.0497,20.26,0
-0.0028,0.1034,0.039,0.0423,-0.00012,0.0822,19.43,0
-0.00696,0.1318,0.0383,0.0369,-0.00356,0.0839,17.06,0
0.00476,0.3387,0.0751,0.1743,-0.00985,0.1893,36.77,1
0.01843,0.4993,0.065,0.2107,-0.02515,0.196,31.55,1
-0.02143,0.262,0.0639,0.1274,-0.01307,0.301,52.25,1
-0.02791,0.5766,0.0788,0.2031,-0.0099,0.2791,54.89,1
0.00373,0.443,0.1197,0.1717,0.00369,0.1495,66.7,1
-0.00892,0.153,0.0481,0.0602,0.00134,0.0568,17.05,0
-0.00521,0.5359,0.0365,0.0922,-0.00643,0.2348,59.29,1
0.01259,0.2646,0.0722,0.1971,0.00132,0.2998,60.93,1
-0.01168,0.4287,0.068,0.1286,0.01727,0.235,49.11,1
-0.01372,0.1335,0.0301,0.0572,0.00421,0.0662,17.64,0
-0.01274,0.4494,0.0372,0.1936,0.0099,0.2094,54.03,1
0.0018,0.367,0.088,0.108,0.01467,0.1925,32.48,1
-0.00207,0.1104,0.0435,0.0432,0.01038,0.0636,16.1,0
-0.0033,0.1478,0.0407,0.0476,-0.00324,0.0422,14.02,0
0.0088,0.1094,0.05,0.0538,-0.00336,0.0805,15.88,0
0.00848,0.1432,0.0509,0.0335,6e-05,0.0608,17.81,0
-0.00945,0.1102,0.0292,0.0309,0.00512,0.0577,18.81,0
0.00376,0.1,0.0367,0.0583,6e-05,0.0819,18.38,0
0.00114,0.159,0.0478,0.0413,-0.00544,0.084,15.69,0
0.00017,0.1359,0.0527,0.0601,0.00398,0.0635,15.92,0
-0.00241,0.1785,0.0394,0.0351,0.0069,0.0508,14.83,0
0.00708,0.1046,0.0393,0.0521,0.00496,0.0849,12.09,0
0.00684,0.1646,0.0506,0.0503,-0.00232,0.059,15.74,0
0.01209,0.1075,0.0371,0.0487,-0.00461,0.0562,18.95,0
0.00537,0.1586,0.0593,0.0657,0.00193,0.0611,12.74,0
-0.00345,0.1206,0.0464,0.0534,0.00038,0.0884,17.71,0
0.00444,0.1162,0.0467,0.0685,0.00091,0.0518,14.64,0
-0.00385,0.1142,0.0407,0.0477,-0.00347,0.084,19.09,0
0.01877,0.448,0.1128,0.0931,0.00032,0.1965,30.55,1
0.01451,0.1363,0.0524,0.067,-0.00538,0.0447,16.93,0
0.00687,0.1704,0.0429,0.0429,0.00706,0.0626,11.19,0
-0.03975,0.6056,0.0985,0.1961,0.00462,0.1686,37.15,1
-0.00698,0.1395,0.0527,0.0606,0.00277,0.079,14.33,0
-0.01647,0.1373,0.0307,0.0512,0.0062,0.0646,21.71,0
0.0075,0.1469,0.0407,0.0387,-0.00091,0.0598,12.42,0
-0.01216,0.1794,0.0545,0.0539,0.00243,0.07,12.19,0
0.001,0.1309,0.0322,0.032,-0.00152,0.0895,11.81,0
-0.00061,0.1189,0.0437,0.0485,0.00118,0.0522,14.03,0
0.01153,0.1785,0.0471,0.0501,-0.00093,0.0619,14.01,0
-0.00041,0.1604,0.039,0.0643,-0.00485,0.0458,19.11,0
-0.00872,0.1601,0.0415,0.0624,-0.00597,0.0682,13.07,0
-0.00899,0.176,0.0321,0.0379,0.00539,0.0613,14.51,0
-0.00226,0.1245,0.0467,0.0328,-0.00654,0.0548,18.66,0
0.0083,0.1564,0.0328,0.0554,0.00101,0.0572,20.15,0
-0.00018,0.1488,0.0399,0.0432,-0.00812,0.0814,19.34,0
-0.00464,0.1651,0.0529,0.031,-0.00213,0.054,11.85,0
-2e-05,0.1296,0.033,0.0437,-0.00254,0.075,12.28,0
0.01526,0.1154,0.042,0.051,-0.00386,0.0589,19.57,0
0.00256,0.153,0.0494,0.0413,0.00039,0.0784,21.79,0
-0.00103,0.1558,0.0406,0.0464,0.00469,0.0441,16.37,0
0.00036,0.1688,0.0449,0.0675,0.00919,0.062,16.14,0
-0.0012,0.1687,0.0528,0.0394,-0.00388,0.0873,14.38,0
0.01833,0.1681,0.0263,0.0439,-0.00115,0.0729,14.03,0
-0.00082,0.16,0.0415,0.0512,0.00112,0.0795,11.2,0
0.00409,0.1329,0.0279,0.0523,0.00105,0.0576,12.88,0
-0.02831,0.5973,0.0926,0.1414,-0.00562,0.2384,32.6,1
-0.00511,0.1427,0.0484,0.0695,0.00093,0.0422,17.87,0
-0.01642,0.1371,0.0612,0.036,0.00808,0.0501,11.39,0
-0.01905,0.1469,0.0596,0.0338,0.00065,0.046,14.7,0
-0.00031,0.141,0.0272,0.0631,0.00753,0.0865,18.24,0
-0.02114,0.3851,0.0537,0.2107,-0.01142,0.282,44.62,1
0.0018,0.5949,0.0703,0.1809,0.00391,0.284,64.72,1
-0.01916,0.1337,0.0548,0.032,-0.00173,0.0698,19.0,0
0.00401,0.1669,0.0403,0.0579,7e-05,0.0522,17.12,0
-0.00642,0.1202,0.0522,0.0412,0.00112,0.0815,12.46,0
-0.0079,0.1062,0.0565,0.0576,-0.00432,0.0656,13.63,0
0.00803,0.102,0.044,0.0316,0.00373,0.0512,17.15,0
-0.01247,0.1301,0.054,0.051,-0.00133,0.0734,15.68,0
-0.00529,0.1182,0.0386,0.0603,-0.00168,0.0651,12.83,0
0.02265,0.1391,0.0492,0.0385,-0.00036,0.0457,21.77,0
0.00615,0.1274,0.0422,0.0431,0.00307,0.0699,19.81,0
0.00478,0.2408,0.0893,0.1181,0.00815,0.1551,60.28,1
0.00224,0.1751,0.0384,0.0329,0.00076,0.0867,12.76,0
-0.00707,0.1713,0.0524,0.0608,-0.00088,0.0659,15.94,0
-0.01014,0.6396,0.0563,0.1156,0.0139,0.2689,60.04,1
-0.01595,0.1545,0.048,0.0385,-0.00238,0.0435,18.6,0
0.01695,0.57,0.0623,0.2057,0.00264,0.14,57.96,1
-0.00141,0.1361,0.0552,0.0546,-0.00433,0.0876,16.62,0
-0.04588,0.4421,0.0496,0.1476,0.01521,0.2089,55.32,1
0.02243,0.1195,0.0397,0.046,0.00122,0.0524,11.76,0
0.02025,0.2603,0.0616,0.1727,-0.00392,0.2104,55.39,1
-0.01361,0.2565,0.0741,0.1425,0.00243,0.1218,35.61,1
0.00809,0.1695,0.0373,0.056,-0.00348,0.0581,21.26,0
-0.00556,0.1102,0.0471,0.064,0.00165,0.0792,21.78,0
0.00423,0.1659,0.0355,0.0674,0.00323,0.0407,16.2,0
0.0231,0.3339,0.0636,0.1182,-0.0222,0.193,51.33,1
0.01533,0.1743,0.0549,0.0445,-0.00436,0.0577,19.0,0
0.01661,0.1069,0.0427,0.042,0.00258,0.0409,16.02,0
0.00164,0.1284,0.0367,0.047,0.00092,0.0663,16.25,0
-0.04308,0.5136,0.0308,0.1662,0.00547,0.2327,38.34,1
0.01059,0.1177,0.0407,0.0598,-0.00365,0.0866,13.83,0
-0.00895,0.1723,0.0485,0.0538,-0.00735,0.077,19.52,0
-0.00028,0.1156,0.0464,0.0474,0.00381,0.0816,11.03,0
-0.00506,0.1515,0.0313,0.0479,0.00587,0.0554,20.93,0
0.01014,0.1461,0.0438,0.0656,-0.00127,0.0792,18.61,0
0.0351,0.3443,0.0816,0.1919,-0.00692,0.2739,60.5,1
-0.02098,0.3977,0.073,0.1307,-0.01555,0.1603,32.72,1
0.00214,0.5354,0.1242,0.1514,-0.01545,0.1544,30.48,1
-0.0207,0.4839,0.0714,0.1734,0.00073,0.1642,55.46,1
0.00451,0.1476,0.0398,0.0592,-0.0017,0.0538,20.98,0
-0.00436,0.1461,0.0559,0.0365,-0.01257,0.0718,12.2,0
-0.00137,0.1673,0.0597,0.0612,0.00248,0.0744,16.61,0
0.00408,0.1051,0.0297,0.0318,-0.00086,0.042,17.06,0
0.0026,0.1792,0.0363,0.0311,-0.00402,0.0809,12.68,0
-0.00225,0.1428,0.0491,0.0585,0.00089,0.0822,17.58,0
-0.00253,0.1008,0.0442,0.0649,0.00561,0.0685,18.04,0
0.00872,0.1394,0.0186,0.042,0.00355,0.0673,16.53,0
-0.00617,0.1074,0.0544,0.0567,0.00632,0.0763,20.21,0
-0.01495,0.1776,0.0441,0.037,0.00049,0.0834,13.49,0
0.01355,0.1161,0.0406,0.0325,-0.00396,0.0895,14.47,0
-0.00979,0.1094,0.045,0.0539,-1e-05,0.0877,17.15,0
0.00364,0.1617,0.0416,0.0332,0.00292,0.068,17.23,0
-0.00756,0.1341,0.0415,0.0671,0.00246,0.0481,16.79,0
0.01166,0.1679,0.0531,0.0689,-0.00224,0.0562,12.04,0
0.00107,0.1173,0.046,0.0484,-0.00131,0.0712,14.74,0
0.0142,0.1658,0.0388,0.0594,-0.00278,0.0601,16.77,0
0.00806,0.1245,0.0443,0.0369,0.00182,0.0662,21.2,0
-0.00913,0.1369,0.0501,0.0404,0.00352,0.0428,14.94,0
-0.00138,0.1696,0.0412,0.0493,-0.00093,0.0666,13.45,0
-0.00891,0.1712,0.0482,0.041,-0.00143,0.0857,14.04,0
-0.04971,0.4837,0.0755,0.1412,-0.00748,0.2785,61.15,1
-0.0104,0.1256,0.0491,0.0352,0.00577,0.0611,15.99,0
0.00548,0.1465,0.054,0.0313,-0.00152,0.0725,15.58,0
-0.00286,0.1342,0.0314,0.0625,-0.00067,0.0505,18.47,0
-0.01176,0.5806,0.0667,0.1914,0.01358,0.2167,54.64,1
0.02994,0.3788,0.0687,0.1516,-0.01015,0.3061,57.95,1
0.00114,0.1392,0.0297,0.0656,-0.0032,0.089,17.44,0
0.01164,0.3514,0.0479,0.2083,0.00039,0.2653,60.81,1
0.02433,0.1638,0.0534,0.0436,-0.00463,0.0893,13.82,0
-0.03013,0.3958,0.0973,0.0935,0.02237,0.1875,56.17,1
-0.00092,0.1266,0.0441,0.041,0.00131,0.0479,16.79,0
-0.01569,0.1058,0.0305,0.0583,0.00186,0.0606,14.64,0
-0.01488,0.1312,0.0392,0.0543,0.00947,0.0877,19.69,0
0.0125,0.1199,0.0434,0.0416,0.00615,0.0554,19.17,0
0.01049,0.173,0.0434,0.0322,-0.00669,0.05,18.74,0
-0.00328,0.1522,0.0467,0.0452,-0.00611,0.042,20.01,0
0.00443,0.3035,0.0664,0.1942,-0.00443,0.2114,43.73,1
-0.00162,0.1033,0.0429,0.0521,0.0009,0.0555,13.31,0
-0.00283,0.1286,0.0547,0.053,0.00129,0.0408,14.85,0
0.00484,0.1118,0.0553,0.0543,0.00162,0.0817,18.46,0
-0.01326,0.1688,0.0344,0.0684,-0.00163,0.0735,11.35,0
0.00429,0.1355,0.0421,0.0364,-0.00622,0.0887,11.63,0
0.01187,0.1719,0.0409,0.0437,-0.00371,0.0775,11.96,0
-0.0048,0.1568,0.0379,0.0417,0.00123,0.0591,16.08,0
-0.01678,0.14,0.0532,0.0302,0.00301,0.0596,11.98,0
-0.00636,0.1761,0.0365,0.0632,0.00274,0.0731,21.54,0
-0.0158,0.4062,0.0956,0.163,-0.00345,0.223,67.69,1
0.00722,0.1407,0.0569,0.0393,-0.00355,0.0895,11.95,0
-0.00915,0.1615,0.0574,0.0482,-0.00059,0.0442,21.09,0
-0.0174,0.1409,0.0377,0.0668,0.0077,0.0553,16.24,0
0.00664,0.1182,0.0441,0.0473,0.00221,0.0874,16.11,0
0.00303,0.1254,0.0437,0.0601,0.01083,0.0472,21.47,0
-0.00575,0.3671,0.0639,0.1528,-0.01101,0.1226,49.79,1
-0.02108,0.1375,0.0456,0.0596,0.00045,0.0562,16.47,0
0.01099,0.1729,0.0505,0.034,0.00087,0.0412,11.72,0
-0.00244,0.1379,0.0448,0.0551,-0.00386,0.0824,18.4,0
0.03046,0.1483,0.0411,0.0529,-0.00255,0.0891,21.18,0
0.00824,0.1786,0.0438,0.0491,0.00359,0.0436,20.31,0
0.00017,0.1702,0.0402,0.0641,0.00349,0.0619,14.73,0
-0.01096,0.1421,0.0431,0.0526,0.00036,0.0671,19.56,0
0.01794,0.1344,0.0461,0.0331,-0.0089,0.0606,16.62,0
0.01387,0.1224,0.0435,0.0503,0.00104,0.083,19.33,0
0.00976,0.1483,0.0444,0.068,0.00116,0.0672,13.9,0
-0.00312,0.1174,0.0543,0.0328,0.00484,0.0518,16.58,0
0.01178,0.6445,0.0895,0.1618,0.00209,0.1402,36.03,1
-0.07324,0.4269,0.0782,0.1817,0.02081,0.1663,51.35,1
-0.009,0.101,0.053,0.0658,-0.00632,0.0519,17.6,0
0.02032,0.1283,0.0512,0.041,0.00354,0.0898,13.97,0
-0.00015,0.1475,0.0454,0.056,0.00167,0.0592,12.42,0
-0.05484,0.3644,0.0395,0.1488,-0.02873,0.1432,50.62,1
-0.00637,0.1012,0.0425,0.058,-0.00534,0.0834,15.97,0
0.05583,0.5281,0.0563,0.1364,0.033,0.1801,36.38,1
0.00404,0.1609,0.0458,0.0618,-0.00445,0.0895,19.89,0
0.01641,0.1778,0.0509,0.0517,-0.0018,0.0886,13.5,0
-0.00574,0.1038,0.0485,0.0352,-0.00099,0.0879,12.57,0
0.00419,0.1489,0.0505,0.0653,0.01123,0.0694,12.5,0
0.03463,0.6441,0.0454,0.1723,-0.01447,0.1334,31.98,1
-0.00423,0.1727,0.0485,0.0485,0.0027,0.0527,11.17,0
0.00267,0.1506,0.037,0.0634,-0.00519,0.0675,17.84,0
0.00868,0.1027,0.0431,0.0679,-0.00508,0.0846,21.76,0
-0.00485,0.3462,0.0872,0.0968,0.01341,0.2412,54.79,1
0.00802,0.1243,0.0513,0.0397,-0.00181,0.0758,13.7,0
0.01771,0.1605,0.035,0.052,-0.00114,0.0578,17.14,0
-0.00531,0.151,0.0523,0.0578,0.00425,0.0488,17.82,0
0.017,0.1277,0.0361,0.0321,-0.00087,0.0764,19.6,0
-0.00503,0.1642,0.0464,0.0502,0.00074,0.0872,19.07,0
-0.02012,0.1124,0.0444,0.0427,-0.00178,0.0585,14.85,0
0.00664,0.1671,0.0514,0.0686,-0.00426,0.0577,13.94,0
0.04416,0.2748,0.1069,0.1134,-0.01513,0.308,58.31,1
0.00915,0.1776,0.0507,0.0638,-0.00178,0.0797,12.19,0
0.01643,0.5033,0.0754,0.1574,-0.01552,0.298,29.32,1
0.00516,0.1743,0.0338,0.043,-0.00459,0.0823,11.82,0
0.00859,0.1595,0.0374,0.0586,0.0039,0.0812,20.06,0
0.00139,0.1594,0.0408,0.065,0.00184,0.0613,15.57,0
0.01584,0.1778,0.0583,0.0334,-0.00433,0.0752,21.94,0
-0.00348,0.1266,0.0569,0.0411,-0.00417,0.0774,18.11,0
-0.00785,0.1476,0.0588,0.0489,0.0041,0.043,11.07,0
-0.00472,0.1033,0.0413,0.0588,-0.00129,0.074,20.66,0
-0.02148,0.329,0.0851,0.1499,0.02921,0.2269,56.32,1
0.00742,0.1717,0.0354,0.0326,0.00239,0.0692,20.55,0
0.00137,0.2847,0.0423,0.1246,-0.01673,0.1978,38.18,1
-0.05725,0.6497,0.1069,0.1783,0.01926,0.1746,42.03,1
0.00348,0.3568,0.0466,0.1418,-0.01466,0.1581,33.97,1
0.00622,0.1427,0.05,0.0636,-0.0055,0.0875,14.72,0
-0.01186,0.1729,0.0478,0.0571,0.00318,0.0691,12.29,0
0.03005,0.3,0.0725,0.1277,0.00603,0.1201,67.18,1
-0.00585,0.1651,0.0487,0.0421,0.00195,0.0423,13.51,0
-0.00242,0.1688,0.0429,0.0642,-0.00216,0.0483,14.01,0
-0.00597,0.3984,0.096,0.1197,0.00553,0.2616,36.94,1
-0.00548,0.1342,0.0226,0.0668,0.00564,0.0432,17.05,0
-0.00742,0.1208,0.044,0.0492,-0.00183,0.0818,12.02,0
-0.0029,0.1677,0.0304,0.0438,-3e-05,0.0747,19.59,0
0.01166,0.1165,0.0393,0.0675,-0.00381,0.0495,11.96,0
-0.01478,0.1285,0.0451,0.0643,-0.00208,0.0837,18.53,0
0.01226,0.1053,0.0438,0.0526,0.01005,0.0502,17.21,0
-0.00219,0.1163,0.0493,0.0391,-0.0026,0.0478,19.7,0
-0.00023,0.1352,0.053,0.0682,0.00142,0.0724,12.84,0
0.00606,0.4388,0.0466,0.17,-0.00225,0.3094,45.4,1
0.00735,0.1389,0.0358,0.07,-0.00026,0.068,11.98,0
0.00281,0.1269,0.0396,0.0617,-0.00404,0.0714,18.81,0
-0.00955,0.1202,0.0523,0.0446,0.00078,0.0755,14.21,0
0.00599,0.1533,0.0319,0.0426,0.0007,0.0587,17.38,0
0.00112,0.171,0.0349,0.0583,0.00836,0.0772,17.11,0
-0.01689,0.1389,0.0459,0.0391,-0.0008,0.0486,12.77,0
0.00501,0.1645,0.0376,0.0482,0.0019,0.0574,15.09,0
-0.03075,0.2871,0.049,0.1472,-0.00408,0.3034,55.98,1
0.00085,0.1159,0.0542,0.0402,0.00222,0.05,16.34,0
0.01604,0.1275,0.0545,0.0381,-0.00071,0.0452,20.68,0
0.00065,0.5496,0.096,0.1592,-0.01948,0.1234,54.55,1
0.00173,0.1293,0.0478,0.0331,-0.00142,0.0836,13.2,0
0.00468,0.1434,0.0399,0.0375,-0.00485,0.0771,19.89,0
0.00564,0.1033,0.04,0.0522,0.00343,0.0627,20.24,0
-0.01047,0.1629,0.0519,0.0634,0.00199,0.0446,17.18,0
-0.00081,0.4729,0.035,0.1511,-0.0018,0.2124,37.75,1
-0.00214,0.1396,0.051,0.0386,0.00501,0.0789,11.28,0
0.00383,0.1444,0.0419,0.0319,0.00087,0.0559,17.72,0
0.01719,0.1394,0.0465,0.0589,-0.00074,0.0522,14.38,0
0.00129,0.1638,0.0269,0.0373,-0.00082,0.0721,16.71,0
0.00542,0.1196,0.0394,0.0338,0.00012,0.0411,14.94,0
0.00551,0.1607,0.0474,0.0676,0.00245,0.0423,19.94,0
-0.00079,0.4378,0.074,0.1138,0.00367,0.2485,48.4,1
0.00451,0.1298,0.0399,0.0347,-0.0095,0.0504,13.56,0
-0.00634,0.1074,0.0453,0.0605,-0.0017,0.0871,11.95,0
0.00064,0.1799,0.0273,0.0356,-0.00383,0.0799,12.06,0
-0.00069,0.1119,0.0377,0.0435,-0.00381,0.0865,18.35,0
0.00172,0.1503,0.0449,0.0412,0.00411,0.0596,19.3,0
0.00177,0.1199,0.0466,0.0432,0.00253,0.0621,21.17,0
-0.00016,0.1742,0.0525,0.0381,0.00776,0.0619,20.93,0
0.00529,0.3053,0.0529,0.172,-0.02625,0.1389,45.15,1
-0.01021,0.4795,0.0534,0.1013,-0.01179,0.2717,48.76,1
0.02529,0.1406,0.0477,0.049,0.0008,0.0674,15.81,0
-0.00272,0.1166,0.0513,0.0592,0.00022,0.0704,21.25,0
-0.00184,0.1233,0.0348,0.0359,-0.00089,0.0656,19.53,0
-0.00668,0.1087,0.062,0.0473,-0.0018,0.0887,15.62,0
0.00448,0.1464,0.0339,0.0436,0.00295,0.0817,14.11,0
0.00684,0.6404,0.0604,0.21,-0.04577,0.2297,51.73,1
-0.01002,0.4031,0.0814,0.1767,-0.0175,0.1571,43.1,1
0.01,0.3286,0.0729,0.2142,0.02175,0.1547,38.81,1
-0.01371,0.1652,0.0371,0.0331,0.00254,0.0882,13.35,0
0.00901,0.3533,0.1272,0.1982,0.00492,0.2711,61.08,1
-0.01472,0.6219,0.0892,0.1638,-0.01715,0.1529,57.55,1
0.01756,0.1096,0.0426,0.0458,0.00862,0.0625,16.21,0
-0.00826,0.6039,0.105,0.1331,-0.01117,0.1365,58.95,1
0.01098,0.1667,0.0412,0.0526,0.00143,0.0731,15.82,0
0.00273,0.1259,0.0511,0.0461,-0.00532,0.0609,18.54,0
0.00107,0.1311,0.0438,0.0685,0.00185,0.0742,16.19,0
-0.01857,0.4983,0.0925,0.1618,-0.01295,0.2351,32.63,1
-0.00677,0.1247,0.0437,0.052,-0.00271,0.0772,15.44,0
-0.01373,0.1022,0.0585,0.065,-0.00409,0.0424,12.07,0
0.0005,0.1415,0.0499,0.0614,0.00349,0.0639,16.18,0
-0.00571,0.1762,0.0435,0.0671,0.00493,0.0656,16.3,0
0.00827,0.1181,0.0437,0.0394,0.00558,0.0528,21.81,0
-0.01253,0.1256,0.0513,0.053,-0.0006,0.0682,19.28,0
0.00624,0.1431,0.0672,0.0337,-0.00029,0.0729,20.0,0
0.01558,0.1152,0.0345,0.0678,0.00315,0.0825,14.29,0
-0.01099,0.1767,0.0529,0.0483,-0.0028,0.0619,16.18,0
-0.01056,0.2607,0.0376,0.1425,0.03778,0.1549,48.95,1
0.00805,0.1295,0.036,0.039,-0.00618,0.0503,20.38,0
-0.00388,0.1401,0.0451,0.0336,0.00188,0.0599,19.39,0
0.01202,0.2907,0.0371,0.1426,-0.00828,0.2153,59.09,1
0.00579,0.1037,0.0286,0.0309,0.00166,0.0624,16.6,0
0.0084,0.1009,0.0514,0.0672,0.00228,0.09,21.45,0
-0.00658,0.1454,0.0459,0.036,0.00073,0.0802,14.28,0
-0.00523,0.1375,0.0377,0.0621,0.00155,0.0408,21.18,0
-0.00174,0.1034,0.0487,0.041,-0.00427,0.0746,17.16,0
0.01131,0.395,0.0792,0.17,0.01557,0.1649,53.47,1
0.00999,0.1331,0.0408,0.0416,-0.00541,0.0647,17.1,0
-0.00619,0.6444,0.069,0.1878,0.00887,0.1534,48.31,1
-0.02504,0.3174,0.0653,0.1686,-0.00442,0.1226,35.1,1
-0.00041,0.1425,0.0498,0.0531,-0.0042,0.0438,17.33,0
-0.00173,0.1798,0.0319,0.0477,0.00662,0.0719,20.47,0
0.0363,0.3806,0.0883,0.1998,-0.02933,0.1878,60.66,1
0.01276,0.1246,0.0443,0.0495,0.00142,0.0659,13.2,0
0.01065,0.1022,0.0415,0.0657,-0.0035,0.0818,21.57,0
-5e-05,0.178,0.0547,0.0524,0.00082,0.0751,11.13,0
-0.00903,0.1497,0.0507,0.0325,0.00415,0.0571,19.3,0
-0.00238,0.151,0.041,0.0378,0.00065,0.0896,17.73,0
0.0211,0.2452,0.0673,0.1765,0.01005,0.2559,54.47,1
-0.01191,0.1793,0.0512,0.0313,-0.00115,0.0807,12.64,0
-0.01217,0.5038,0.0551,0.099,0.01203,0.1328,67.74,1
0.00093,0.1491,0.0377,0.0564,0.00134,0.0736,21.35,0
0.00087,0.1324,0.0564,0.0322,0.00061,0.0523,21.36,0
-0.02017,0.4422,0.0484,0.1261,-0.00172,0.2654,39.65,1
-0.00128,0.1364,0.0426,0.0443,-0.00641,0.0645,13.01,0
-0.0216,0.3755,0.0758,0.0998,-0.00613,0.3186,39.32,1
-0.00759,0.1544,0.0565,0.0595,9e-05,0.067,12.63,0
-0.00339,0.1499,0.0538,0.0365,0.00586,0.0584,15.51,0
0.01395,0.1795,0.0413,0.0475,0.00206,0.0617,20.2,0
0.00897,0.1785,0.0292,0.056,0.00318,0.0707,18.39,0
0.00437,0.1499,0.0479,0.0526,-0.00039,0.0732,18.99,0
0.01755,0.1452,0.0451,0.0458,0.00251,0.0606,19.08,0
-0.03451,0.3748,0.096,0.1312,0.01223,0.301,43.43,1
0.01491,0.1449,0.0351,0.0682,0.0013,0.0769,15.68,0
0.01331,0.4265,0.0836,0.214,0.02716,0.3083,40.57,1
-0.00083,0.1133,0.041,0.0543,-0.00377,0.0896,14.66,0
-0.01259,0.5674,0.0764,0.1755,0.01395,0.1659,36.2,1
-0.02337,0.5363,0.1048,0.145,-0.02653,0.2689,54.27,1
-0.00909,0.1117,0.039,0.0524,-0.00556,0.0505,16.1,0
0.01225,0.1489,0.0338,0.0647,0.00402,0.0866,11.94,0
-0.00649,0.1045,0.0325,0.044,-0.00305,0.0579,11.05,0
0.00743,0.1303,0.0429,0.0384,0.00454,0.0848,17.72,0
-0.00607,0.125,0.0503,0.0394,-0.00095,0.0628,16.71,0
0.0057,0.11,0.0361,0.0398,-0.0047,0.0458,15.74,0
0.00914,0.122,0.0379,0.0324,0.00291,0.0708,18.67,0
-0.01094,0.1638,0.0476,0.0687,-0.0021,0.0695,12.44,0
-0.05465,0.2995,0.0623,0.2151,-0.00246,0.2635,28.33,1
0.00482,0.156,0.0599,0.0323,-0.00355,0.0582,13.82,0
0.01631,0.1304,0.0438,0.0432,0.00088,0.0767,11.79,0
-0.01578,0.1452,0.0435,0.0655,-0.00541,0.0865,16.22,0
0.00368,0.1592,0.0462,0.0693,0.00343,0.0477,12.96,0
-0.0096,0.1745,0.0419,0.0684,0.01012,0.0865,14.92,0
0.00136,0.3188,0.0845,0.209,-0.02138,0.1835,54.54,1
0.01526,0.1771,0.0411,0.0642,-0.00199,0.0423,12.22,0
0.0039,0.5773,0.0895,0.0965,-0.02695,0.1825,51.38,1
0.00504,0.1033,0.0581,0.035,0.00262,0.0502,19.89,0
0.00948,0.275,0.0614,0.1328,-0.00968,0.2978,64.15,1
0.00046,0.1766,0.035,0.0378,-0.0051,0.0696,19.5,0
0.01187,0.1076,0.0478,0.0386,-0.00518,0.0793,18.43,0
-0.00067,0.1209,0.0421,0.0566,-0.0031,0.0894,16.03,0
0.00719,0.154,0.0256,0.0674,-0.00155,0.0745,14.3,0
0.00466,0.1637,0.0465,0.0522,-0.00358,0.0792,15.54,0
-0.0029,0.1114,0.0401,0.0478,0.00081,0.0834,17.18,0
0.0017,0.1466,0.0268,0.0314,-0.00428,0.0539,15.77,0
-0.00439,0.1038,0.0469,0.0545,-0.00039,0.0667,14.12,0
-0.01679,0.1076,0.0382,0.0514,0.00473,0.0516,16.4,0
-0.0224,0.4542,0.0694,0.1274,0.01379,0.1703,32.54,1
-0.00304,0.101,0.0499,0.0422,-0.00527,0.0629,12.57,0
-0.00723,0.1665,0.0552,0.03,-0.0009,0.0765,15.08,0
0.01122,0.1556,0.046,0.0362,0.00075,0.0811,14.68,0
-0.0102,0.1449,0.0436,0.0311,-0.00095,0.0448,21.11,0
-0.01204,0.1124,0.0503,0.06,-0.00529,0.0826,12.51,0
0.00104,0.2462,0.0523,0.1521,0.02075,0.2488,56.64,1
0.01075,0.5618,0.0504,0.168,-0.02096,0.1587,67.05,1
0.00218,0.1775,0.0552,0.0645,0.00345,0.0438,13.63,0
-0.0128,0.1089,0.0424,0.0568,0.00814,0.0844,19.92,0
0.00495,0.1396,0.0585,0.0672,-0.00013,0.0787,17.03,0
-0.01529,0.1607,0.0326,0.0586,-0.00628,0.0441,17.29,0
-0.00219,0.1581,0.046,0.0459,-0.00033,0.0717,16.16,0
-0.00032,0.1038,0.0418,0.0381,-0.00264,0.0494,15.39,0
-0.00458,0.1495,0.0431,0.063,-0.00663,0.0527,19.15,0
0.01168,0.1298,0.0633,0.0338,-0.00724,0.056,15.32,0
-0.00828,0.1508,0.0469,0.0342,0.00142,0.047,16.65,0
0.00847,0.1081,0.0495,0.0609,0.00361,0.0675,18.25,0
-0.00606,0.1654,0.0464,0.0505,-0.00322,0.0641,21.89,0
-0.01666,0.4637,0.0654,0.1391,-0.02184,0.2173,34.97,1
0.00436,0.1502,0.0517,0.0576,-0.00243,0.0576,19.78,0
0.00697,0.1241,0.0579,0.0519,-0.00376,0.0851,11.86,0
0.03159,0.1461,0.0493,0.0499,0.00734,0.0447,13.3,0
0.01481,0.5293,0.0637,0.1945,0.00169,0.1413,58.11,1
0.00322,0.1375,0.0473,0.0541,-0.00352,0.0892,13.19,0
0.0002,0.1127,0.0504,0.0525,-0.00024,0.0687,18.1,0
-0.02883,0.4508,0.0684,0.1171,-0.02546,0.2061,29.97,1
0.01662,0.4755,0.0977,0.1908,-0.01244,0.1354,39.03,1
0.00618,0.1739,0.0535,0.043,0.00561,0.0776,16.08,0
-0.01726,0.5327,0.0455,0.1721,-0.0026,0.1235,35.86,1
-0.00646,0.1561,0.0416,0.0394,0.01026,0.0689,17.83,0
-0.00067,0.1788,0.035,0.0427,0.00192,0.0433,13.84,0
-0.00198,0.1579,0.0426,0.0575,0.0053,0.0403,16.93,0
0.00386,0.1766,0.0549,0.0619,0.00596,0.0458,14.56,0
-0.00165,0.1614,0.0494,0.0328,-0.00107,0.0584,16.65,0
0.00823,0.5113,0.1056,0.1099,-0.02162,0.2016,53.97,1
-0.01052,0.1799,0.0573,0.0554,0.00078,0.0652,21.02,0
-0.01655,0.1718,0.0381,0.055,0.00104,0.0528,12.82,0
-0.01456,0.1197,0.0572,0.0562,0.00892,0.0522,14.08,0
-0.00462,0.1643,0.0396,0.0391,0.00334,0.0736,19.43,0
0.00053,0.1202,0.037,0.0634,0.00315,0.0566,16.43,0
0.00609,0.1142,0.0498,0.0533,0.00162,0.0725,18.05,0
-0.00682,0.1763,0.0556,0.0694,0.00199,0.0818,14.04,0
-0.00853,0.465,0.0809,0.2073,-0.02543,0.2933,44.26,1
-0.00586,0.1184,0.035,0.0418,0.00312,0.0741,18.63,0
0.00623,0.154,0.0529,0.0393,0.0029,0.0861,17.57,0
-0.0309,0.6073,0.0446,0.1506,-0.01546,0.3027,35.21,1
-0.00161,0.18,0.0634,0.0545,-0.00954,0.0456,17.93,0
-0.00517,0.1116,0.0566,0.0365,0.00578,0.0833,18.32,0
-0.01339,0.1447,0.0459,0.049,0.00102,0.046,11.75,0
-0.02759,0.3184,0.0805,0.1746,0.01327,0.2015,64.46,1
0.0074,0.1017,0.0418,0.0406,-0.00394,0.0604,15.08,0
0.0143,0.3625,0.1025,0.1879,-0.01225,0.2965,44.41,1
-0.01398,0.3291,0.1173,0.1983,-0.00093,0.281,60.83,1
0.00132,0.1714,0.0545,0.0593,-0.00169,0.0523,15.76,0
-0.01481,0.2685,0.0847,0.1866,-0.02029,0.2036,51.53,1
-0.01096,0.4498,0.0996,0.152,-0.005,0.1928,29.3,1
-0.0264,0.376,0.0733,0.1581,-0.00239,0.2335,67.62,1
-0.01005,0.1589,0.0519,0.0594,-0.00082,0.0476,13.56,0
-0.01288,0.3279,0.0882,0.1689,-0.0217,0.2711,38.81,1
-0.01883,0.1217,0.0536,0.0361,0.00368,0.0812,12.17,0
0.00387,0.1259,0.027,0.0308,-0.00311,0.0668,16.23,0
-0.00769,0.1375,0.0434,0.0542,0.00102,0.0805,15.73,0
-0.00531,0.1284,0.0453,0.0459,0.00029,0.05,20.31,0
0.00807,0.1701,0.0474,0.0476,-0.00227,0.086,13.37,0
-0.0014,0.1761,0.0465,0.0655,0.00519,0.0633,15.16,0
-0.05756,0.4185,0.0574,0.2073,0.0044,0.1414,30.8,1
-0.00387,0.1259,0.037,0.0405,0.00361,0.0659,15.15,0
0.00804,0.6187,0.0689,0.1149,-0.0137,0.2,48.96,1
0.00327,0.1614,0.0482,0.0595,-0.0006,0.0675,14.25,0
0.00055,0.1247,0.0468,0.0644,0.00043,0.0769,20.23,0
-0.01039,0.5549,0.0839,0.1018,0.01979,0.1647,47.98,1
0.00879,0.3697,0.0853,0.1874,-0.00501,0.286,52.67,1
0.01035,0.1417,0.0556,0.034,-0.00094,0.0624,19.31,0
-0.00793,0.1618,0.0431,0.0561,-0.00373,0.0508,18.09,0
0.00233,0.1076,0.0525,0.0597,-0.00231,0.0486,13.79,0
-0.00636,0.5003,0.1057,0.18,-0.01425,0.2047,62.23,1
-0.03096,0.5736,0.0876,0.1282,0.01687,0.2931,41.64,1
0.01543,0.1562,0.0475,0.0359,0.0008,0.0778,20.81,0
0.00174,0.156,0.0449,0.054,3e-05,0.0828,15.04,0
0.00478,0.1171,0.0476,0.0393,0.00323,0.0573,20.68,0
0.00914,0.1542,0.0474,0.0612,0.00453,0.0743,15.05,0
0.02505,0.3975,0.0532,0.131,-0.00044,0.2135,65.78,1
0.0021,0.152,0.045,0.0689,-0.00035,0.0587,17.14,0
0.01785,0.5511,0.0707,0.1843,0.00126,0.292,28.62,1
-0.00315,0.1744,0.0477,0.0681,0.0008,0.0747,19.53,0
0.00575,0.1143,0.055,0.0518,0.00142,0.0507,17.78,0
0.01603,0.1378,0.0497,0.0325,0.0001,0.0827,16.06,0
0.00061,0.1032,0.0393,0.058,0.00232,0.0544,13.17,0
0.00231,0.1762,0.0471,0.045,0.0016,0.0805,12.58,0
-0.00642,0.1254,0.051,0.0522,3e-05,0.0897,11.36,0
-0.00516,0.1333,0.0462,0.0567,0.00442,0.0456,15.84,0
0.0113,0.114,0.0404,0.0391,0.00321,0.0858,16.79,0
0.00886,0.1367,0.0523,0.0667,-0.00298,0.0704,20.39,0
-0.00647,0.1208,0.0545,0.0359,-0.00161,0.0628,20.95,0
-0.00321,0.1427,0.0499,0.0531,-0.00059,0.0408,20.85,0
0.00459,0.1503,0.0418,0.0518,-2e-05,0.0511,20.32,0
0.01112,0.1132,0.0323,0.059,-0.00274,0.0444,16.72,0
0.01618,0.249,0.0459,0.1052,0.01231,0.2275,46.43,1
0.00731,0.1213,0.0374,0.0513,0.00078,0.0689,18.27,0
-0.01778,0.6429,0.0668,0.1143,-0.00505,0.2882,62.78,1
-0.00435,0.1521,0.053,0.0511,-0.00222,0.0635,18.0,0
0.01171,0.1113,0.0325,0.0325,0.0101,0.0445,17.12,0
0.01036,0.1344,0.0455,0.0347,0.00243,0.0626,12.9,0
0.00582,0.1728,0.0415,0.0634,0.00017,0.0467,18.66,0
0.01707,0.1074,0.0504,0.0479,-0.00227,0.0807,12.36,0
0.00273,0.139,0.0361,0.069,-0.00234,0.0892,18.63,0
-0.00504,0.1678,0.0492,0.0447,0.00292,0.0488,13.78,0
0.04204,0.2437,0.1053,0.1197,-0.00389,0.1255,54.82,1
0.00646,0.1684,0.0291,0.0525,0.0045,0.0448,15.19,0
-0.01202,0.4686,0.0801,0.1479,-0.01039,0.2907,39.55,1
-0.00539,0.1165,0.0526,0.0557,0.00198,0.0593,13.1,0
-0.00448,0.1771,0.0429,0.0675,0.00271,0.0483,19.84,0
-0.00228,0.1312,0.049,0.064,0.00072,0.0854,13.53,0
0.00914,0.3162,0.0545,0.1096,0.0054,0.1651,51.88,1
0.01227,0.1387,0.0355,0.0665,0.00142,0.0537,14.21,0
0.00407,0.1547,0.0399,0.0501,0.00057,0.0804,17.8,0
0.00353,0.1339,0.0431,0.0594,-0.01022,0.0883,20.77,0
0.0084,0.1686,0.0482,0.0525,0.00246,0.0729,16.09,0
0.01833,0.1392,0.0503,0.0511,-0.00454,0.0512,12.01,0
-0.00396,0.1451,0.0411,0.0629,0.00415,0.0888,21.94,0
-0.01375,0.3195,0.0636,0.1395,-0.00103,0.3145,63.21,1
-0.01004,0.1784,0.0355,0.0535,0.00453,0.0456,12.15,0
0.00084,0.1527,0.0374,0.0657,-0.00999,0.0465,16.09,0
-0.02032,0.3755,0.0913,0.1436,0.00788,0.2728,66.56,1
-0.0121,0.1445,0.0477,0.0326,-0.00061,0.0661,13.52,0
0.02037,0.4458,0.0734,0.1717,0.02736,0.2445,37.8,1
0.009,0.2693,0.1074,0.1171,-0.00141,0.1708,59.5,1
6e-05,0.1398,0.0461,0.0474,-0.00236,0.0894,21.93,0
0.0028,0.1622,0.0407,0.0353,0.00027,0.0757,15.98,0
-0.00419,0.1709,0.047,0.0359,0.00233,0.0793,14.5,0
-0.00505,0.1385,0.0555,0.0608,0.00761,0.0857,19.59,0
0.00204,0.1291,0.0565,0.0576,-0.00463,0.062,18.03,0
0.0041,0.1014,0.0364,0.0629,0.00178,0.0705,11.25,0
0.00204,0.3186,0.0576,0.0933,-0.00542,0.3191,44.38,1
-0.00318,0.1643,0.0395,0.0399,0.00216,0.0541,21.27,0
-0.00098,0.1576,0.05,0.0365,-0.00242,0.0859,16.04,0
-0.00525,0.1393,0.0514,0.042,-0.0013,0.0446,21.18,0
-0.00613,0.1357,0.0402,0.0607,0.00613,0.059,18.42,0
-0.00448,0.1255,0.04,0.0534,0.00056,0.0533,14.22,0
-0.00246,0.157,0.0444,0.0631,0.00229,0.0642,19.16,0
0.01339,0.1335,0.0419,0.0457,0.00255,0.0556,15.94,0
-0.01898,0.1549,0.0359,0.045,-0.00156,0.05,11.29,0
-0.00578,0.5266,0.0805,0.1171,0.00222,0.2882,50.58,1
-0.00173,0.118,0.0381,0.0311,-9e-05,0.0704,14.3,0
-0.002,0.1519,0.0434,0.0499,-0.00143,0.0443,17.59,0
-0.00548,0.1577,0.0456,0.0416,-0.00772,0.0415,15.84,0
0.00356,0.1114,0.0507,0.0426,-0.00236,0.0722,19.08,0
-0.00341,0.1402,0.0499,0.05,-0.00567,0.0544,18.52,0
-0.02318,0.3752,0.1076,0.1373,-0.0116,0.2477,57.32,1
-0.00066,0.1019,0.0406,0.0437,0.00112,0.0515,14.26,0
0.00832,0.6319,0.0486,0.1188,0.0002,0.1947,57.27,1
0.00405,0.1586,0.0493,0.0318,0.00079,0.0633,12.48,0
0.00022,0.1777,0.0459,0.0666,0.00439,0.0527,12.72,0
0.00393,0.1633,0.0384,0.0354,-0.00258,0.0798,20.72,0
0.00558,0.1018,0.0398,0.0577,0.00282,0.0762,17.44,0
-0.01708,0.1134,0.0496,0.0664,0.00664,0.0731,11.44,0
0.00867,0.147,0.0324,0.0636,0.00535,0.0791,14.9,0
0.00305,0.132,0.0517,0.0415,-0.00546,0.085,14.7,0
0.00664,0.5171,0.0368,0.1199,-0.00366,0.1555,64.25,1
-0.00091,0.1384,0.0494,0.0558,-0.00476,0.0807,13.25,0
4e-05,0.1337,0.0486,0.0327,0.00268,0.076,12.52,0
-0.00404,0.1748,0.0627,0.0635,0.00149,0.0608,20.71,0
0.00515,0.1594,0.0345,0.048,-0.00718,0.0816,16.99,0
-0.00597,0.1183,0.0453,0.0506,-0.00559,0.042,21.25,0
-0.00433,0.1662,0.0518,0.0401,0.00504,0.0797,18.46,0
0.00773,0.1792,0.0556,0.0584,-0.00485,0.0537,14.07,0
0.01063,0.1251,0.0668,0.0513,0.00335,0.0647,20.85,0
-0.00196,0.1189,0.0505,0.0501,-0.00018,0.0745,18.28,0
0.00728,0.1296,0.044,0.0489,0.00374,0.0751,11.71,0
0.00214,0.5871,0.0938,0.1463,-0.00606,0.2587,50.52,1
-0.03026,0.5136,0.1095,0.0924,0.00234,0.306,53.34,1
0.01998,0.3715,0.039,0.1102,0.01873,0.2878,65.47,1
-0.01688,0.1267,0.0474,0.0387,-0.00553,0.0559,12.78,0
-0.03455,0.4484,0.0902,0.1678,0.01459,0.2218,48.96,1
0.00766,0.1745,0.0507,0.0616,-0.00084,0.0559,20.85,0
-0.00295,0.109,0.0564,0.0533,0.00232,0.0532,20.52,0
0.00243,0.1421,0.0534,0.0428,0.00252,0.0516,21.59,0
0.00894,0.4278,0.0779,0.1656,-0.02701,0.2478,46.74,1
0.00334,0.1619,0.0369,0.0618,0.00402,0.053,11.86,0
-0.02765,0.3166,0.0745,0.1618,-0.01237,0.2349,65.08,1
-0.00607,0.1059,0.0398,0.0505,0.00324,0.0659,20.7,0
0.00469,0.1585,0.0548,0.0528,-0.00037,0.044,11.86,0
0.01177,0.5805,0.0986,0.1927,0.00703,0.237,43.28,1
-0.01045,0.148,0.046,0.0473,-0.00078,0.0741,21.78,0
-0.00556,0.1562,0.0399,0.0434,0.00305,0.0454,11.66,0
-0.00074,0.5751,0.112,0.1593,-0.01618,0.1782,62.21,1
-0.00218,0.1137,0.0507,0.0393,-0.00242,0.0465,15.41,0
-0.02424,0.5087,0.0873,0.1903,-0.01419,0.1425,38.39,1
-0.00692,0.172,0.0456,0.0382,-0.00227,0.0766,19.26,0
-0.00256,0.1389,0.0451,0.0539,-0.00134,0.0458,13.84,0
-0.01065,0.1304,0.0482,0.0661,-0.00393,0.0454,12.72,0
0.01914,0.1546,0.0431,0.0348,-0.00382,0.0737,15.0,0
0.00434,0.1437,0.047,0.0604,0.01253,0.0432,11.05,0
0.00639,0.5638,0.1015,0.1485,-0.00601,0.2003,63.24,1
0.01253,0.1384,0.0314,0.0547,-0.00081,0.0665,15.64,0
-0.01074,0.1297,0.0346,0.0369,-0.00133,0.0774,11.94,0
0.01105,0.1594,0.0404,0.0595,-2e-05,0.0855,21.05,0
0.01681,0.153,0.0385,0.0317,-0.00156,0.0519,19.41,0
0.00231,0.1728,0.0539,0.0672,-0.00059,0.0816,15.15,0
-0.00113,0.1166,0.047,0.0662,-0.00023,0.0407,17.66,0
-0.00454,0.1383,0.0319,0.0564,0.00087,0.0411,21.33,0
0.00912,0.1429,0.0372,0.0418,-0.00275,0.0801,14.65,0
-0.00508,0.623,0.0847,0.1814,-0.00127,0.221,46.4,1
0.00837,0.5932,0.0699,0.1069,-0.00684,0.2531,30.47,1
-0.00065,0.1034,0.055,0.0316,-0.00198,0.058,11.26,0
0.03075,0.3061,0.102,0.0965,0.02317,0.2175,63.22,1
0.00117,0.1455,0.0499,0.0324,-0.00859,0.0523,18.06,0
0.00335,0.1124,0.0514,0.0354,0.00036,0.0523,16.05,0
0.00338,0.1785,0.0333,0.0607,-0.00195,0.0516,19.83,0
-0.00238,0.1161,0.0456,0.0664,0.00279,0.0835,19.91,0
-0.00038,0.1269,0.035,0.0683,0.00704,0.0584,19.79,0
-0.0052,0.1184,0.0431,0.0507,-0.00103,0.0683,17.24,0
0.00452,0.115,0.0583,0.0308,0.00164,0.0537,16.11,0
0.01033,0.1178,0.0399,0.0596,0.00269,0.0688,14.63,0
-0.01113,0.1445,0.045,0.0355,0.00137,0.0705,21.93,0
-0.00305,0.1242,0.0604,0.0495,-0.00423,0.0662,11.27,0
0.00686,0.2842,0.115,0.1285,4e-05,0.263,55.35,1
0.00183,0.1242,0.0455,0.0431,-0.00254,0.0567,19.58,0
-0.00588,0.1097,0.0516,0.042,1e-05,0.059,16.83,0
0.03713,0.5509,0.1001,0.124,0.01003,0.1443,54.8,1
0.01332,0.1418,0.0386,0.038,0.00242,0.0686,21.86,0
-0.01575,0.1609,0.0391,0.0455,-0.00364,0.0858,11.06,0
-0.03851,0.4712,0.1037,0.1674,-0.00085,0.3078,41.36,1
-0.00475,0.1435,0.0602,0.0471,-0.00418,0.0783,13.72,0
0.00582,0.169,0.0482,0.0626,0.00074,0.0684,21.99,0
-0.0011,0.1546,0.0292,0.0373,-0.00068,0.0695,15.54,0
0.01451,0.1091,0.048,0.0628,0.00066,0.047,21.42,0
0.00355,0.1057,0.0472,0.05,-0.00362,0.0534,11.15,0
0.00214,0.1031,0.0293,0.051,-0.00094,0.071,15.88,0
-0.00618,0.1454,0.0346,0.0626,0.00514,0.067,19.76,0
0.00264,0.2711,0.0872,0.1077,0.01335,0.207,55.11,1
-0.03082,0.2619,0.0761,0.1959,-0.02834,0.1943,43.26,1
0.01652,0.1167,0.0523,0.0509,0.00314,0.0461,11.63,0
-0.00522,0.1226,0.0457,0.0658,-0.00378,0.0752,18.9,0
-0.00347,0.1299,0.0418,0.0418,0.00235,0.073,12.66,0
0.00065,0.1312,0.0445,0.0574,-0.00354,0.0568,17.15,0
-0.00162,0.1611,0.0502,0.0478,-0.00852,0.087,18.74,0
0.00333,0.51,0.0804,0.187,-0.02007,0.1648,42.18,1
0.00158,0.1749,0.0483,0.0603,-0.00023,0.05,14.2,0
0.00202,0.1673,0.0418,0.0443,-0.00464,0.0548,16.36,0
0.0049,0.6305,0.0815,0.1279,0.00553,0.2757,49.74,1
-0.01755,0.5122,0.0857,0.1347,0.00623,0.2657,61.46,1
-0.00176,0.1095,0.0469,0.0321,0.00097,0.0837,17.07,0
0.0259,0.5891,0.0412,0.2076,0.01126,0.1961,56.31,1
-0.01609,0.1622,0.0436,0.047,-0.00081,0.0758,15.87,0
