Date,Price,Open,High,Low
2014-01-01,28686.71,28674.26,28785.54,28544.83
2014-01-02,28856.36,28792.76,28879.63,28835.8
2014-01-03,29098.75,29060.22,29529.58,29067.09
2014-01-06,29238.77,29134.76,29293.47,28926.71
2014-01-07,29417.66,29530.75,29502.09,29232.62
2014-01-08,29345.41,29407.73,29404.69,29222.39
2014-01-09,29137.15,29195.25,29484.21,29063.51
2014-01-10,29303.74,29215.95,29591.48,29299.24
2014-01-13,28797.08,28791.87,28958.96,28653.16
2014-01-14,28996.01,28988.11,29178.84,28890.44
2014-01-15,29141.96,29026.87,29330.5,29133.11
2014-01-16,29001.33,28981.39,29069.64,28996.1
2014-01-17,29060.01,28990.19,29159.27,29000.95
2014-01-20,28876.48,28790.29,28895.75,28705.58
2014-01-21,28650.02,28575.27,28790.65,28570.57
2014-01-22,28902.68,28853.47,28946.52,28859.32
2014-01-23,28961.69,29009.14,29032.2,28883.74
2014-01-24,29482.07,29599.53,29556.48,29157.36
2014-01-27,30178.26,30208.97,30226.04,30095.57
2014-01-28,30371.57,30649.88,30445.52,30355.83
2014-01-29,30463.62,30345.11,30570.38,30418.11
2014-01-30,30933.13,30848.19,31064.92,30554.32
2014-01-31,30482.07,30520.36,30548.71,30443.95
2014-02-03,30182.83,30309.62,30327.94,29994.65
2014-02-04,30157.73,30003.46,30277.25,30147.22
2014-02-05,30272.58,30328.84,30654.93,30199.71
2014-02-06,30328.01,30247.31,30609.94,30002.94
2014-02-07,30388.25,30365.05,30425.66,30373.68
2014-02-10,30616.42,30563.41,30683.81,30520.46
2014-02-11,30647.07,30601.27,30826.22,30606.9
2014-02-12,30831.21,30735.02,31144.52,30802.56
2014-02-13,30932.02,31150.41,31002.77,30746.97
2014-02-14,30807.71,30816.11,30856.31,30751.85
2014-02-17,30614.44,30565.72,30714.54,30497.41
2014-02-18,30371.63,30090.04,30414.89,30271.58
2014-02-19,30512.65,30589.92,30753.59,30463.89
2014-02-20,30492.13,30520.55,30503.33,30244.43
2014-02-21,31018.93,30850.58,31288.36,30920.79
2014-02-24,31095.24,31046.79,31262.18,31051.3
2014-02-25,31658.95,31642.48,31787.18,31641.93
2014-02-26,31394.04,31452.57,31397.84,31206.64
2014-02-27,31459.81,31247.11,31612.79,31122.07
2014-02-28,31157.15,31134.5,31376.98,30985.91
2014-03-03,31168.38,31176.68,31257.78,31051.51
2014-03-04,31462.92,31290.45,31493.19,31311.09
2014-03-05,31430.72,31465.57,31657.52,31231.1
2014-03-06,31433.19,31426.75,31640.1,31266.31
2014-03-07,31625.14,31479.51,31961.84,31406.77
2014-03-10,32243.41,32209.25,32548.78,32202.63
2014-03-11,32081.79,32042.21,32353.52,31898.19
2014-03-12,31880.18,31859.41,32072.78,31634.08
2014-03-13,31794.28,31735.52,31838.58,31635.14
2014-03-14,31846.91,31905.07,32143.32,31711.48
2014-03-17,31723.86,31514.14,31890.76,31644.64
2014-03-18,31891.97,31847.01,32060.09,31677.22
2014-03-19,32193.01,32256.74,32274.96,32161.47
2014-03-20,31942.61,31988.43,32170.23,31915.94
2014-03-21,32483.33,32473.75,32759.76,32357.97
2014-03-24,32171.63,32116.0,32200.06,32074.42
2014-03-25,32356.86,32331.22,32620.81,32312.21
2014-03-26,32478.8,32352.55,32507.35,32389.75
2014-03-27,33093.07,33179.53,33261.52,33063.02
2014-03-28,32995.15,33028.6,33107.3,32934.93
2014-03-31,33074.05,32998.54,33157.79,33040.4
2014-04-01,33285.24,33318.22,33500.68,33181.44
2014-04-02,33602.48,33410.75,33733.95,33256.51
2014-04-03,33605.25,33489.99,33663.72,33560.65
2014-04-04,34197.35,34313.15,34390.42,34194.93
2014-04-07,33907.64,34045.62,34403.14,33877.15
2014-04-08,33698.57,33621.01,34115.93,33598.21
2014-04-09,33766.29,33704.04,34031.64,33484.51
2014-04-10,33560.74,33482.45,33979.21,33355.15
2014-04-11,33165.76,33125.03,33194.25,32916.72
2014-04-14,33614.23,33591.08,33641.56,33426.67
2014-04-15,33912.57,33935.41,33962.17,33808.26
2014-04-16,33290.07,33392.95,33328.37,33132.56
2014-04-17,33594.76,33566.96,33612.0,33546.05
2014-04-18,33961.98,33973.5,34095.88,33780.74
2014-04-21,33661.92,33536.72,33694.38,33317.05
2014-04-22,34060.06,33868.39,34158.06,33715.96
2014-04-23,33634.1,33796.83,33740.02,33385.16
2014-04-24,33499.82,33574.71,33622.82,33339.73
2014-04-25,33463.78,33398.17,33506.19,33443.47
2014-04-28,33619.47,33599.6,33727.7,33418.88
2014-04-29,33748.09,33723.83,33967.24,33586.45
2014-04-30,33826.16,34031.4,34134.14,33771.42
2014-05-01,33583.99,33509.38,33633.38,33486.51
2014-05-02,34055.98,34116.91,34161.37,34032.07
2014-05-05,34268.93,34225.03,34510.93,34179.93
2014-05-06,34118.83,34211.57,34226.24,34103.62
2014-05-07,33960.3,34171.06,34141.83,33576.28
2014-05-08,34396.71,34457.61,34428.81,34342.42
2014-05-09,34604.31,34419.98,34835.82,34393.75
2014-05-12,34341.45,34267.92,34570.44,34264.45
2014-05-13,34235.41,34281.43,34415.11,34003.26
2014-05-14,34559.64,34655.02,34692.05,34432.99
2014-05-15,33975.74,33943.35,34133.44,33945.47
2014-05-16,33729.03,33645.9,33819.7,33546.65
2014-05-19,33956.24,33786.31,34045.8,33874.79
2014-05-20,33603.94,33444.25,33805.62,33597.9
2014-05-21,34095.69,34297.05,34197.0,33954.52
2014-05-22,33773.9,33724.23,33913.22,33733.51
2014-05-23,33375.68,33311.96,33425.02,33221.18
2014-05-26,32998.37,32939.58,33143.85,32728.0
2014-05-27,33022.23,33110.65,33037.25,32961.52
2014-05-28,32914.49,32815.72,32959.06,32642.38
2014-05-29,32703.03,32828.15,32821.35,32661.86
2014-05-30,32746.6,32994.07,32849.58,32612.65
2014-06-02,32526.66,32581.04,32676.99,32320.08
2014-06-03,32611.11,32392.45,32720.48,32522.06
2014-06-04,32810.06,32705.32,32970.81,32668.35
2014-06-05,32925.85,32940.23,33020.23,32735.35
2014-06-06,32625.24,32747.12,32735.65,32587.19
2014-06-09,32897.67,32845.46,33116.82,32766.67
2014-06-10,32956.41,32990.86,33147.3,32948.88
2014-06-11,33211.28,33311.12,33276.62,32998.29
2014-06-12,33510.26,33395.85,33693.3,33174.03
2014-06-13,33407.65,33379.0,33408.33,33327.25
2014-06-16,33651.25,33647.62,33929.58,33536.42
2014-06-17,33453.45,33255.24,33554.95,33189.21
2014-06-18,33639.05,33459.6,33672.13,33567.71
2014-06-19,33173.31,33217.48,33255.26,32777.61
2014-06-20,33384.05,33557.7,33539.09,33246.23
2014-06-23,33403.66,33496.83,33461.43,33353.51
2014-06-24,32924.65,32875.47,33052.6,32825.1
2014-06-25,33033.57,33074.52,33066.31,32877.39
2014-06-26,32890.55,32893.9,33105.87,32887.55
2014-06-27,33522.58,33583.06,33738.48,33468.9
2014-06-30,33593.02,33640.08,33685.17,33374.55
2014-07-01,34294.53,34157.72,34360.19,34039.22
2014-07-02,34528.06,34340.1,34559.64,34306.44
2014-07-03,34278.48,34347.4,34465.69,34031.58
2014-07-04,34383.28,34482.01,34449.83,34361.83
2014-07-07,34469.4,34416.13,34582.37,34439.69
2014-07-08,34745.51,34721.72,34886.89,34655.53
2014-07-09,34282.72,34335.98,34504.36,34208.66
2014-07-10,34218.86,34257.37,34418.05,33958.86
2014-07-11,34057.0,33971.53,34212.09,34002.04
2014-07-14,34140.45,34181.1,34285.35,34056.36
2014-07-15,34213.17,34193.72,34238.79,34032.99
2014-07-16,34324.5,34224.73,34409.34,34293.83
2014-07-17,34541.61,34510.52,34602.25,34512.55
2014-07-18,34500.95,34524.06,34658.3,34245.16
2014-07-21,34751.55,34825.51,34850.59,34702.43
2014-07-22,34646.66,34736.45,34653.1,34282.08
2014-07-23,34534.15,34445.27,34636.8,34366.06
2014-07-24,34651.31,34643.51,34716.44,34266.39
2014-07-25,34723.74,34644.78,34819.58,34601.45
2014-07-28,34436.38,34531.87,34689.59,34106.32
2014-07-29,35133.36,35183.19,35403.65,34972.98
2014-07-30,34846.11,34854.0,34932.0,34807.85
2014-07-31,34393.68,34274.85,34454.14,34303.06
2014-08-01,34751.69,34896.94,34874.98,34700.61
2014-08-04,34926.42,34848.92,34965.38,34901.73
2014-08-05,35060.35,34976.64,35084.82,34852.68
2014-08-06,34878.39,34886.35,35060.31,34797.46
2014-08-07,34463.22,34534.93,34587.23,34314.6
2014-08-08,34408.92,34439.86,34442.42,34385.4
2014-08-11,34407.34,34334.55,34585.52,34341.84
2014-08-12,34423.41,34357.44,34523.85,34231.61
2014-08-13,34464.15,34489.22,34507.59,34424.16
2014-08-14,34855.8,34887.05,35135.95,34707.18
2014-08-15,34532.33,34526.23,34803.43,34403.83
2014-08-18,33968.25,33892.51,34096.16,33617.12
2014-08-19,33866.66,33792.83,34189.96,33786.62
2014-08-20,33384.61,33283.74,33445.17,33243.64
2014-08-21,32600.06,32716.79,32611.23,32527.16
2014-08-22,33052.56,32938.85,33361.36,32906.94
2014-08-25,33116.31,33173.78,33162.11,33082.74
2014-08-26,32945.52,32908.55,32961.31,32943.26
2014-08-27,32843.81,32681.16,32904.63,32599.31
2014-08-28,33364.63,33475.47,33391.5,33190.6
2014-08-29,33710.84,33620.7,33829.43,33624.01
2014-09-01,33990.95,34037.41,34091.75,33828.54
2014-09-02,34102.46,34082.53,34552.76,34058.84
2014-09-03,33796.3,33861.78,33906.25,33573.08
2014-09-04,33771.01,33674.69,33854.16,33633.08
2014-09-05,33502.52,33531.22,33604.79,33461.46
2014-09-08,34119.76,34268.1,34241.94,34055.49
2014-09-09,33818.43,33759.28,33980.2,33484.05
2014-09-10,33442.95,33646.82,33522.03,33156.6
2014-09-11,32976.56,33033.41,33034.64,32866.47
2014-09-12,33222.53,32974.41,33253.31,32977.51
2014-09-15,32749.22,32804.26,32778.35,32398.23
2014-09-16,32937.3,32888.42,33050.96,32803.01
2014-09-17,33032.42,33115.79,33083.19,32864.67
2014-09-18,32984.3,33109.51,33024.73,32885.9
2014-09-19,33729.87,33774.96,33824.57,33407.72
2014-09-22,33579.46,33462.38,33770.07,33294.17
2014-09-23,33738.93,33681.36,33847.62,33725.17
2014-09-24,33385.19,33522.25,33407.81,33384.31
2014-09-25,33162.78,33105.1,33321.41,33048.18
2014-09-26,33396.0,33421.62,33451.16,33357.8
2014-09-29,33181.23,33157.8,33296.72,33103.94
2014-09-30,33183.01,32951.43,33376.48,33090.54
2014-10-01,33397.0,33278.65,33530.16,33364.38
2014-10-02,33432.96,33519.42,33516.95,33293.3
2014-10-03,33322.67,33308.42,33329.7,33033.03
2014-10-06,33350.35,33461.94,33436.0,33207.49
2014-10-07,32745.7,32557.92,32872.55,32711.27
2014-10-08,32676.75,32657.3,32688.79,32621.88
2014-10-09,32996.23,33153.76,33055.84,32989.09
2014-10-10,33521.99,33649.91,33654.92,33486.49
2014-10-13,33740.3,33778.36,33980.25,33643.72
2014-10-14,33798.12,33889.33,33918.39,33736.25
2014-10-15,33860.22,34078.39,33945.91,33602.63
2014-10-16,33644.28,33627.81,33971.18,33420.02
2014-10-17,33943.15,34007.58,34125.27,33734.63
2014-10-20,34226.71,34124.22,34712.58,34158.59
2014-10-21,34076.89,34094.11,34118.28,33872.58
2014-10-22,33626.35,33537.19,33665.31,33537.28
2014-10-23,33767.73,33809.81,34013.84,33617.35
2014-10-24,34157.22,34131.69,34185.66,33936.68
2014-10-27,34034.72,34236.98,34165.59,33980.23
2014-10-28,34126.9,34031.32,34193.37,34102.32
2014-10-29,34263.54,34438.14,34476.05,34164.91
2014-10-30,34575.97,34517.14,34615.22,34416.99
2014-10-31,34745.42,34732.6,34748.04,34485.08
2014-11-03,34474.46,34558.98,34666.83,34442.29
2014-11-04,34745.32,34532.1,34870.61,34652.0
2014-11-05,34666.37,34846.45,34835.82,34632.16
2014-11-06,34687.67,34465.83,34968.8,34347.99
2014-11-07,34973.2,35059.25,35098.06,34784.06
2014-11-10,34422.77,34434.89,34637.68,34256.5
2014-11-11,34698.34,34735.09,34806.15,34553.95
2014-11-12,34382.72,34465.59,34468.94,34310.96
2014-11-13,34219.4,34234.24,34238.58,34175.57
2014-11-14,34598.58,34677.68,34691.15,34426.31
2014-11-17,34979.71,35060.78,35242.6,34972.26
2014-11-18,34739.92,34867.38,34933.08,34604.08
2014-11-19,34438.21,34508.88,34439.41,34233.91
2014-11-20,33990.32,34118.6,34184.23,33889.51
2014-11-21,33747.08,33686.88,33795.58,33679.51
2014-11-24,34239.72,34165.18,34310.39,34198.74
2014-11-25,34308.03,34209.79,34508.17,34236.36
2014-11-26,34020.73,33927.2,34103.02,34009.52
2014-11-27,33993.32,33907.07,34053.43,33840.36
2014-11-28,33607.41,33578.86,33918.84,33387.85
2014-12-01,33592.95,33345.6,33710.03,33562.05
2014-12-02,33812.62,33681.45,33891.02,33743.3
2014-12-03,33406.95,33411.67,33413.28,33343.41
2014-12-04,33676.55,33746.73,33688.89,33628.82
2014-12-05,34163.05,34073.05,34195.53,34140.71
2014-12-08,34456.6,34381.82,34537.48,34417.5
2014-12-09,34301.85,34278.56,34529.46,34219.24
2014-12-10,34600.38,34610.79,34620.45,34313.49
2014-12-11,34316.28,34333.33,34430.6,34150.02
2014-12-12,34010.66,34004.19,34028.2,33936.75
2014-12-15,34678.8,34782.27,34707.25,34500.22
2014-12-16,34305.64,34231.42,34485.47,34107.04
2014-12-17,34075.76,34094.66,34122.76,33997.02
2014-12-18,34011.82,34107.23,34198.52,33920.77
2014-12-19,34051.19,34219.32,34138.3,34049.44
2014-12-22,34462.74,34678.46,34704.37,34256.9
2014-12-23,34717.34,34746.47,34867.66,34564.98
2014-12-24,35148.71,35029.69,35227.82,34945.21
2014-12-25,35401.47,35718.69,35730.65,35392.67
2014-12-26,35506.12,35187.12,35589.59,35505.31
2014-12-29,35085.58,35168.81,35196.64,35027.56
2014-12-30,35143.8,35193.57,35420.57,34978.1
2014-12-31,34930.91,35043.59,35042.3,34926.54
2015-01-01,34722.17,34732.42,34791.66,34607.96
2015-01-02,34647.3,34702.21,34929.6,34370.19
2015-01-05,35304.62,35387.1,35378.58,35259.5
2015-01-06,35631.35,35658.67,35766.8,35597.39
2015-01-07,35969.94,36009.71,36132.24,35740.48
2015-01-08,35641.34,35626.24,35785.39,35549.11
2015-01-09,35653.96,35726.72,35902.59,35536.3
2015-01-12,35597.6,35694.05,35606.01,35573.71
2015-01-13,35702.39,35736.28,35805.84,35585.07
2015-01-14,35978.91,35802.59,36027.24,35962.67
2015-01-15,35947.22,35857.07,36051.92,35848.6
2015-01-16,35997.86,36030.11,36062.04,35756.89
2015-01-19,36222.76,36133.78,36299.78,36110.05
2015-01-20,36366.19,36635.36,36509.75,36326.51
2015-01-21,36639.29,36658.91,36887.15,36577.01
2015-01-22,35778.42,35904.51,35820.63,35472.91
2015-01-23,35481.58,35553.75,35568.53,35206.96
2015-01-26,35445.69,35473.22,35460.69,35407.49
2015-01-27,35142.91,35103.34,35242.3,35036.06
2015-01-28,34819.92,34821.74,34890.77,34515.4
2015-01-29,34052.43,34048.68,34311.15,33887.64
2015-01-30,34263.76,34246.95,34263.95,33962.99
2015-02-02,34175.51,34363.85,34293.93,34025.31
2015-02-03,33908.88,33730.2,34170.14,33742.62
2015-02-04,34438.23,34182.96,34460.35,34292.09
2015-02-05,34308.4,34181.92,34341.77,34265.05
2015-02-06,34581.98,34418.59,34941.93,34129.63
2015-02-09,34664.61,34742.97,34770.49,34607.89
2015-02-10,34866.7,34731.69,34917.75,34771.65
2015-02-11,34253.46,34266.2,34284.87,34223.15
2015-02-12,34215.37,34292.16,34299.92,34201.89
2015-02-13,34093.27,34158.44,34106.19,33756.17
2015-02-16,34312.37,34434.99,34535.67,34073.64
2015-02-17,35178.13,35179.04,35377.01,34919.22
2015-02-18,35666.79,35699.04,35756.96,35311.11
2015-02-19,36087.83,36161.0,36226.07,35994.02
2015-02-20,35633.12,35528.1,35769.24,35486.92
2015-02-23,35713.26,35668.2,35751.28,35661.09
2015-02-24,35650.31,35534.04,35814.56,35421.72
2015-02-25,35218.92,35112.56,35227.25,35047.57
2015-02-26,35331.59,35338.67,35342.89,35282.13
2015-02-27,35659.6,35818.78,35867.64,35565.22
2015-03-02,35776.24,35933.83,36144.57,35710.91
2015-03-03,36080.74,35990.07,36099.41,35979.44
2015-03-04,36525.65,36673.37,36681.01,36049.67
2015-03-05,36417.14,36192.99,36435.02,36307.67
2015-03-06,37063.84,37068.97,37306.27,36853.46
2015-03-09,36797.48,36912.59,37132.58,36637.04
2015-03-10,36738.56,36607.38,36800.66,36629.72
2015-03-11,36735.09,36860.59,36987.25,36723.17
2015-03-12,36606.17,36671.42,36695.99,36499.48
2015-03-13,36137.68,36053.04,36262.94,35973.39
2015-03-16,36489.59,36387.12,36699.02,36437.39
2015-03-17,37104.69,37252.63,37142.67,36990.11
2015-03-18,37282.72,37324.53,37517.34,36973.59
2015-03-19,37333.74,37497.62,37396.95,37100.57
2015-03-20,37225.91,37301.73,37384.16,37114.84
2015-03-23,37390.37,37586.91,37467.68,37201.57
2015-03-24,37597.37,37500.77,37670.65,37488.59
2015-03-25,37550.51,37555.07,37769.31,37513.23
2015-03-26,37364.61,37272.66,37441.3,37340.01
2015-03-27,36545.89,36635.3,36692.11,36312.64
2015-03-30,36548.66,36735.56,36624.61,36546.38
2015-03-31,37018.28,36942.13,37351.09,36966.68
2015-04-01,37051.42,37022.87,37377.84,36934.27
2015-04-02,36563.89,36600.41,36638.84,36277.53
2015-04-03,36313.04,36132.26,36438.61,35934.08
2015-04-06,35817.28,35854.56,35852.67,35780.84
2015-04-07,35182.27,35171.76,35308.38,34906.71
2015-04-08,35666.58,35773.78,35844.67,35498.85
2015-04-09,35734.33,35817.16,35994.13,35534.53
2015-04-10,35893.49,35770.28,36038.64,35569.12
2015-04-13,35214.37,35381.72,35257.7,35137.01
2015-04-14,35396.41,35488.62,35631.22,35321.95
2015-04-15,35627.79,35741.44,35827.34,35339.25
2015-04-16,36036.52,36328.3,36089.91,35858.98
2015-04-17,35717.64,35762.01,35907.98,35655.61
2015-04-20,35328.91,35402.69,35585.47,35194.98
2015-04-21,35741.71,35846.15,35813.15,35680.11
2015-04-22,35958.49,35962.6,35990.23,35246.63
2015-04-23,35877.03,35796.63,35942.17,35640.26
2015-04-24,36129.85,36153.54,36337.47,35900.65
2015-04-27,36707.53,36666.94,36820.41,36511.42
2015-04-28,36820.21,36807.25,36833.6,36778.38
2015-04-29,37005.9,37096.84,37187.19,36959.13
2015-04-30,37327.33,37356.29,37366.31,37148.43
2015-05-01,37587.21,37555.9,37676.9,37544.08
2015-05-04,37553.82,37523.32,37646.79,37419.26
2015-05-05,37595.59,37724.41,37610.07,37445.91
2015-05-06,36989.35,36972.46,37164.5,36931.37
2015-05-07,36576.2,36492.7,36698.66,36538.3
2015-05-08,37438.35,37297.64,37527.63,37317.34
2015-05-11,37249.95,37222.25,37392.45,36972.57
2015-05-12,36703.9,36722.6,36975.55,36628.3
2015-05-13,37156.79,37256.51,37265.25,37115.23
2015-05-14,37764.49,37932.27,38003.85,37548.22
2015-05-15,37343.1,37271.14,37424.81,37216.78
2015-05-18,37367.51,37482.93,37383.69,37301.58
2015-05-19,37308.33,37529.93,37439.3,37202.37
2015-05-20,37220.26,37267.92,37263.41,37095.18
2015-05-21,36958.07,36869.66,37063.01,36941.96
2015-05-22,36701.26,36673.84,36837.92,36641.86
2015-05-25,36554.78,36643.93,36811.39,36512.3
2015-05-26,36746.55,36565.95,36794.73,36515.08
2015-05-27,36697.97,36768.56,36767.52,36485.62
2015-05-28,36786.14,36793.32,36862.87,36546.6
2015-05-29,36849.75,36756.99,36987.3,36706.72
2015-06-01,36799.35,36958.33,36859.4,36739.62
2015-06-02,36601.39,36521.56,36787.77,36583.88
2015-06-03,36338.55,36560.52,36370.21,36206.45
2015-06-04,36231.98,36244.1,36247.07,36152.09
2015-06-05,36239.82,36271.72,36277.48,36175.37
2015-06-08,35797.45,35636.71,36004.06,35664.12
2015-06-09,35562.87,35430.43,35586.29,35152.83
2015-06-10,35884.75,35669.59,35993.34,35522.42
2015-06-11,35639.87,35596.05,35737.48,35546.56
2015-06-12,35691.07,35834.31,35927.51,35645.5
2015-06-15,35257.38,35190.33,35376.17,34862.93
2015-06-16,35664.24,35694.3,35720.89,35332.75
2015-06-17,36104.86,36189.29,36445.01,35960.92
2015-06-18,36199.77,36097.39,36258.82,36126.36
2015-06-19,36252.99,36322.9,36279.72,36104.49
2015-06-22,36415.3,36446.55,36628.57,36307.81
2015-06-23,36384.7,36472.38,36526.24,36205.02
2015-06-24,36170.29,36121.17,36241.32,35887.99
2015-06-25,36459.86,36509.35,36612.62,36441.93
2015-06-26,36239.87,36324.5,36284.05,36199.18
2015-06-29,36386.51,36351.4,36498.98,36145.53
2015-06-30,36810.55,36809.02,36876.45,36745.7
2015-07-01,36437.75,36530.1,36455.12,36108.65
2015-07-02,36404.11,36455.39,36414.56,36385.38
2015-07-03,36421.46,36318.77,36796.81,36246.81
2015-07-06,35748.09,35717.08,35752.61,35605.01
2015-07-07,35605.11,35603.24,35840.7,35323.56
2015-07-08,35640.38,35532.71,35709.5,35576.49
2015-07-09,35249.31,35151.0,35278.9,35163.12
2015-07-10,35574.57,35532.34,36016.46,35355.79
2015-07-13,36114.97,35977.51,36318.61,36010.76
2015-07-14,36602.56,36668.95,36858.51,36590.36
2015-07-15,37295.19,37330.55,37366.81,37059.75
2015-07-16,37212.62,37357.42,37439.77,37163.75
2015-07-17,37619.08,37714.24,37713.36,37591.65
2015-07-20,37745.74,37730.26,37823.96,37571.49
2015-07-21,37350.51,37275.69,37488.84,37039.43
2015-07-22,37053.58,36949.55,37146.7,37030.28
2015-07-23,36935.95,36799.89,37442.81,36700.96
2015-07-24,36373.81,36387.71,36701.52,36245.35
2015-07-27,36379.52,36336.09,36677.26,35955.73
2015-07-28,36402.62,36691.07,36538.61,36214.81
2015-07-29,37355.12,37459.35,37617.77,37315.85
2015-07-30,37469.1,37470.83,37654.58,37177.68
2015-07-31,37943.65,38011.05,38276.19,37793.54
2015-08-03,38144.79,37899.92,38240.01,37993.67
2015-08-04,37928.1,38006.63,37996.17,37830.26
2015-08-05,37618.64,37774.78,37658.22,37502.57
2015-08-06,37442.35,37525.58,37613.46,37369.89
2015-08-07,37345.25,37329.99,37483.23,37114.37
2015-08-10,37744.83,37723.02,38137.86,37507.43
2015-08-11,38177.19,38274.24,38503.57,38014.05
2015-08-12,38058.98,38070.18,38101.15,38006.99
2015-08-13,37989.53,37782.61,38019.02,37875.28
2015-08-14,37736.36,37922.78,37882.75,37556.69
2015-08-17,37686.87,37750.83,37796.15,37624.54
2015-08-18,37792.49,37765.93,37853.56,37707.17
2015-08-19,37621.88,37735.38,37652.66,37546.95
2015-08-20,37682.49,37722.32,37910.16,37642.16
2015-08-21,37484.21,37749.23,37572.85,37303.01
2015-08-24,37947.17,38022.05,38095.39,37747.57
2015-08-25,38037.72,37803.01,38131.78,37903.42
2015-08-26,37859.93,37708.98,38062.36,37695.66
2015-08-27,38351.9,38411.33,38508.83,38027.4
2015-08-28,37777.09,37723.45,38084.81,37620.87
2015-08-31,37746.98,37615.29,38292.98,37728.59
2015-09-01,38280.56,38383.79,38416.18,38034.43
2015-09-02,38716.21,38765.23,38724.87,38526.15
2015-09-03,39006.27,38819.72,39071.94,38909.6
2015-09-04,39007.57,38975.07,39349.63,38684.66
2015-09-07,39380.09,39443.52,39467.31,39188.75
2015-09-08,39652.78,39613.48,39772.68,39498.52
2015-09-09,40053.47,40022.35,40146.45,39795.55
2015-09-10,39707.03,39920.47,39737.68,39529.68
2015-09-11,40119.81,40063.51,40627.28,39931.44
2015-09-14,39810.45,39839.05,39861.22,39681.41
2015-09-15,39373.82,39254.38,39524.69,39106.3
2015-09-16,39384.8,39502.65,39403.59,39319.68
2015-09-17,39373.82,39355.49,39417.82,39317.56
2015-09-18,39839.45,39695.58,40091.36,39658.35
2015-09-21,39778.44,40022.08,39812.05,39672.2
2015-09-22,39906.87,40035.89,40050.14,39870.93
2015-09-23,39563.84,39530.69,39668.57,39414.39
2015-09-24,39146.36,39047.7,39299.47,39065.05
2015-09-25,39033.91,38760.36,39089.09,38849.45
2015-09-28,39251.33,39310.79,39506.58,39219.75
2015-09-29,40183.07,40133.42,40329.97,40139.05
2015-09-30,39821.79,39698.26,39902.18,39544.06
2015-10-01,40482.88,40399.84,40930.65,40249.04
2015-10-02,40394.83,40273.95,40397.5,40289.15
2015-10-05,40922.56,40974.02,41262.82,40899.81
2015-10-06,40403.87,40358.18,40719.85,40400.16
2015-10-07,40512.74,40352.14,40749.77,40387.81
2015-10-08,40584.68,40762.82,40672.89,40545.6
2015-10-09,40437.48,40418.37,40523.21,40119.2
2015-10-12,40353.53,40426.56,40438.69,39975.81
2015-10-13,40367.6,40314.51,40401.48,40342.91
2015-10-14,40428.46,40264.6,40516.8,40191.75
2015-10-15,39767.8,39772.93,39833.8,39701.2
2015-10-16,39340.08,39282.96,39422.05,39253.12
2015-10-19,39046.22,39318.24,39272.47,38943.88
2015-10-20,38112.83,38307.68,38290.67,37992.11
2015-10-21,37663.25,37975.52,37772.19,37295.41
2015-10-22,37925.35,37930.43,38210.36,37750.44
2015-10-23,38042.31,37926.39,38270.64,38011.66
2015-10-26,37743.16,37639.66,38012.92,37678.16
2015-10-27,38071.36,37939.97,38153.38,38021.0
2015-10-28,38082.17,37981.75,38275.2,37813.87
2015-10-29,37779.52,37684.69,37925.5,37704.41
2015-10-30,38002.34,38084.03,38182.47,37798.68
2015-11-02,38467.63,38661.68,38864.58,38196.17
2015-11-03,38360.49,38274.8,38493.6,38344.85
2015-11-04,38624.94,38652.58,38868.47,38553.96
2015-11-05,38738.65,38570.57,38898.68,38726.47
2015-11-06,38863.98,38733.89,38925.71,38750.44
2015-11-09,38447.93,38619.82,38696.68,38294.69
2015-11-10,37998.09,38007.64,38034.44,37885.32
2015-11-11,37636.91,37774.74,37642.15,37565.32
2015-11-12,37754.52,37566.01,37775.38,37604.9
2015-11-13,37745.19,37736.81,37923.59,37655.15
2015-11-16,37695.89,37595.96,37731.73,37521.46
2015-11-17,38142.51,37959.34,38461.57,38005.31
2015-11-18,38676.75,38598.91,38734.7,38645.03
2015-11-19,38049.49,37980.28,38289.33,37857.32
2015-11-20,37348.19,37374.27,37420.77,37138.1
2015-11-23,37208.05,37480.04,37442.93,37085.18
2015-11-24,37366.16,37657.09,37576.08,37242.66
2015-11-25,37571.48,37576.3,37668.99,37529.77
2015-11-26,37495.28,37467.47,37609.37,37435.91
2015-11-27,36808.69,36655.95,36912.46,36791.81
2015-11-30,37441.44,37475.15,37543.44,37422.71
2015-12-01,37225.01,37245.98,37272.41,36872.28
2015-12-02,37356.11,37336.94,37480.17,37274.97
2015-12-03,37376.34,37433.0,37419.4,37296.94
2015-12-04,37280.33,37259.22,37391.42,37148.25
2015-12-07,37663.73,37673.74,37783.65,37225.11
2015-12-08,38101.57,37861.9,38468.8,37965.15
2015-12-09,37656.18,37621.29,37729.71,37357.68
2015-12-10,36820.16,36746.01,36904.88,36427.32
2015-12-11,36618.83,36813.29,36814.52,36363.53
2015-12-14,36743.25,36800.81,36878.96,36370.68
2015-12-15,36846.79,36841.93,36927.3,36821.85
2015-12-16,36976.76,37005.77,37094.0,36725.28
2015-12-17,37361.89,37550.93,37706.71,37273.12
2015-12-18,37714.84,37799.63,38011.5,37422.03
2015-12-21,37581.4,37666.35,37779.55,37560.58
2015-12-22,37135.74,37114.63,37188.49,37123.23
2015-12-23,36898.25,36781.2,37159.67,36883.58
2015-12-24,37302.5,37569.92,37372.8,37196.96
2015-12-25,37081.25,37175.52,37320.25,37049.93
2015-12-28,37470.24,37502.66,37732.95,37357.7
2015-12-29,37708.73,37807.93,38016.75,37482.4
2015-12-30,38453.15,38409.36,38480.27,38435.15
2015-12-31,38463.2,38228.78,38765.16,38307.01
2016-01-01,37691.95,37727.88,37851.57,37632.27
2016-01-04,38383.36,38416.65,38580.31,38308.4
2016-01-05,38408.47,38433.16,38436.47,38253.31
2016-01-06,38379.92,38505.29,38772.67,38097.69
2016-01-07,38884.04,38814.01,39005.38,38825.84
2016-01-08,38778.29,38992.03,38817.51,38525.82
2016-01-11,38426.8,38531.25,38715.86,38185.94
2016-01-12,38320.98,38445.88,38463.03,38106.3
2016-01-13,38531.62,38735.14,38627.87,38095.19
2016-01-14,38411.96,38481.47,38688.47,38286.5
2016-01-15,39049.57,38887.34,39081.76,38984.08
2016-01-18,38729.43,38881.97,38821.26,38407.59
2016-01-19,38476.44,38402.59,38527.03,38425.13
2016-01-20,38023.64,37992.38,38103.92,37939.12
2016-01-21,38686.85,38782.09,38861.23,38566.9
2016-01-22,39298.16,39301.78,39516.86,38821.53
2016-01-25,39207.27,39245.09,39242.48,39026.02
2016-01-26,38914.35,38980.0,39000.4,38839.61
2016-01-27,38317.61,38177.22,38554.83,38108.94
2016-01-28,38826.14,38797.45,38833.89,38815.1
2016-01-29,39055.73,39046.02,39326.72,38872.28
2016-02-01,39292.99,39483.64,39719.92,39128.92
2016-02-02,39175.67,39104.73,39376.38,39046.98
2016-02-03,39611.77,39771.28,40033.6,39547.47
2016-02-04,39634.53,39737.02,39634.86,39578.98
2016-02-05,39230.31,39208.95,39445.39,39109.57
2016-02-08,38928.01,38870.2,39123.58,38648.29
2016-02-09,39032.53,38984.84,39118.35,38791.55
2016-02-10,38573.51,38484.19,38831.87,38527.42
2016-02-11,38767.59,38762.04,38972.23,38703.93
2016-02-12,38454.92,38552.86,38594.97,38432.0
2016-02-15,38304.67,38381.91,38306.25,37943.89
2016-02-16,38134.93,38117.51,38276.91,37823.79
2016-02-17,38035.85,38049.56,38132.42,37825.89
2016-02-18,38224.89,38294.63,38353.93,37963.99
2016-02-19,37788.63,37659.73,37848.06,37699.96
2016-02-22,37575.47,37603.68,37892.46,37484.47
2016-02-23,37126.26,36964.36,37286.05,36931.59
2016-02-24,36966.39,36939.22,37100.0,36645.5
2016-02-25,36646.9,36482.01,36810.05,36631.1
2016-02-26,36702.04,36636.88,36756.56,36641.46
2016-02-29,36858.92,36801.5,36969.25,36651.52
2016-03-01,37506.98,37473.18,37587.37,37120.65
2016-03-02,37357.83,37475.43,37364.99,37341.65
2016-03-03,37814.78,37768.5,38056.34,37612.6
2016-03-04,37641.56,37753.73,37816.17,37496.23
2016-03-07,37425.9,37513.28,37719.47,37406.35
2016-03-08,37645.64,37570.68,37679.22,37612.81
2016-03-09,37997.75,38008.08,38131.49,37981.37
2016-03-10,38379.09,38374.47,38533.57,38230.71
2016-03-11,38566.33,38491.44,38620.7,38227.47
2016-03-14,38629.34,38628.39,38784.3,38557.05
2016-03-15,39251.13,39005.32,39425.99,39101.3
2016-03-16,39094.81,39133.73,39225.05,38974.83
2016-03-17,38810.96,38951.23,38850.42,38696.72
2016-03-18,38603.32,38639.36,39010.33,38394.6
2016-03-21,38174.1,38191.04,38379.88,38149.56
2016-03-22,37956.33,37790.49,38008.12,37885.46
2016-03-23,38506.55,38603.17,38556.07,38479.92
2016-03-24,37967.86,38037.44,38232.03,37827.39
2016-03-25,38573.42,38714.68,38784.4,38492.58
2016-03-28,38057.9,38207.9,38166.73,37936.75
2016-03-29,38431.95,38369.64,38474.62,38232.3
2016-03-30,37522.09,37502.74,37674.62,37346.21
2016-03-31,38118.8,38280.31,38420.85,38117.8
2016-04-01,37897.06,37714.31,37897.94,37665.73
2016-04-04,37974.48,38011.17,38056.87,37966.99
2016-04-05,37958.96,37856.9,37978.72,37904.46
2016-04-06,37855.27,37763.69,38197.96,37735.13
2016-04-07,38389.24,38481.35,38565.71,38261.98
2016-04-08,38767.37,38756.54,38878.09,38552.84
2016-04-11,38760.39,38781.12,38834.42,38471.58
2016-04-12,38935.82,39074.99,39110.82,38832.24
2016-04-13,39277.6,39407.35,39283.81,39193.62
2016-04-14,39185.59,39242.41,39440.41,39118.89
2016-04-15,39498.64,39559.63,39519.01,39420.7
2016-04-18,39885.06,39993.99,40196.52,39703.68
2016-04-19,39688.72,39575.71,39921.92,39669.55
2016-04-20,39298.43,39128.85,39317.27,39190.27
2016-04-21,39430.27,39427.06,39716.3,39341.34
2016-04-22,39133.53,39214.49,39133.94,39124.55
2016-04-25,39297.21,39444.34,39418.62,39286.99
2016-04-26,39214.14,39224.04,39225.24,39056.7
2016-04-27,39580.71,39712.56,39771.97,39380.69
2016-04-28,39916.33,39963.59,40075.67,39890.14
2016-04-29,40683.73,40520.64,40826.92,40522.67
2016-05-02,41154.23,41196.13,41157.98,40827.9
2016-05-03,41364.35,41510.36,41502.54,41242.92
2016-05-04,41156.2,41082.11,41172.54,40911.89
2016-05-05,40802.3,40855.34,40962.84,40788.06
2016-05-06,41009.68,40960.39,41144.45,40983.0
2016-05-09,41508.1,41484.78,41679.83,41422.88
2016-05-10,41852.38,41818.23,42126.48,41643.0
2016-05-11,41819.36,41831.91,41891.04,41812.81
2016-05-12,41629.03,41475.95,41690.12,41386.56
2016-05-13,42074.9,42194.38,42152.53,41977.01
2016-05-16,42186.83,42321.55,42238.17,42101.36
2016-05-17,41541.52,41669.92,41746.45,41373.2
2016-05-18,42129.24,42013.14,42155.53,41734.02
2016-05-19,41324.93,41406.18,41670.99,41058.08
2016-05-20,41056.37,41177.86,41319.09,41009.29
2016-05-23,40923.91,40977.18,41054.6,40833.51
2016-05-24,41159.28,41062.25,41347.2,41102.69
2016-05-25,40977.98,40916.21,41049.12,40583.92
2016-05-26,40742.9,40915.71,40808.76,40356.04
2016-05-27,40746.4,40732.06,40752.43,40536.47
2016-05-30,41176.93,41089.36,41358.64,40915.63
2016-05-31,41070.66,40975.05,41097.7,41035.25
2016-06-01,41861.23,41783.33,42134.72,41628.52
2016-06-02,41976.89,42049.71,42286.22,41875.34
2016-06-03,41807.88,41556.33,42074.75,41646.46
2016-06-06,41665.4,41493.22,41761.89,41515.0
2016-06-07,41435.85,41243.84,41862.41,41432.06
2016-06-08,41695.73,41780.39,41749.45,41679.82
2016-06-09,41604.33,41474.23,41883.75,41356.83
2016-06-10,41559.53,41326.44,41831.44,41260.27
2016-06-13,41342.38,41313.66,41430.04,41219.69
2016-06-14,42027.67,42070.1,42094.89,41912.1
2016-06-15,41339.86,41260.3,41403.61,41319.96
2016-06-16,41231.52,41159.5,41451.5,41175.6
2016-06-17,41388.26,41539.83,41446.15,41230.13
2016-06-20,41520.71,41702.29,41835.59,41158.93
2016-06-21,41550.71,41590.51,41653.98,41084.58
2016-06-22,41844.42,41785.88,42225.75,41695.3
2016-06-23,41953.22,42032.82,42102.36,41883.91
2016-06-24,41894.29,41909.27,42183.05,41670.86
2016-06-27,41526.69,41520.96,41797.12,41425.37
2016-06-28,41665.92,41803.54,41918.77,41609.56
2016-06-29,41280.24,41108.9,41317.84,41202.07
2016-06-30,40562.78,40577.6,41026.08,40398.63
2016-07-01,40925.01,40938.33,41068.14,40881.62
2016-07-04,40843.88,41153.22,41012.74,40684.1
2016-07-05,40682.45,40619.48,40914.28,40534.93
2016-07-06,40626.36,40721.73,40685.12,40390.79
2016-07-07,40591.2,40614.68,40808.35,40512.5
2016-07-08,40490.8,40478.77,40579.0,40347.03
2016-07-11,40439.12,40461.43,40829.57,40097.76
2016-07-12,40540.37,40756.51,40854.04,40099.55
2016-07-13,40507.87,40537.88,40657.52,40378.77
2016-07-14,40713.58,40586.19,40904.42,40612.23
2016-07-15,41637.31,41529.39,41686.31,41370.98
2016-07-18,42020.79,42189.86,42164.87,41782.61
2016-07-19,42215.76,42212.66,42461.77,41897.45
2016-07-20,42272.37,42378.58,42340.51,41599.74
2016-07-21,42431.93,42314.41,42734.29,42335.63
2016-07-22,42751.23,42701.77,42847.22,42195.88
2016-07-25,42940.92,42735.61,43061.22,42622.07
2016-07-26,43411.32,43594.64,43422.23,43186.57
2016-07-27,43849.33,43672.34,43992.77,43591.95
2016-07-28,43791.88,43875.29,43965.68,43623.83
2016-07-29,43628.35,43524.75,43675.09,43224.63
2016-08-01,43838.37,43857.43,43981.53,43344.65
2016-08-02,44511.98,44540.19,44594.76,44212.55
2016-08-03,44107.34,44048.94,44153.67,44045.16
2016-08-04,44302.0,44245.42,44526.12,44213.8
2016-08-05,44298.88,44237.28,44781.42,43978.91
2016-08-08,44258.0,44378.49,44412.38,44113.9
2016-08-09,44188.84,44385.26,44330.06,44105.76
2016-08-10,44821.87,44537.41,45000.35,44585.44
2016-08-11,45268.58,45251.74,45743.08,44724.25
2016-08-12,45349.53,45264.22,45407.57,45349.44
2016-08-15,45163.65,45229.5,45191.06,44791.7
2016-08-16,45553.16,45622.52,45587.38,45442.45
2016-08-17,45716.38,45755.1,46156.03,45491.72
2016-08-18,45561.62,45737.56,45600.45,45523.78
2016-08-19,45414.94,45322.14,45759.31,45255.52
2016-08-22,45539.43,45510.36,45590.05,45252.59
2016-08-23,44895.42,45176.91,45218.5,44702.24
2016-08-24,44854.01,44723.27,45113.58,44716.45
2016-08-25,44760.63,45002.04,44925.84,44629.71
2016-08-26,44555.05,44695.29,44685.63,44522.77
2016-08-29,44848.37,44724.49,45070.71,44831.83
2016-08-30,44565.61,44534.77,44815.98,44486.22
2016-08-31,44675.85,44715.54,44843.12,44623.47
2016-09-01,44539.7,44547.13,44929.57,44396.1
2016-09-02,44402.16,44561.8,44529.41,43966.49
2016-09-05,44226.82,44220.08,44291.52,44206.03
2016-09-06,45374.53,45246.88,45416.98,45197.69
2016-09-07,45431.94,45514.82,45986.33,45401.05
2016-09-08,45116.31,44908.26,45134.13,44974.1
2016-09-09,44497.23,44143.44,44815.23,44168.02
2016-09-12,43936.15,43943.71,44194.71,43692.01
2016-09-13,43570.58,43471.29,43696.83,43349.34
2016-09-14,43400.79,43480.84,43958.87,43368.6
2016-09-15,43339.64,43269.85,43569.15,43286.49
2016-09-16,43759.52,43649.68,44033.72,43667.43
2016-09-19,43589.82,43428.71,43618.33,43270.91
2016-09-20,43750.49,43781.15,43889.75,43540.38
2016-09-21,43754.35,43822.03,44041.79,43640.24
2016-09-22,44004.94,43886.98,44026.57,43700.49
2016-09-23,44217.75,44090.02,44384.25,43718.26
2016-09-26,44245.69,44310.54,44332.09,43983.89
2016-09-27,44221.74,44302.43,44443.28,44047.23
2016-09-28,45012.02,44859.27,45048.57,44697.01
2016-09-29,45071.1,45238.64,45355.53,44990.6
2016-09-30,44634.64,44668.47,44733.96,44580.45
2016-10-03,44421.61,44397.66,44752.33,44358.48
2016-10-04,43786.0,43847.14,43815.56,43697.22
2016-10-05,43551.68,43423.73,43692.31,43481.7
2016-10-06,43006.04,43120.99,43414.8,42950.75
2016-10-07,43412.62,43631.92,43547.48,43142.37
2016-10-10,44295.7,44118.13,44384.33,44072.19
2016-10-11,44419.87,44280.32,44494.1,44409.0
2016-10-12,44136.92,44147.49,44511.25,44064.9
2016-10-13,43862.9,43618.67,44073.57,43821.39
2016-10-14,43385.69,43347.4,43438.55,43055.33
2016-10-17,42870.4,42788.54,43069.61,42642.05
2016-10-18,42790.23,42888.0,43022.0,42758.56
2016-10-19,43191.76,43470.5,43817.99,43136.73
2016-10-20,43054.91,43275.64,43488.11,42863.33
2016-10-21,42400.67,42322.9,42527.88,42387.54
2016-10-24,43215.1,43030.84,43950.59,43183.14
2016-10-25,42511.88,42697.05,42570.1,42419.5
2016-10-26,42756.53,42733.9,42963.22,42429.31
2016-10-27,43500.91,43412.45,43791.86,43475.27
2016-10-28,43980.21,43816.34,44071.16,43602.31
2016-10-31,44304.19,44184.93,44804.42,44089.79
2016-11-01,43553.7,43570.06,43740.87,43338.78
2016-11-02,43885.02,43927.2,44065.05,43790.47
2016-11-03,43624.94,43707.69,43727.11,43409.48
2016-11-04,43632.84,43701.85,43878.52,43614.13
2016-11-07,43094.65,43251.03,43096.49,43050.54
2016-11-08,42637.04,42713.15,42695.31,42465.61
2016-11-09,42271.28,42202.62,42381.33,42001.89
2016-11-10,43007.85,43082.62,43098.82,42966.6
2016-11-11,42680.89,42797.49,43047.41,42488.93
2016-11-14,42178.3,41980.43,42307.61,42140.4
2016-11-15,41305.55,41404.45,41335.27,41248.51
2016-11-16,41989.44,42026.67,42186.85,41950.57
2016-11-17,42256.12,42194.17,42562.79,42082.14
2016-11-18,42069.7,42030.46,42274.76,41782.24
2016-11-21,41185.06,41186.85,41368.52,41015.88
2016-11-22,40809.23,40856.13,40890.48,40486.8
2016-11-23,40538.96,40625.08,40754.31,40534.77
2016-11-24,41291.87,41214.55,41350.89,41056.41
2016-11-25,40983.87,41130.75,41061.1,40810.04
2016-11-28,41237.66,41317.25,41658.54,41212.78
2016-11-29,40629.58,40633.72,40682.5,40627.38
2016-11-30,40517.11,40548.72,40572.93,40453.61
2016-12-01,40899.15,40769.76,40977.62,40819.4
2016-12-02,40689.23,40814.79,40760.33,40640.89
2016-12-05,40194.98,40345.53,40466.68,40106.77
2016-12-06,40479.09,40354.68,40525.82,40447.22
2016-12-07,40705.29,40788.88,40818.44,40638.01
2016-12-08,40827.5,40990.15,40942.53,40783.01
2016-12-09,41250.25,41119.41,41514.44,40934.89
2016-12-12,41093.52,41035.05,41245.63,40875.49
2016-12-13,41245.68,41307.65,41470.08,41099.9
2016-12-14,40852.96,40979.8,41044.41,40649.31
2016-12-15,40772.55,40500.47,41047.85,40768.03
2016-12-16,40811.58,40790.65,41027.96,40431.22
2016-12-19,40050.34,40000.53,40161.89,40013.87
2016-12-20,39852.21,39712.14,39935.82,39792.08
2016-12-21,40115.64,40195.23,40631.19,39876.41
2016-12-22,39568.6,39535.14,39635.64,39500.77
2016-12-23,39334.19,39002.92,39372.21,38863.95
2016-12-26,39386.09,39416.15,39573.21,39035.9
2016-12-27,40469.87,40571.25,40566.17,40468.08
2016-12-28,40836.19,40787.98,40891.14,40800.01
2016-12-29,40654.35,40581.44,40657.37,40453.65
2016-12-30,40108.92,40017.43,40449.5,39901.49
2017-01-02,39995.92,40007.31,40050.42,39866.94
2017-01-03,40021.59,39897.23,40251.24,39857.42
2017-01-04,40425.46,40520.35,40816.68,40289.39
2017-01-05,40250.67,40246.61,40255.32,40013.89
2017-01-06,40565.08,40526.98,40628.56,40561.99
2017-01-09,40978.38,40845.36,40993.75,40861.15
2017-01-10,40906.68,40837.76,41042.29,40751.63
2017-01-11,41204.76,40858.46,41207.82,41021.14
2017-01-12,41086.15,41131.57,41119.3,40993.19
2017-01-13,41110.86,41194.99,41261.82,41022.57
2017-01-16,40577.82,40504.29,41235.83,40467.96
2017-01-17,40608.85,40836.8,40936.42,40511.01
2017-01-18,40932.79,40944.29,41017.82,40699.65
2017-01-19,41158.29,41206.96,41615.66,41095.34
2017-01-20,41085.28,40959.66,41311.28,41061.13
2017-01-23,41468.0,41374.14,41600.59,41336.41
2017-01-24,41267.22,41241.22,41392.51,41034.97
2017-01-25,41198.03,41408.25,41466.71,40848.82
2017-01-26,40719.44,40679.55,40843.77,40272.52
2017-01-27,40979.64,40925.74,41069.36,40846.39
2017-01-30,40838.57,40865.41,41003.77,40796.84
2017-01-31,40937.8,41054.76,41080.64,40747.11
2017-02-01,41022.35,41020.4,41054.73,40786.24
2017-02-02,41035.31,40939.78,41072.07,40963.99
2017-02-03,41161.87,41165.14,41181.73,41045.06
2017-02-06,41449.88,41388.35,41570.17,41353.32
2017-02-07,41432.84,41427.03,41629.18,41384.76
2017-02-08,41651.03,41723.42,41931.55,41636.74
2017-02-09,41730.06,41737.49,42140.71,41651.74
2017-02-10,41960.43,42058.58,42180.66,41948.81
2017-02-13,41885.06,41947.33,42188.5,41789.07
2017-02-14,42286.49,42254.7,42399.9,42159.64
2017-02-15,42536.99,42478.02,42613.06,42402.33
2017-02-16,42236.79,42376.94,42467.8,42141.24
2017-02-17,42191.39,42392.39,42304.44,41774.63
2017-02-20,41928.95,41815.9,42455.32,41893.95
2017-02-21,41286.69,41278.45,41479.11,41133.9
2017-02-22,41224.21,41234.19,41389.57,41092.29
2017-02-23,41725.54,41495.76,41737.06,41605.87
2017-02-24,41992.7,41991.27,42060.69,41772.43
2017-02-27,42004.37,42002.86,42315.97,41844.9
2017-02-28,42178.91,42316.72,42425.43,42127.03
2017-03-01,42441.19,42538.86,42654.47,42159.68
2017-03-02,42916.93,43083.13,42941.13,42737.6
2017-03-03,43252.34,43286.93,43334.71,43236.14
2017-03-06,44089.47,44256.85,44222.44,43979.73
2017-03-07,44558.46,44374.19,44797.29,44306.14
2017-03-08,43896.02,43936.24,44041.62,43825.02
2017-03-09,43963.63,43908.64,44150.05,43697.13
2017-03-10,44384.58,44191.39,44670.54,44164.08
2017-03-13,44322.07,44389.71,44325.17,44271.15
2017-03-14,43732.0,43680.38,44060.05,43488.05
2017-03-15,43767.04,43754.53,44142.16,43534.53
2017-03-16,43547.29,43404.1,43715.72,43502.23
2017-03-17,42714.08,42546.41,42899.56,42364.23
2017-03-20,42682.09,42964.47,42908.76,42613.45
2017-03-21,43107.19,43130.47,43253.57,42798.49
2017-03-22,43395.54,43294.95,43567.57,43289.21
2017-03-23,43682.76,43464.18,43751.27,43588.22
2017-03-24,43764.88,43699.35,43945.26,43359.76
2017-03-27,43372.26,43326.7,43773.33,43074.99
2017-03-28,43863.33,43686.04,43904.98,43683.87
2017-03-29,43792.53,43796.3,43825.86,43726.45
2017-03-30,43575.05,43506.48,43896.16,43547.54
2017-03-31,43662.28,43744.49,43696.68,43266.09
2017-04-03,44352.53,44325.3,44535.16,44290.69
2017-04-04,44569.59,44610.43,44790.31,44511.94
2017-04-05,44726.12,44785.76,45368.0,44602.53
2017-04-06,44385.99,44386.56,44640.67,44231.32
2017-04-07,45176.16,45177.01,45193.1,44854.54
2017-04-10,45555.8,45796.28,45698.81,45327.03
2017-04-11,46238.2,46341.72,46552.6,45908.78
2017-04-12,47016.32,47259.63,47148.82,46972.99
2017-04-13,46544.2,46413.27,46663.35,46496.87
2017-04-14,46931.09,46760.9,46957.06,46727.17
2017-04-17,47280.23,47332.31,47374.3,47208.18
2017-04-18,46548.78,46549.75,46602.93,46511.74
2017-04-19,46715.47,46589.09,46736.93,46289.58
2017-04-20,46545.86,46394.46,46546.2,46502.15
2017-04-21,45752.35,45847.22,45929.24,45637.0
2017-04-24,46092.65,46154.46,46194.73,46080.08
2017-04-25,46029.21,45824.56,46386.08,45834.92
2017-04-26,46022.26,46233.58,46305.58,45799.72
2017-04-27,46348.32,46512.61,46401.14,46117.48
2017-04-28,46398.55,46468.15,46434.76,46367.37
2017-05-01,46600.4,46496.76,46953.49,46320.69
2017-05-02,46106.26,45822.25,46137.33,45698.88
2017-05-03,46446.43,46648.55,46549.52,46277.3
2017-05-04,46315.46,46551.88,46453.55,46092.52
2017-05-05,45915.19,45834.96,46216.52,45268.27
2017-05-08,45785.22,45914.86,45971.99,45624.41
2017-05-09,46107.46,46181.64,46145.79,46014.26
2017-05-10,45533.12,45665.84,45852.37,45491.39
2017-05-11,45825.28,45876.72,46194.29,45765.23
2017-05-12,45687.98,45725.74,45712.71,45493.49
2017-05-15,46466.27,46443.09,46643.16,46275.0
2017-05-16,46782.72,46722.57,47134.39,46563.9
2017-05-17,46935.4,46733.96,47353.46,46720.62
2017-05-18,47293.03,46981.12,47357.49,47046.19
2017-05-19,47092.92,47287.07,47259.03,46845.52
2017-05-22,47308.87,47458.45,47653.61,47272.88
2017-05-23,47245.03,47423.26,47486.89,46816.68
2017-05-24,47031.16,46915.83,47134.64,46969.79
2017-05-25,47155.29,46986.85,47193.79,46798.85
2017-05-26,47120.48,47124.35,47261.21,47035.73
2017-05-29,47703.38,47785.53,48152.0,47419.14
2017-05-30,47852.77,47605.89,47859.16,47285.01
2017-05-31,48015.83,47722.84,48489.96,47958.9
2017-06-01,47961.58,47950.25,48171.5,47912.01
2017-06-02,48528.91,48446.72,48573.94,48454.92
2017-06-05,47753.4,47898.22,47903.6,47470.2
2017-06-06,46994.18,46829.37,47201.01,46757.89
2017-06-07,46522.45,46794.64,46756.43,46271.24
2017-06-08,46546.95,46728.99,46794.52,46438.83
2017-06-09,45755.55,45829.02,45921.19,45528.38
2017-06-12,45344.65,45348.92,45493.41,45196.33
2017-06-13,45636.0,45655.09,45719.16,45479.42
2017-06-14,45868.99,45844.75,46217.06,45658.92
2017-06-15,45294.34,45314.71,45378.27,45126.72
2017-06-16,45591.88,45571.45,45681.49,45414.35
2017-06-19,46235.98,46218.09,46257.48,45947.72
2017-06-20,47140.35,47093.25,47183.41,46910.79
2017-06-21,47231.03,47122.39,47349.74,47196.22
2017-06-22,47371.65,47466.71,47498.74,47184.71
2017-06-23,47346.72,47328.34,47468.81,47325.67
2017-06-26,48080.52,48054.32,48465.26,48044.1
2017-06-27,48323.04,48058.55,48644.46,47858.91
2017-06-28,47941.07,47809.45,48646.7,47886.73
2017-06-29,48317.83,48604.65,48420.96,48294.8
2017-06-30,48074.21,48062.64,48171.55,47990.09
2017-07-03,48345.46,48207.78,48541.1,48190.12
2017-07-04,47821.32,47918.53,47897.63,47607.54
2017-07-05,47790.41,47439.23,47975.5,47474.86
2017-07-06,48850.1,48686.83,49258.21,48669.04
2017-07-07,48354.41,48430.93,48389.38,47975.54
2017-07-10,48473.36,48627.5,48636.94,48411.29
2017-07-11,48993.66,48934.51,49166.72,48584.11
2017-07-12,48910.52,48996.33,48930.24,48608.47
2017-07-13,49397.4,49138.61,49494.26,49280.36
2017-07-14,49622.43,49407.93,49759.98,49161.86
2017-07-17,49372.59,49667.24,49663.82,49346.47
2017-07-18,49047.39,48785.42,49246.8,48914.38
2017-07-19,49153.3,49409.18,49224.52,48937.82
2017-07-20,48399.6,48400.0,48532.7,48377.43
2017-07-21,47872.38,47925.01,48088.45,47626.45
2017-07-24,47973.14,47797.02,48001.63,47735.68
2017-07-25,47476.21,47305.51,48056.27,47150.73
2017-07-26,47388.01,47206.94,47431.72,46914.76
2017-07-27,46898.47,46943.33,47254.0,46878.54
2017-07-28,47436.5,47363.2,47538.46,47383.25
2017-07-31,47832.69,47618.17,48052.59,47733.07
2017-08-01,48040.93,47996.84,48219.65,48022.89
2017-08-02,48139.03,48190.42,48141.89,47980.47
2017-08-03,47929.55,47765.81,48060.26,47738.84
2017-08-04,47458.34,47451.69,47763.37,47403.45
2017-08-07,48375.11,48465.9,48636.47,48367.07
2017-08-08,48657.32,48330.48,48867.96,48523.6
2017-08-09,48605.06,48605.08,48971.6,48447.04
2017-08-10,48814.47,49034.51,48838.93,48558.29
2017-08-11,49247.67,49244.8,49528.8,49186.61
2017-08-14,49839.56,49809.86,49959.61,49726.91
2017-08-15,50606.32,50568.7,50867.44,50502.86
2017-08-16,50957.63,50781.79,51073.71,50490.25
2017-08-17,50606.82,50586.47,50675.16,50526.05
2017-08-18,50661.45,50896.71,50663.5,50493.53
2017-08-21,50907.88,50921.68,51008.43,50663.65
2017-08-22,50889.74,50978.71,50894.78,50744.34
2017-08-23,50946.37,50877.99,51086.39,50865.18
2017-08-24,49591.35,49474.18,49615.0,49582.3
2017-08-25,50351.44,50420.62,50587.83,50101.28
2017-08-28,50298.46,50152.43,50503.15,50167.2
2017-08-29,51089.04,50899.31,51221.45,51044.29
2017-08-30,51537.55,51453.28,51827.81,51079.66
2017-08-31,51744.41,51408.5,51969.34,51685.56
2017-09-01,52706.41,52602.92,52804.87,52427.79
2017-09-04,52403.52,52338.43,52537.48,52166.52
2017-09-05,53722.32,53851.41,53862.46,53644.15
2017-09-06,53787.36,54104.42,53892.82,53566.83
2017-09-07,52929.67,52907.79,53352.59,52836.46
2017-09-08,52618.03,52449.37,53050.2,52185.18
2017-09-11,52693.66,52678.21,52797.0,52518.35
2017-09-12,51867.81,51896.76,52148.3,51572.21
2017-09-13,51822.63,51845.07,51988.56,51733.2
2017-09-14,51629.24,51881.95,51921.67,51382.47
2017-09-15,51321.23,51456.61,51556.83,51110.73
2017-09-18,51086.33,51206.79,51162.23,50902.15
2017-09-19,50746.89,50756.31,51017.49,50153.88
2017-09-20,50855.65,50972.16,51076.36,50791.11
2017-09-21,51001.02,50871.41,51155.65,50770.71
2017-09-22,50957.67,50970.15,50981.55,50765.62
2017-09-25,51005.02,51200.42,51550.29,50888.42
2017-09-26,51162.49,51448.18,51209.18,50754.07
2017-09-27,51438.62,51423.68,51619.4,51172.87
2017-09-28,51560.53,51685.46,51567.17,51187.64
2017-09-29,52439.24,52189.25,52453.27,52120.11
2017-10-02,53260.06,53196.4,53332.68,53234.85
2017-10-03,52788.24,52952.97,52805.41,52331.78
2017-10-04,52313.3,52784.39,52619.3,52274.2
2017-10-05,51856.48,51826.4,51921.7,51466.54
2017-10-06,52231.58,52452.29,52375.82,51995.0
2017-10-09,51974.26,51921.31,51999.53,51824.34
2017-10-10,52541.49,52502.05,52594.72,52324.29
2017-10-11,52131.87,52203.39,52816.06,51991.92
2017-10-12,51492.16,51601.93,51552.51,51456.12
2017-10-13,50727.91,50629.57,50952.71,50714.58
2017-10-16,50004.37,50071.68,50208.13,49943.28
2017-10-17,49838.08,49946.69,49922.46,49581.31
2017-10-18,50768.57,50767.55,50969.0,50574.75
2017-10-19,51111.42,50763.51,51157.66,51053.64
2017-10-20,51187.31,51130.74,51566.12,51046.99
2017-10-23,50883.3,50943.66,51052.48,50545.83
2017-10-24,50750.15,50650.95,50775.06,50653.0
2017-10-25,50417.18,50770.77,50581.68,50257.46
2017-10-26,50255.81,50261.65,50315.43,50244.95
2017-10-27,50361.84,50449.9,50606.06,50303.63
2017-10-30,50667.69,50894.69,50801.59,50532.53
2017-10-31,50524.63,50232.53,50655.07,50511.21
2017-11-01,50833.98,50962.35,51151.34,50641.51
2017-11-02,50818.61,50414.32,50915.11,50490.61
2017-11-03,50664.64,50812.2,50764.25,50636.65
2017-11-06,50878.71,50905.48,51233.75,50642.51
2017-11-07,50668.9,50557.06,50714.39,50626.82
2017-11-08,50724.28,50794.15,50944.3,50356.48
2017-11-09,50733.38,51041.02,50990.93,50485.3
2017-11-10,51223.29,51337.25,51621.06,50853.54
2017-11-13,51205.6,51566.06,51547.04,51071.14
2017-11-14,51384.98,51537.55,51617.39,51176.56
2017-11-15,50940.77,50833.24,51243.47,50775.0
2017-11-16,50857.09,50965.93,51214.77,50652.57
2017-11-17,51464.02,51735.74,51465.09,51436.69
2017-11-20,52103.07,51972.17,52259.22,51979.81
2017-11-21,52436.9,52744.18,52575.92,52005.72
2017-11-22,52206.77,52153.9,52256.95,52186.16
2017-11-23,51856.13,51994.24,51935.35,51469.66
2017-11-24,51498.96,51566.69,51822.27,51250.69
2017-11-27,51266.5,51163.01,51608.83,51261.12
2017-11-28,51451.86,51240.97,51540.66,51186.14
2017-11-29,51145.35,51168.35,51433.27,50804.36
2017-11-30,50701.78,50615.21,51025.33,50369.01
2017-12-01,50192.61,50085.43,50519.27,49830.57
2017-12-04,49889.36,49951.28,50214.24,49548.09
2017-12-05,49000.89,49125.55,49259.62,48985.33
2017-12-06,48369.78,48217.04,48531.58,48268.89
2017-12-07,47970.52,47904.04,48203.82,47742.45
2017-12-08,47842.75,47882.95,48127.83,47446.2
2017-12-11,48550.72,48765.95,48578.84,48320.99
2017-12-12,48904.14,48787.89,49010.78,48740.5
2017-12-13,49014.51,48873.84,49191.48,48624.37
2017-12-14,48346.28,48453.45,48712.69,47814.02
2017-12-15,48143.07,48185.44,48364.99,48081.93
2017-12-18,48431.93,48381.65,48452.24,48337.31
2017-12-19,48998.39,48886.95,49263.72,48759.01
2017-12-20,48017.65,48294.4,48278.6,47960.64
2017-12-21,48617.01,48628.06,48744.47,48264.96
2017-12-22,48558.99,48816.32,48765.05,48526.07
2017-12-25,48970.51,48982.89,49195.16,48621.9
2017-12-26,48740.93,48769.0,49506.67,48588.29
2017-12-27,48732.98,49100.12,49047.23,48388.6
2017-12-28,48233.42,48434.61,48299.71,47939.8
2017-12-29,48288.68,48249.39,48432.47,48118.25
2018-01-01,48970.12,48757.49,49315.96,48491.0
2018-01-02,49558.91,49592.21,49671.99,49192.7
2018-01-03,49940.97,49819.53,50111.26,49537.56
2018-01-04,49604.18,49585.74,49678.22,49021.48
2018-01-05,49515.52,49395.36,49559.76,49283.8
2018-01-08,49276.63,49395.59,49508.54,49244.74
2018-01-09,49444.45,49608.87,49506.34,49338.68
2018-01-10,49893.47,49979.88,50161.46,49832.54
2018-01-11,49392.87,49777.88,49732.34,49188.83
2018-01-12,49177.04,49281.71,49430.28,49011.58
2018-01-15,49600.11,49573.22,49675.57,49172.65
2018-01-16,50103.68,50033.28,50497.42,49986.81
2018-01-17,49588.37,49718.98,49836.58,49584.93
2018-01-18,49571.5,49556.4,49831.13,49387.52
2018-01-19,50134.37,49990.43,50244.12,49916.48
2018-01-22,50700.57,50595.92,50973.71,50580.54
2018-01-23,50554.5,50564.17,50867.47,50465.75
2018-01-24,51056.91,51029.34,51332.72,50966.81
2018-01-25,51242.23,51247.7,51622.6,51228.62
2018-01-26,50828.37,50940.05,50888.13,50619.18
2018-01-29,51610.7,51502.62,51673.13,51524.93
2018-01-30,51442.33,51515.42,51512.57,51320.8
2018-01-31,51406.74,51543.59,51623.95,51180.74
2018-02-01,50712.14,50891.17,50945.99,50647.96
2018-02-02,50507.98,50221.69,50548.27,50270.99
2018-02-05,50208.01,50044.34,50332.22,50199.98
2018-02-06,49443.35,49500.18,49633.77,49169.94
2018-02-07,49651.13,49927.41,49958.24,49284.53
2018-02-08,49356.24,49235.24,49408.66,49320.72
2018-02-09,49778.97,49957.86,50018.34,49289.89
2018-02-12,49665.23,49591.47,49817.03,49462.75
2018-02-13,50180.75,49842.22,50200.06,50072.31
2018-02-14,50222.92,50216.72,50243.03,49925.69
2018-02-15,50157.18,50205.31,50227.9,49847.96
2018-02-16,50086.43,50150.75,50269.04,49909.37
2018-02-19,49731.05,49749.35,49891.02,49573.76
2018-02-20,49530.91,49486.52,49840.69,49221.47
2018-02-21,49909.88,49866.29,50106.52,49743.65
2018-02-22,50287.51,50455.75,50637.01,50032.28
2018-02-23,50246.95,50054.27,50351.36,50149.06
2018-02-26,50225.42,49869.81,50349.34,50131.8
2018-02-27,49640.31,49581.67,49757.45,49612.97
2018-02-28,49440.79,49406.94,49727.19,49188.19
2018-03-01,49226.39,49279.41,49263.19,49036.87
2018-03-02,48670.98,48590.86,48978.08,48661.61
2018-03-05,49203.74,49318.86,49374.46,49052.53
2018-03-06,49133.2,48919.07,49888.56,49012.14
2018-03-07,49096.93,49190.62,49164.05,49022.27
2018-03-08,49452.29,49382.32,49547.98,49427.55
2018-03-09,49069.72,49210.24,49256.39,48923.37
2018-03-12,49383.54,49290.19,49519.3,49149.02
2018-03-13,48424.08,48293.55,48623.62,48415.26
2018-03-14,48195.47,48211.93,48394.43,47985.59
2018-03-15,47364.86,47254.36,47412.65,46988.44
2018-03-16,47900.22,48000.61,48150.9,47736.09
2018-03-19,48231.32,48383.91,48395.93,47952.48
2018-03-20,47976.33,47906.4,48252.76,47880.12
2018-03-21,47995.74,48247.27,48007.11,47972.28
2018-03-22,47653.32,47412.61,47702.52,47351.23
2018-03-23,47844.0,47718.35,48010.26,47770.73
2018-03-26,48188.58,48238.09,48850.19,47875.28
2018-03-27,47946.75,47577.51,48165.25,47754.97
2018-03-28,48127.38,47938.27,48147.4,48058.62
2018-03-29,47782.76,47717.54,48020.97,47391.06
2018-03-30,47661.6,47708.48,47859.0,47286.86
2018-04-02,47771.01,47912.36,47902.89,47307.79
2018-04-03,48111.6,48063.69,48324.1,48102.01
2018-04-04,47849.78,47806.79,47969.61,47358.74
2018-04-05,47821.34,47905.25,47901.34,47745.76
2018-04-06,48029.52,47834.18,48031.12,47907.94
2018-04-09,48374.59,48305.28,48501.06,47649.83
2018-04-10,48994.6,49083.91,49410.51,48673.63
2018-04-11,48941.48,48930.71,49026.33,48799.14
2018-04-12,49800.19,50145.69,49845.48,49737.06
2018-04-13,49470.47,49322.84,49525.15,49288.21
2018-04-16,49861.44,49651.81,50066.61,49510.75
2018-04-17,50592.27,50652.53,50816.71,50566.78
2018-04-18,51450.02,51244.06,51642.3,51411.82
2018-04-19,51422.01,51469.8,51448.71,51326.95
2018-04-20,50967.58,50798.14,50990.93,50630.23
2018-04-23,50307.74,50324.79,50405.81,50120.74
2018-04-24,50138.6,50239.92,50179.13,50061.35
2018-04-25,49353.34,49331.94,49454.45,49213.78
2018-04-26,49032.21,49079.73,49359.66,48593.53
2018-04-27,48271.55,48065.77,48563.27,48026.08
2018-04-30,48434.24,48591.18,48452.58,48078.64
2018-05-01,48931.34,49257.14,49119.78,48863.85
2018-05-02,48882.78,49017.91,48912.71,48848.28
2018-05-03,49536.03,49811.33,49552.96,49408.65
2018-05-04,49407.38,49396.57,49466.8,49316.49
2018-05-07,49706.33,49777.59,49939.83,49595.88
2018-05-08,49309.42,49503.74,49830.47,48931.42
2018-05-09,49431.48,49273.54,49547.86,49253.95
2018-05-10,49808.58,49754.68,50320.04,49715.56
2018-05-11,49985.03,49900.7,50208.52,49785.03
2018-05-14,50471.41,50552.39,50524.43,50392.78
2018-05-15,50566.11,50600.19,50869.69,50511.44
2018-05-16,50630.19,50486.31,50706.17,50322.66
2018-05-17,50731.72,50686.14,50769.48,50459.16
2018-05-18,51302.85,51254.2,51385.83,51137.7
2018-05-21,51506.23,51620.84,51681.58,51440.15
2018-05-22,51744.61,51868.22,52042.54,51687.96
2018-05-23,51864.74,51671.98,51956.48,51753.76
2018-05-24,52434.22,52353.81,52836.38,52242.66
2018-05-25,51381.49,51208.81,51568.82,51324.8
2018-05-28,51120.36,51254.52,51385.02,50993.08
2018-05-29,51167.19,51479.39,51363.12,50938.42
2018-05-30,51252.43,51104.14,51369.98,51221.98
2018-05-31,50607.91,50562.91,51246.84,50387.81
2018-06-01,51332.59,51343.1,51468.0,51062.69
2018-06-04,51438.73,51235.02,51473.94,51297.85
2018-06-05,51214.79,51433.5,51441.49,51169.43
2018-06-06,51877.6,51791.29,52194.24,51578.86
2018-06-07,52341.17,52466.12,52438.08,52208.73
2018-06-08,51683.11,51797.76,51816.49,51443.24
2018-06-11,50711.97,50595.46,50794.15,50624.91
2018-06-12,50343.5,50594.47,50450.42,49916.26
2018-06-13,50752.97,50840.77,50890.11,50728.16
2018-06-14,51149.57,51304.63,51284.23,51059.38
2018-06-15,51327.22,51114.96,51363.18,50999.51
2018-06-18,51727.88,51741.71,52198.03,51527.47
2018-06-19,51660.84,51464.94,51738.17,51537.64
2018-06-20,52235.21,52636.12,52637.41,52065.47
2018-06-21,52656.56,52679.12,52775.73,52252.73
2018-06-22,52255.38,52145.32,52624.11,51959.32
2018-06-25,52249.55,51973.74,52370.81,52001.97
2018-06-26,52308.76,52636.74,52937.87,52118.0
2018-06-27,52729.21,52926.79,52868.6,52507.85
2018-06-28,52309.96,52107.73,52641.87,51906.2
2018-06-29,52298.61,52328.77,52582.07,52090.01
2018-07-02,52587.46,52492.1,52799.0,51952.27
2018-07-03,52381.83,52584.42,52486.71,52367.07
2018-07-04,52837.66,52873.47,53107.91,52811.3
2018-07-05,53224.42,52930.17,53255.16,53103.06
2018-07-06,52977.93,53071.84,53071.94,52838.25
2018-07-09,52988.25,53191.55,53261.57,52679.81
2018-07-10,53106.84,53159.72,53323.39,52959.41
2018-07-11,53116.83,53328.36,53249.93,52932.97
2018-07-12,52636.32,52368.88,53290.43,52427.42
2018-07-13,52299.55,52451.28,52447.18,52258.45
2018-07-16,53147.29,52859.8,53162.33,52648.07
2018-07-17,52965.64,53085.91,53660.85,52501.0
2018-07-18,53239.49,53069.77,53284.99,53090.14
2018-07-19,53020.06,52918.4,53598.51,52909.98
2018-07-20,52131.48,52104.12,52494.37,51760.99
2018-07-23,53112.56,53444.08,53590.78,52892.82
2018-07-24,52738.86,52857.82,52773.89,52568.44
2018-07-25,52800.09,53004.17,52851.1,52604.14
2018-07-26,52416.77,52391.73,52778.2,52106.92
2018-07-27,52238.55,52034.02,52243.74,51818.97
2018-07-30,52207.12,52037.64,52631.06,51665.97
2018-07-31,52007.96,51730.71,52220.01,51846.4
2018-08-01,52239.43,52464.56,52552.42,52179.98
2018-08-02,53052.08,52994.51,53324.95,52841.23
2018-08-03,52907.88,53094.31,52977.53,52793.42
2018-08-06,53506.91,53315.73,53551.45,53229.18
2018-08-07,53223.23,53261.86,53662.4,53198.66
2018-08-08,53436.4,53217.49,53534.76,52949.19
2018-08-09,53173.73,53227.42,53446.44,52651.47
2018-08-10,53172.62,53212.02,53654.16,52937.94
2018-08-13,53162.83,53026.96,53347.53,52987.63
2018-08-14,53790.89,54122.04,53958.12,53628.89
2018-08-15,54139.57,54231.68,54287.98,53688.52
2018-08-16,54389.98,54501.66,54431.19,54279.46
2018-08-17,54270.73,54258.43,54420.66,54048.44
2018-08-20,54717.35,54740.31,54868.89,54714.08
2018-08-21,55179.03,55385.91,55436.47,54711.32
2018-08-22,55295.18,55471.45,55630.49,55105.94
2018-08-23,55049.08,55027.09,55491.78,54813.03
2018-08-24,55193.34,55278.83,55577.05,54950.49
2018-08-27,54539.99,54642.15,54672.13,54452.68
2018-08-28,55077.71,54988.54,55343.71,54999.48
2018-08-29,54153.37,54160.11,54191.19,53939.98
2018-08-30,54746.32,54876.62,55051.03,54286.34
2018-08-31,54333.99,54315.87,54769.62,54306.0
2018-09-03,54042.54,53783.41,54384.18,53599.55
2018-09-04,53849.78,53794.2,54012.54,53822.51
2018-09-05,54198.05,54329.75,54252.2,54192.22
2018-09-06,53978.33,54000.8,54183.52,53971.61
2018-09-07,54422.29,54247.96,54821.74,53975.63
2018-09-10,54977.73,55054.12,55206.97,54974.58
2018-09-11,55477.18,55082.94,55503.82,55455.76
2018-09-12,55018.01,55159.07,55244.86,54660.46
2018-09-13,55675.14,55489.58,55989.37,55154.72
2018-09-14,55419.65,55512.65,55633.21,55254.86
2018-09-17,56506.68,56533.67,56773.24,56260.52
2018-09-18,56315.04,56552.13,56617.3,55806.18
2018-09-19,55236.41,55212.81,55505.08,55084.15
2018-09-20,55765.59,55754.68,56167.56,55516.67
2018-09-21,55676.05,55797.67,55772.27,55541.36
2018-09-24,55158.69,55224.29,55700.86,55031.73
2018-09-25,54684.52,54520.68,55015.12,54665.03
2018-09-26,55522.69,55370.72,55583.89,55431.96
2018-09-27,55449.88,55454.63,55509.68,55414.44
2018-09-28,55291.79,55273.94,55865.1,55151.35
2018-10-01,55403.46,55697.29,55449.79,54786.49
2018-10-02,55659.73,55798.59,55826.88,55403.94
2018-10-03,55101.49,55139.73,55154.66,54294.63
2018-10-04,55245.25,55153.97,55305.29,54979.1
2018-10-05,54900.55,54741.36,54974.24,54854.54
2018-10-08,54910.34,54927.05,54934.16,54698.92
2018-10-09,54976.91,54870.15,55083.92,54918.6
2018-10-10,56606.26,56595.84,56850.46,56507.88
2018-10-11,57266.62,57238.0,57604.96,56976.94
2018-10-12,58775.97,58795.52,58933.21,58638.47
2018-10-15,58652.57,58641.31,58719.56,58361.4
2018-10-16,59193.88,59248.25,59289.27,59099.48
2018-10-17,59345.33,59362.4,59580.25,59324.52
2018-10-18,60178.51,60192.15,60363.34,60001.81
2018-10-19,59123.22,58832.29,59619.83,59094.57
2018-10-22,58439.56,58402.88,58546.79,58204.9
2018-10-23,57578.9,57661.21,57760.71,57568.2
2018-10-24,58050.27,57893.22,58271.33,57926.84
2018-10-25,57645.29,57512.8,58023.43,57551.14
2018-10-26,57835.29,57874.88,58598.77,57833.11
2018-10-29,58029.56,57492.2,58113.29,57418.1
2018-10-30,57912.88,58098.44,58065.7,57773.31
2018-10-31,58412.82,58365.06,58708.35,58312.63
2018-11-01,58325.24,58022.22,58418.93,57907.48
2018-11-02,58872.8,58933.11,59054.34,58793.48
2018-11-05,58556.12,58537.74,58564.5,58551.97
2018-11-06,58824.34,58648.29,59201.55,58747.75
2018-11-07,59190.5,59190.4,59424.15,59113.78
2018-11-08,58401.12,58411.29,58876.78,58159.9
2018-11-09,58500.12,58607.44,58615.27,58242.55
2018-11-12,58354.75,58465.12,58438.19,58166.76
2018-11-13,57975.12,57920.36,58244.81,57627.19
2018-11-14,59274.66,59056.44,59307.46,59246.89
2018-11-15,59765.46,59784.14,60098.94,59593.81
2018-11-16,60383.2,60505.51,60820.4,60273.48
2018-11-19,61407.93,61501.84,61618.91,61353.36
2018-11-20,61813.71,61980.2,62008.63,61544.42
2018-11-21,61536.88,61703.89,61571.42,61499.08
2018-11-22,62363.65,62508.57,62538.02,62011.34
2018-11-23,61852.65,61601.52,62149.48,61744.88
2018-11-26,61215.43,61051.86,61263.62,61100.82
2018-11-27,61431.89,61448.93,61949.74,60926.28
2018-11-28,61832.71,61577.64,61927.16,61617.59
2018-11-29,61478.77,61803.17,61537.63,61391.1
2018-11-30,61266.2,61192.91,61510.82,60925.61
2018-12-03,60896.88,60764.51,61264.69,60686.49
2018-12-04,61170.75,61068.43,61404.61,61050.31
2018-12-05,61182.37,61040.96,61507.74,60948.0
2018-12-06,60977.11,60884.89,61622.37,60967.16
2018-12-07,60949.15,60816.1,61377.81,60882.95
2018-12-10,61548.96,61191.81,61775.34,61233.02
2018-12-11,61520.04,61348.31,61544.95,61356.88
2018-12-12,61464.95,61925.61,61770.23,61235.77
2018-12-13,61306.14,61314.8,61598.52,61153.05
2018-12-14,62172.27,62618.17,62551.16,61881.58
2018-12-17,62499.14,62368.08,62665.79,62452.11
2018-12-18,63193.86,62900.45,63690.37,62652.88
2018-12-19,63395.37,63270.13,63620.01,63185.32
2018-12-20,62555.56,62904.52,62619.48,62472.96
2018-12-21,62354.9,62544.1,62451.2,62284.73
2018-12-24,62472.9,62196.15,62735.22,62089.79
2018-12-25,63179.54,63310.84,63440.43,62634.36
2018-12-26,61885.33,61983.85,62487.0,61310.53
2018-12-27,62283.26,62461.17,62324.64,62070.46
2018-12-28,62943.84,63055.57,63368.22,62689.75
2018-12-31,62406.27,62509.96,62530.61,62365.15
2019-01-01,61610.72,61515.43,62033.22,61610.09
2019-01-02,63360.36,63318.78,63458.89,63218.34
2019-01-03,63368.62,63059.8,63865.42,63268.56
2019-01-04,62995.95,62887.98,63158.82,62930.56
2019-01-07,63093.52,63057.47,63176.44,62873.08
2019-01-08,63670.83,63887.14,63818.86,63416.84
2019-01-09,63282.0,63322.37,63301.52,63169.27
2019-01-10,64076.77,64199.77,64211.45,63856.9
2019-01-11,63171.09,63308.41,63739.54,63112.27
2019-01-14,63126.86,62964.4,63529.48,62589.35
2019-01-15,63169.51,63021.84,63492.72,63111.0
2019-01-16,64022.06,63647.67,64301.28,63874.97
2019-01-17,63967.39,64045.16,64093.49,63662.35
2019-01-18,63925.28,63945.96,63952.62,63842.81
2019-01-21,63764.65,63705.42,64403.24,63660.68
2019-01-22,62436.26,62380.77,62527.06,62211.49
2019-01-23,62177.17,62043.92,62401.05,61797.37
2019-01-24,63443.79,63461.72,63510.91,63385.27
2019-01-25,63378.47,63401.26,63643.33,63274.35
2019-01-28,63831.55,63765.63,63892.02,63822.42
2019-01-29,63673.6,63635.23,63866.09,63625.28
2019-01-30,63834.69,63793.26,64807.99,63611.08
2019-01-31,63704.26,63395.7,64061.51,63213.34
2019-02-01,63267.29,63552.62,63380.14,62936.52
2019-02-04,63530.24,63673.45,63538.71,63523.81
2019-02-05,63121.05,63409.01,63442.06,62979.45
2019-02-06,63698.34,63428.63,63963.45,63044.41
2019-02-07,64105.67,64155.83,64372.27,64021.56
2019-02-08,63684.7,63725.19,64200.18,63625.59
2019-02-11,63285.53,63118.29,63418.51,62983.41
2019-02-12,63999.42,64149.77,64277.56,63930.17
2019-02-13,64635.71,64562.82,64765.62,63975.24
2019-02-14,64446.12,64253.37,64593.75,64056.28
2019-02-15,64368.88,64286.1,64713.02,64180.96
2019-02-18,64218.52,63983.3,64722.05,64138.08
2019-02-19,65027.92,64973.21,65075.14,65014.33
2019-02-20,65520.34,65389.27,65592.52,65469.21
2019-02-21,65825.57,65662.35,65993.26,65274.98
2019-02-22,65323.29,65331.41,65449.56,64869.24
2019-02-25,64741.47,64978.39,64753.86,64646.63
2019-02-26,65303.32,65532.29,65311.55,64908.54
2019-02-27,66295.64,66367.85,66753.56,66273.33
2019-02-28,64743.23,65018.81,64904.17,64648.65
2019-03-01,63857.33,63619.43,64267.32,63230.31
2019-03-04,64239.85,64218.63,64519.33,63946.49
2019-03-05,64125.14,64188.55,64305.21,64120.73
2019-03-06,63615.31,63637.32,64069.15,63254.77
2019-03-07,64019.91,64401.49,64501.06,63996.67
2019-03-08,63296.31,62873.84,63881.45,63166.13
2019-03-11,63825.61,63654.79,63902.43,63591.84
2019-03-12,63602.29,63968.03,64096.36,63413.87
2019-03-13,64560.96,64564.46,64752.73,64499.77
2019-03-14,64467.51,64398.48,64490.92,63938.54
2019-03-15,65046.55,64961.56,65479.72,64722.08
2019-03-18,64809.11,65014.14,65269.32,64382.0
2019-03-19,64274.37,64525.69,64912.49,63933.76
2019-03-20,63958.74,64078.23,64105.93,63567.47
2019-03-21,64015.83,63954.47,64237.62,63786.6
2019-03-22,63177.34,63150.63,63183.98,63072.42
2019-03-25,63819.88,63710.87,63999.28,63398.94
2019-03-26,63826.29,63688.34,63840.56,63731.82
2019-03-27,62547.64,62569.78,62696.94,62439.33
2019-03-28,61755.06,61867.0,62537.63,61562.06
2019-03-29,61158.15,61368.07,61547.31,60610.78
2019-04-01,60580.52,60752.55,61225.02,60417.39
2019-04-02,60703.13,60756.43,61183.4,60393.84
2019-04-03,60618.99,60437.22,61177.31,60319.17
2019-04-04,60851.54,60801.75,60918.38,60272.39
2019-04-05,60487.84,60326.98,60778.57,59921.52
2019-04-08,61025.98,61067.83,61362.95,60751.24
2019-04-09,60671.42,60399.72,61001.89,60652.77
2019-04-10,60256.87,60352.44,60359.11,59884.87
2019-04-11,60525.02,60410.42,60589.51,60181.95
2019-04-12,60006.69,59735.03,60350.01,59783.47
2019-04-15,60515.98,60802.36,60808.08,60422.59
2019-04-16,61351.34,61517.37,61559.21,61333.76
2019-04-17,61894.81,61922.64,61976.16,61613.52
2019-04-18,61453.9,61544.84,61526.14,61423.01
2019-04-19,61196.73,61289.92,62055.25,61170.8
2019-04-22,61533.71,61371.43,61838.03,61292.63
2019-04-23,61445.2,61605.93,61570.05,61308.16
2019-04-24,62219.02,61918.63,62679.85,61412.64
2019-04-25,63013.5,62767.6,63076.74,62701.29
2019-04-26,63668.53,63869.48,63890.94,63272.7
2019-04-29,64604.81,64906.91,65304.67,64466.24
2019-04-30,64155.31,63972.14,64290.9,63908.81
2019-05-01,63828.33,63686.96,63927.29,63413.51
2019-05-02,64178.73,64323.83,64280.52,63979.01
2019-05-03,65232.39,65279.2,65557.96,64883.05
2019-05-06,64737.39,64497.11,64881.18,64464.83
2019-05-07,64632.58,65031.6,64925.86,64484.66
2019-05-08,64940.78,64933.39,65517.26,64681.48
2019-05-09,64907.93,65369.65,64953.02,64778.39
2019-05-10,63688.0,63750.89,63688.49,63474.32
2019-05-13,63399.78,63743.69,64091.21,62965.99
2019-05-14,63168.62,63060.54,63525.13,63043.2
2019-05-15,62983.99,62876.16,63153.96,62438.26
2019-05-16,62450.31,62202.98,62733.38,62445.28
2019-05-17,62335.61,62529.62,62475.51,62185.38
2019-05-20,61190.8,61120.76,61594.17,60906.41
2019-05-21,60718.53,60707.78,60909.72,60549.46
2019-05-22,60443.12,60438.06,60694.34,59888.16
2019-05-23,60431.92,60334.54,60806.97,60307.94
2019-05-24,60862.79,60728.54,60994.57,60785.26
2019-05-27,60560.08,60742.26,61188.32,60166.79
2019-05-28,60852.95,60562.91,61363.79,60565.12
2019-05-29,60707.11,60682.44,60731.94,60404.64
2019-05-30,60004.74,60289.95,60084.46,59993.42
2019-05-31,60104.16,59904.08,60372.87,59915.16
2019-06-03,60353.46,60100.99,60623.93,60263.81
2019-06-04,61147.17,61087.93,61309.24,61034.39
2019-06-05,61128.75,60658.54,61462.71,61065.11
2019-06-06,61319.09,61094.56,61510.01,61036.67
2019-06-07,61956.49,61861.51,62228.42,61754.6
2019-06-10,62076.87,61692.93,62610.48,61654.32
2019-06-11,61246.9,61349.12,61269.21,60884.3
2019-06-12,60915.08,60957.35,61002.48,60606.94
2019-06-13,61327.59,61337.25,61779.47,61014.35
2019-06-14,61303.54,61204.98,61530.47,61094.57
2019-06-17,61585.82,61727.05,61930.0,61497.25
2019-06-18,62224.32,62103.69,62347.4,62015.96
2019-06-19,62392.9,61975.2,62529.07,61960.93
2019-06-20,62510.32,62475.31,62699.92,62308.78
2019-06-21,62467.56,62505.5,62496.35,62404.2
2019-06-24,62644.42,62267.71,63465.86,62474.75
2019-06-25,62608.8,62571.91,62800.89,62568.89
2019-06-26,62935.36,62920.2,63270.82,62758.22
2019-06-27,62844.81,62862.45,63052.8,62526.87
2019-06-28,62892.32,62881.41,63088.71,62402.47
2019-07-01,61802.22,61800.22,62018.16,61633.94
2019-07-02,61768.3,62087.32,61923.26,61657.69
2019-07-03,61328.81,61218.19,61673.72,61274.25
2019-07-04,61004.25,60931.03,61020.24,60915.66
2019-07-05,60894.85,61015.4,61172.68,60839.94
2019-07-08,60777.28,60951.4,61402.99,60674.28
2019-07-09,61314.34,61322.61,61504.01,60899.44
2019-07-10,61547.8,61777.27,61597.74,60621.86
2019-07-11,61483.69,61573.05,61542.1,60982.01
2019-07-12,61003.16,60873.03,61531.39,60905.23
2019-07-15,59894.24,60056.68,60908.99,59575.52
2019-07-16,59929.35,60045.33,60161.63,59664.38
2019-07-17,60946.61,61209.8,61126.96,60586.88
2019-07-18,60303.4,60132.46,60480.18,60024.97
2019-07-19,60889.7,61052.86,61604.6,60552.94
2019-07-22,60666.71,60498.88,61093.28,60529.0
2019-07-23,60300.86,60179.57,60576.76,60054.23
2019-07-24,61129.49,61244.73,61531.88,60989.36
2019-07-25,61553.82,61657.05,61929.76,61267.19
2019-07-26,61257.94,61449.91,61707.48,61155.84
2019-07-29,61508.69,61516.3,61664.53,61141.63
2019-07-30,61046.47,61110.49,61355.79,61021.59
2019-07-31,61626.29,61364.29,61648.99,61570.56
2019-08-01,62506.6,62291.43,62540.54,62029.03
2019-08-02,62105.14,62146.68,62534.51,61913.03
2019-08-05,62930.26,63063.84,63315.57,62793.87
2019-08-06,62799.97,62741.88,62907.23,62609.82
2019-08-07,62947.95,62920.35,63073.64,62936.23
2019-08-08,63504.34,63364.0,63559.9,63131.21
2019-08-09,63756.61,63591.39,63999.73,63636.42
2019-08-12,63017.55,63118.65,63321.26,62903.26
2019-08-13,62879.3,62930.56,63027.24,62455.18
2019-08-14,62672.42,62748.63,62768.21,62476.76
2019-08-15,62861.06,62711.35,63137.28,62075.69
2019-08-16,63279.82,63528.24,63461.85,63225.01
2019-08-19,64379.07,64247.39,64447.78,63936.69
2019-08-20,65117.97,65074.95,65195.77,64588.43
2019-08-21,64962.86,64568.47,64991.14,64815.99
2019-08-22,65020.97,64948.83,65431.11,64440.12
2019-08-23,65731.14,65738.21,66012.95,65444.3
2019-08-26,65642.11,65582.73,66010.67,65440.17
2019-08-27,64509.04,64773.68,64980.23,63974.29
2019-08-28,64288.07,64259.3,64469.06,64114.58
2019-08-29,64023.92,63459.65,64160.74,63673.93
2019-08-30,64129.76,63976.63,64527.57,63956.19
2019-09-02,63732.91,63913.62,63901.71,63648.86
2019-09-03,63225.22,63254.2,63265.65,63058.81
2019-09-04,62962.76,63145.75,63246.23,62871.5
2019-09-05,62356.04,62475.5,62559.4,61951.13
2019-09-06,63223.6,63200.59,63686.67,62927.33
2019-09-09,63639.65,63757.15,63990.04,63377.29
2019-09-10,62665.28,62744.71,62726.89,62316.31
2019-09-11,62610.21,62552.03,62622.3,62376.97
2019-09-12,63271.02,63091.81,63365.08,62904.58
2019-09-13,63665.26,63632.96,64124.35,63581.27
2019-09-16,63812.01,63924.1,64373.91,63628.76
2019-09-17,63819.61,63920.76,64016.58,63031.83
2019-09-18,63439.17,63767.41,63891.39,63043.37
2019-09-19,62771.08,62780.87,62987.56,62545.22
2019-09-20,62840.36,63132.44,62934.71,62732.91
2019-09-23,63016.39,63388.4,63119.04,62986.11
2019-09-24,63396.93,63572.33,63842.63,63342.46
2019-09-25,63871.22,63834.58,63992.05,63870.58
2019-09-26,64266.5,64193.94,64300.1,64124.35
2019-09-27,63363.6,63337.56,63840.27,63245.81
2019-09-30,62599.42,62778.57,62663.94,62544.96
2019-10-01,63147.61,63195.31,63659.04,62350.69
2019-10-02,63685.13,63964.34,63791.99,63604.8
2019-10-03,63242.82,63256.78,63464.1,62891.81
2019-10-04,62803.25,62859.77,62895.44,62763.64
2019-10-07,62887.24,62885.87,63573.63,62764.65
2019-10-08,62099.89,62199.44,62448.41,61984.07
2019-10-09,61730.44,61937.43,62105.86,61527.58
2019-10-10,62026.27,61658.57,62634.33,61838.81
2019-10-11,61867.18,61898.09,62111.85,61790.15
2019-10-14,62197.31,62040.95,62604.37,61803.13
2019-10-15,61516.67,61366.04,62251.8,61281.01
2019-10-16,61994.46,62368.99,62247.26,61297.71
2019-10-17,63121.99,63196.71,63556.8,63047.71
2019-10-18,62752.71,62480.62,62913.61,62358.09
2019-10-21,63163.69,62997.89,63239.61,63071.04
2019-10-22,62508.7,62599.84,62770.91,62045.97
2019-10-23,62019.04,62012.83,62272.13,61743.0
2019-10-24,62430.15,62510.47,62526.72,62348.02
2019-10-25,62428.47,62421.72,62582.13,62223.12
2019-10-28,62115.81,62113.85,62585.25,62010.99
2019-10-29,62217.68,62138.37,62437.75,61812.03
2019-10-30,61500.58,61357.36,61867.89,61369.4
2019-10-31,61495.68,61508.28,61629.67,61325.98
2019-11-01,62248.17,62436.29,62461.08,62107.98
2019-11-04,62694.78,62735.03,63039.37,62484.0
2019-11-05,63177.78,63062.31,63348.58,62929.5
2019-11-06,63374.45,63640.29,63455.83,63201.16
2019-11-07,64281.07,63931.9,64501.71,64225.21
2019-11-08,63434.18,63277.85,63483.57,62960.86
2019-11-11,62912.49,63055.78,62919.0,62776.27
2019-11-12,63426.17,63741.67,63637.65,62876.58
2019-11-13,64487.3,64538.25,64633.23,64146.86
2019-11-14,64900.98,64662.57,65638.35,64847.54
2019-11-15,64535.59,64512.14,64578.09,64323.19
2019-11-18,64475.7,64119.18,64924.26,64257.85
2019-11-19,64540.1,64601.34,64563.26,64334.84
2019-11-20,65656.06,65600.56,65729.45,65556.1
2019-11-21,66676.64,66488.13,67392.45,66410.75
2019-11-22,67442.47,67595.09,67648.83,66876.74
2019-11-25,68199.74,68196.56,68472.96,67563.75
2019-11-26,67117.33,67273.15,67852.97,66759.42
2019-11-27,66455.65,66091.49,66663.14,66382.58
2019-11-28,66483.22,66612.0,66804.26,66103.44
2019-11-29,66414.86,66583.34,66565.51,65796.79
2019-12-02,67327.47,67055.68,68045.64,66855.42
2019-12-03,67903.01,67983.65,67942.44,67825.6
2019-12-04,68181.38,68188.67,68321.13,67871.92
2019-12-05,68540.85,68535.37,68904.79,68094.6
2019-12-06,68542.56,68754.23,68883.55,68046.94
2019-12-09,68522.85,68638.34,68654.61,68055.25
2019-12-10,68221.76,68131.39,68930.46,67596.1
2019-12-11,68313.15,68480.33,68434.99,67790.62
2019-12-12,67638.88,67189.58,67743.51,67562.5
2019-12-13,68314.53,68156.58,68666.63,67981.45
2019-12-16,68179.28,68148.71,68252.77,67742.46
2019-12-17,68229.07,68375.28,68246.24,68204.99
2019-12-18,67832.1,67673.34,68490.79,67753.24
2019-12-19,67081.03,67154.3,67266.52,67021.45
2019-12-20,66987.3,67210.0,67497.94,66637.08
2019-12-23,66957.78,66646.05,67066.96,66608.8
2019-12-24,66824.98,66641.53,66915.57,66814.36
2019-12-25,67761.41,67734.45,67799.03,67457.11
2019-12-26,67681.37,67853.63,68343.28,67214.1
2019-12-27,67294.65,67616.55,67606.1,67270.26
2019-12-30,67731.74,67580.34,67793.68,67707.3
2019-12-31,67802.99,67849.29,68026.88,67386.09
2020-01-01,69037.02,68883.79,69077.11,68716.39
2020-01-02,69166.82,69499.31,69315.66,68911.66
2020-01-03,68827.24,68809.63,69100.99,68714.52
2020-01-06,69196.48,68919.02,69736.75,69051.75
2020-01-07,69562.45,69495.19,70126.77,69546.01
2020-01-08,67916.99,68103.56,67979.39,67735.2
2020-01-09,68194.96,68316.2,68407.94,67988.64
2020-01-10,67493.91,67393.81,68662.93,67325.54
2020-01-13,67614.21,67328.4,68415.47,67453.06
2020-01-14,67848.8,67785.39,68167.03,67738.56
2020-01-15,68239.02,67972.98,68470.64,67849.99
2020-01-16,67798.13,68041.23,68131.57,67645.91
2020-01-17,68928.65,69233.1,68978.81,68646.45
2020-01-20,68390.79,68491.25,69141.89,68341.29
2020-01-21,67093.36,67015.82,67276.12,66957.92
2020-01-22,67455.24,67280.5,67957.53,66656.05
2020-01-23,66979.96,67131.36,67170.19,66790.08
2020-01-24,66289.73,66349.6,66479.1,65800.5
2020-01-27,66761.28,66949.22,66821.56,66665.18
2020-01-28,66239.97,65812.4,66250.37,66121.65
2020-01-29,66493.46,66576.47,66589.32,66455.55
2020-01-30,66386.69,66711.42,66696.08,66115.33
2020-01-31,65829.28,65929.41,66340.57,65425.86
2020-02-03,64930.06,64813.86,64996.1,64850.78
2020-02-04,63602.61,63793.5,63815.33,63588.72
2020-02-05,64593.27,64504.77,64762.49,64217.97
2020-02-06,65219.23,65177.57,65629.01,65144.33
2020-02-07,65418.99,65808.69,66340.21,64970.65
2020-02-10,65631.64,65623.77,65829.32,65288.91
2020-02-11,65994.49,65903.45,66502.84,65790.56
2020-02-12,66180.26,65935.96,66543.06,65509.8
2020-02-13,66852.27,66724.41,67066.11,66808.58
2020-02-14,66826.2,66829.72,67228.69,66693.59
2020-02-17,67387.58,67605.45,67503.41,66965.18
2020-02-18,66473.22,66265.7,66818.03,66271.48
2020-02-19,65974.94,66051.7,66382.15,65319.84
2020-02-20,65878.87,65910.48,66120.99,65494.83
2020-02-21,66546.34,66467.21,67244.94,66006.42
2020-02-24,67134.73,67056.15,67398.24,66903.13
2020-02-25,66678.44,66855.19,66704.65,66186.5
2020-02-26,66432.47,66368.8,67011.76,65607.51
2020-02-27,66040.12,65875.09,66351.17,65840.93
2020-02-28,65868.54,65900.26,66113.89,65746.78
2020-03-02,66295.16,66614.25,66672.19,66067.4
2020-03-03,66797.03,66537.41,66802.81,66447.24
2020-03-04,67154.47,66810.71,67259.78,67061.56
2020-03-05,68607.36,68769.63,68942.93,68358.78
2020-03-06,68608.88,68507.14,68856.61,68543.97
2020-03-09,70110.29,70035.28,70232.54,70023.18
2020-03-10,69882.62,69833.38,70009.66,69803.76
2020-03-11,69800.85,69775.55,69831.35,69465.8
2020-03-12,70287.61,70412.19,70325.09,69862.36
2020-03-13,72447.25,72480.24,72526.35,71965.78
2020-03-16,72608.13,72878.79,72916.71,72597.53
2020-03-17,73099.87,72999.62,73392.51,72891.97
2020-03-18,71493.02,71764.38,71514.88,71071.51
2020-03-19,72011.51,71794.2,72130.32,71812.84
2020-03-20,72142.26,71782.74,72463.1,72088.1
2020-03-23,72948.39,72761.93,73632.84,72688.75
2020-03-24,74227.99,74036.59,74548.61,74042.25
2020-03-25,74166.32,73836.89,74254.02,73967.54
2020-03-26,73591.85,73596.43,73593.69,73436.76
2020-03-27,75232.04,75216.56,75271.21,75198.76
2020-03-30,75391.33,75641.78,75632.83,75035.18
2020-03-31,75936.37,75824.25,76152.05,75757.72
2020-04-01,75851.12,75770.9,76501.18,75514.93
2020-04-02,76109.23,76449.5,76385.27,75953.86
2020-04-03,75870.73,75482.49,76283.05,75773.99
2020-04-06,76430.22,76709.16,76629.09,76119.92
2020-04-07,76733.56,76635.05,77197.0,76339.48
2020-04-08,77963.6,77711.27,78134.34,77678.0
2020-04-09,77330.51,77562.0,77337.53,77316.36
2020-04-10,78086.71,77999.17,78300.02,77880.83
2020-04-13,77998.34,77949.68,78515.54,77902.42
2020-04-14,78165.36,78499.34,78543.4,77511.85
2020-04-15,78183.19,78519.45,78293.43,78041.23
2020-04-16,80010.54,80161.8,80206.96,79352.82
2020-04-17,80988.31,81095.4,80990.8,80315.92
2020-04-20,81927.97,82050.72,82409.9,81752.15
2020-04-21,83144.06,83405.74,84285.7,82808.52
2020-04-22,83452.93,83491.86,83511.92,83326.89
2020-04-23,83320.2,82893.0,83476.63,83112.16
2020-04-24,83637.67,83781.6,83894.08,83463.91
2020-04-27,83523.62,83920.36,83683.78,83067.26
2020-04-28,83768.63,83670.74,84023.09,83705.51
2020-04-29,84646.89,84984.7,84862.6,84476.73
2020-04-30,86449.08,86707.13,86998.44,85985.8
2020-05-01,87279.18,87208.4,87428.96,87228.98
2020-05-04,88704.84,88510.22,89352.15,88260.83
2020-05-05,90081.77,90021.18,90845.42,90064.78
2020-05-06,91187.5,90847.54,91285.15,90927.32
2020-05-07,92207.29,92301.48,92218.66,91878.16
2020-05-08,91199.53,91198.82,91775.52,91163.37
2020-05-11,91637.81,91236.91,92301.6,91216.73
2020-05-12,91653.06,91723.66,92222.66,91580.7
2020-05-13,93570.63,93823.27,93591.04,93078.42
2020-05-14,93906.82,93869.29,94372.22,93524.89
2020-05-15,95921.7,95545.9,96829.79,95656.99
2020-05-18,94805.27,95117.81,95790.11,94708.83
2020-05-19,95998.33,96107.63,96635.6,95768.87
2020-05-20,97244.82,97233.88,97841.15,96728.55
2020-05-21,97915.26,98237.55,98155.33,97346.58
2020-05-22,98238.82,98469.68,98537.39,98071.18
2020-05-25,99367.65,99548.8,99586.55,99072.34
2020-05-26,101402.7,101943.72,101794.1,100668.68
2020-05-27,101632.0,101700.75,102610.59,100840.94
2020-05-28,102015.11,101340.86,102315.14,101102.8
2020-05-29,102790.45,102962.89,102798.49,102286.53
2020-06-01,102446.51,102433.02,103111.64,102123.63
2020-06-02,103407.9,103481.25,103562.13,103182.99
2020-06-03,104747.36,105148.58,105619.87,104728.56
2020-06-04,105498.1,105726.73,106142.65,104773.53
2020-06-05,105832.13,105828.82,106664.47,105522.89
2020-06-08,106335.13,106366.68,107064.34,105975.31
2020-06-09,104619.01,104668.15,104873.42,104609.62
2020-06-10,103849.25,104168.2,104359.24,103802.81
2020-06-11,102365.14,102789.89,102730.35,101398.08
2020-06-12,103435.44,102976.63,103646.74,102067.92
2020-06-15,102347.21,102034.93,102549.65,101878.35
2020-06-16,102554.66,102492.49,103109.62,102509.69
2020-06-17,104150.3,103753.63,104621.42,103695.15
2020-06-18,104992.53,105541.44,105749.59,104915.52
2020-06-19,105143.81,105483.29,105423.77,104777.79
2020-06-22,104523.09,104895.49,104859.03,104147.13
2020-06-23,103972.81,104025.02,104251.5,103574.86
2020-06-24,104235.61,104497.95,105113.06,103502.85
2020-06-25,104647.95,104024.96,105772.31,104387.05
2020-06-26,104539.05,105083.89,105264.36,104376.6
2020-06-29,103638.26,102846.15,104240.25,102904.88
2020-06-30,102188.41,102334.52,102366.57,101988.88
2020-07-01,101906.24,101873.36,102208.3,100325.99
2020-07-02,101323.11,101310.05,101734.22,100946.65
2020-07-03,102476.47,102701.88,102686.93,101878.9
2020-07-06,103859.37,103873.68,103972.84,103451.06
2020-07-07,102083.9,102459.06,103003.67,102076.22
2020-07-08,102262.69,102089.57,102301.66,101843.25
2020-07-09,104651.46,104399.76,105003.23,104609.99
2020-07-10,106031.86,105825.69,106111.15,105530.42
2020-07-13,105701.97,105471.74,106139.03,105276.41
2020-07-14,106682.16,106557.82,106793.35,106255.56
2020-07-15,106885.56,106507.38,107437.17,106724.85
2020-07-16,107166.44,107587.09,107252.47,105865.87
2020-07-17,108906.38,109093.62,109867.31,108554.56
2020-07-20,108143.6,108229.01,109248.93,107920.45
2020-07-21,109279.14,109105.48,109297.96,109032.36
2020-07-22,108641.83,109139.07,108794.32,108637.22
2020-07-23,109180.5,109156.3,109704.26,109024.26
2020-07-24,109121.68,108718.29,109460.77,109109.89
2020-07-27,109226.94,108833.24,110569.05,109098.0
2020-07-28,111734.72,112049.79,112149.59,110553.86
2020-07-29,111064.56,111554.85,111102.3,110175.87
2020-07-30,112748.07,112469.81,113065.66,112711.36
2020-07-31,112058.79,112291.84,113174.05,111478.94
2020-08-03,112127.6,112654.37,112511.03,111184.55
2020-08-04,113434.38,113607.01,114049.41,113226.28
2020-08-05,113546.27,113940.17,114646.61,113176.07
2020-08-06,113873.51,113487.98,114182.4,113495.6
2020-08-07,113866.04,114059.05,114208.1,113831.13
2020-08-10,113914.2,114128.1,114192.65,113515.0
2020-08-11,114862.18,114888.29,115312.27,114091.83
2020-08-12,115638.98,115114.35,115889.56,114240.97
2020-08-13,115003.13,115375.21,115652.24,114548.94
2020-08-14,115830.01,115986.39,116757.05,115806.86
2020-08-17,116272.81,115984.11,117140.1,115802.12
2020-08-18,117180.64,117462.07,117976.58,116825.52
2020-08-19,117906.63,117953.16,118161.02,116603.06
2020-08-20,118606.33,118143.38,118811.84,117675.2
2020-08-21,118131.43,117522.05,119988.4,117027.13
2020-08-24,117406.22,117796.34,117797.01,116746.68
2020-08-25,118220.0,118854.14,118719.29,117864.48
2020-08-26,118517.37,118181.89,118722.87,118054.19
2020-08-27,119859.13,119602.32,120106.45,119710.6
2020-08-28,120964.11,120877.76,121192.24,119628.17
2020-08-31,122740.36,122977.53,123345.78,122636.86
2020-09-01,122499.5,122783.33,122717.64,121097.97
2020-09-02,122286.23,123287.19,122550.11,122147.59
2020-09-03,122441.85,122628.51,122698.35,121610.39
2020-09-04,121620.81,121937.31,122357.32,121177.3
2020-09-07,122482.12,121908.0,122623.8,120988.14
2020-09-08,124954.5,123984.38,125553.67,124937.2
2020-09-09,125917.73,125601.31,126675.55,125436.18
2020-09-10,127492.97,126558.44,128153.76,126480.46
2020-09-11,126926.24,127213.49,127941.71,126412.68
2020-09-14,128035.97,128595.09,128348.28,127735.73
2020-09-15,128476.22,128575.64,128770.98,128009.26
2020-09-16,126888.68,126511.89,127139.4,126524.54
2020-09-17,126824.79,126481.08,126897.46,126486.57
2020-09-18,126074.49,126464.83,126545.86,125271.19
2020-09-21,127844.4,128348.21,128017.78,127083.69
2020-09-22,125340.06,125776.85,125375.93,125281.06
2020-09-23,124751.38,124206.12,124968.83,124544.73
2020-09-24,125010.97,124792.46,125361.74,124930.02
2020-09-25,124086.18,123826.48,124619.52,123509.6
2020-09-28,125612.46,126155.24,125687.29,125480.26
2020-09-29,126974.16,127253.77,127908.12,126689.39
2020-09-30,127556.76,127041.63,127569.34,127214.05
2020-10-01,127071.48,127692.4,128163.35,126669.67
2020-10-02,126066.84,125805.83,126443.12,125734.05
2020-10-05,126545.04,126320.77,126919.13,125172.34
2020-10-06,127187.81,127256.14,127509.33,126722.93
2020-10-07,127645.83,127437.03,128064.54,127560.05
2020-10-08,127585.47,127098.22,127784.51,126615.87
2020-10-09,128157.27,128744.85,129105.67,127514.82
2020-10-12,127769.65,128038.46,128797.33,127339.15
2020-10-13,128302.71,128074.94,128546.54,127020.85
2020-10-14,128775.19,129459.23,129539.61,128229.9
2020-10-15,128656.4,128758.18,130258.25,128068.63
2020-10-16,127672.67,127369.22,128063.0,126270.51
2020-10-19,127097.18,126542.46,127927.09,126932.32
2020-10-20,127682.75,127435.82,127744.16,126586.78
2020-10-21,128333.64,128039.41,128334.52,128267.78
2020-10-22,129478.89,129697.41,129947.86,129464.73
2020-10-23,129414.52,129104.15,129773.7,128538.98
2020-10-26,128617.48,128173.8,129269.07,127998.88
2020-10-27,127293.88,127539.69,127770.8,125654.83
2020-10-28,127493.01,127091.32,128880.27,126402.85
2020-10-29,130227.0,129871.16,130519.64,129487.83
2020-10-30,129432.77,129738.98,129559.31,129271.37
2020-11-02,129814.53,129423.59,129949.5,129123.74
2020-11-03,128997.7,128885.08,129610.18,128423.76
2020-11-04,130478.49,130870.53,131436.45,130216.74
2020-11-05,130450.8,131147.72,130608.83,129310.11
2020-11-06,132801.61,132530.46,132990.48,131920.78
2020-11-09,133184.29,133455.44,133673.25,132086.02
2020-11-10,132971.33,132813.22,133124.62,132284.28
2020-11-11,132848.03,132757.46,133580.45,132560.22
2020-11-12,130613.55,129958.84,131012.31,130190.84
2020-11-13,130584.6,131058.58,131443.46,130447.06
2020-11-16,131621.59,131657.7,131826.14,131278.23
2020-11-17,131154.46,130750.87,131960.41,131120.39
2020-11-18,131383.22,131255.9,131552.29,130420.06
2020-11-19,130528.2,131533.19,131512.66,129862.77
2020-11-20,130510.46,130796.62,131381.09,130123.22
2020-11-23,129863.43,129634.34,130489.04,128728.8
2020-11-24,131084.64,131496.66,131375.25,130876.39
2020-11-25,130061.01,129745.13,130370.96,129873.45
2020-11-26,129935.52,130259.92,130096.04,128528.78
2020-11-27,133750.45,134117.95,134728.92,133745.19
2020-11-30,134214.96,134267.99,134284.59,133653.89
2020-12-01,134233.25,134125.01,134939.68,133708.09
2020-12-02,133531.19,134340.72,133942.15,133285.13
2020-12-03,133286.39,132726.64,133761.51,133095.46
2020-12-04,133159.64,133786.99,133693.42,133054.53
2020-12-07,134882.75,134213.72,135113.62,134271.56
2020-12-08,136502.15,136517.1,136691.63,135987.42
2020-12-09,138514.49,138441.12,139384.56,136863.61
2020-12-10,136884.84,137401.8,137424.56,136336.38
2020-12-11,136706.2,136165.12,136964.69,136103.51
2020-12-14,134718.57,134593.6,135141.46,134519.28
2020-12-15,138353.83,137633.55,138704.54,138190.78
2020-12-16,138973.54,138720.45,139735.4,138840.42
2020-12-17,137915.83,137907.94,138519.32,137052.93
2020-12-18,137316.79,137395.07,138556.28,136996.41
2020-12-21,138750.62,139376.58,138811.13,138557.8
2020-12-22,134083.84,133582.08,134336.83,134057.12
2020-12-23,132776.58,132706.74,132934.5,132227.31
2020-12-24,131858.7,132533.53,131930.73,131562.06
2020-12-25,129609.56,129033.16,129713.82,129033.97
2020-12-28,130568.8,130092.07,131189.56,129710.0
2020-12-29,129566.41,129286.14,130019.5,128979.11
2020-12-30,129215.09,129427.88,129729.41,128164.37
2020-12-31,130250.76,130110.85,130736.53,129426.38
2021-01-01,130591.31,131016.18,131517.57,130582.96
2021-01-04,131957.7,132065.93,132648.81,131667.66
2021-01-05,134446.42,133937.29,135172.53,134199.57
2021-01-06,134839.22,134837.46,134936.9,134663.41
2021-01-07,134976.13,134581.48,135048.48,134454.14
2021-01-08,136680.51,136223.33,137854.81,136535.16
2021-01-11,133725.86,134094.78,133862.03,133547.41
2021-01-12,132955.47,133273.68,133966.46,132866.19
2021-01-13,133142.81,133222.81,133462.34,131920.98
2021-01-14,131058.04,131119.69,132219.89,130356.44
2021-01-15,131682.48,132071.26,131894.04,131046.77
2021-01-18,133144.04,133309.05,133228.46,132169.62
2021-01-19,132651.81,133382.45,132872.26,132383.07
2021-01-20,131199.05,130896.98,131807.64,130541.92
2021-01-21,131017.12,131178.57,131274.33,130704.16
2021-01-22,130998.79,131128.39,131266.23,130634.21
2021-01-25,129550.13,129188.83,130435.38,128961.54
2021-01-26,127256.41,127449.05,128206.4,127112.04
2021-01-27,125985.48,125871.22,127388.12,125496.03
2021-01-28,123687.03,123669.41,123721.75,122838.53
2021-01-29,123065.44,123197.26,123981.94,122723.87
2021-02-01,123636.11,123577.01,123942.66,123255.94
2021-02-02,124872.0,124882.6,125021.14,124009.62
2021-02-03,126771.77,126179.42,127373.72,126140.99
2021-02-04,126111.81,126313.59,126175.55,125729.04
2021-02-05,124723.93,124348.33,124750.84,123827.31
2021-02-08,124757.3,124716.81,125063.56,123761.64
2021-02-09,122385.87,122024.47,122985.38,122126.27
2021-02-10,121493.29,120913.53,122246.11,121411.63
2021-02-11,122292.22,122651.63,122487.02,122224.07
2021-02-12,120901.21,122115.64,121101.56,120268.82
2021-02-15,119790.25,119735.54,119961.07,119226.46
2021-02-16,119142.57,119534.29,119194.52,118284.0
2021-02-17,118685.67,118837.84,118765.8,118670.65
2021-02-18,121512.46,121495.26,122052.13,121153.86
2021-02-19,120924.09,121493.68,121496.61,120611.34
2021-02-22,121179.16,121182.79,121783.45,121048.24
2021-02-23,121322.45,121694.15,122612.45,121011.45
2021-02-24,120968.99,121678.5,122044.14,120138.6
2021-02-25,120578.83,120309.25,120920.48,120395.03
2021-02-26,121440.97,121988.58,121762.62,121199.2
2021-03-01,122077.49,121611.65,122478.15,121207.47
2021-03-02,121837.88,121360.51,122199.25,121360.12
2021-03-03,123384.25,123326.07,124063.08,122515.97
2021-03-04,123785.79,123996.65,125102.1,122701.03
2021-03-05,123276.53,123368.87,123725.15,123124.85
2021-03-08,124065.77,123764.6,124326.82,123250.51
2021-03-09,125081.01,125338.15,125422.64,125031.64
2021-03-10,124101.7,123860.9,124443.31,123675.6
2021-03-11,124218.4,123934.52,124265.55,124084.92
2021-03-12,124153.02,124174.95,124458.1,123111.69
2021-03-15,127062.99,127423.5,127418.4,126091.84
2021-03-16,127966.4,128090.17,128335.89,127640.6
2021-03-17,127572.73,127928.68,127736.73,126236.37
2021-03-18,128092.54,128275.57,128424.71,127457.09
2021-03-19,130480.66,129694.76,131410.89,129993.66
2021-03-22,129156.46,129028.27,130054.81,128972.54
2021-03-23,130200.34,129821.36,130952.26,129711.78
2021-03-24,131442.03,131196.41,131635.16,130832.63
2021-03-25,131055.51,131253.35,131711.04,131026.08
2021-03-26,132380.95,132218.68,133036.92,131879.89
2021-03-29,132059.55,132303.17,132225.24,131675.53
2021-03-30,132572.9,132056.21,133204.54,132056.33
2021-03-31,133597.62,133290.25,134270.35,133004.88
2021-04-01,133195.56,133210.26,133707.02,133052.67
2021-04-02,133129.87,132980.25,133289.95,133042.79
2021-04-05,134264.43,134355.04,134568.63,133425.44
2021-04-06,133864.41,134424.24,134597.96,132402.73
2021-04-07,132000.49,131780.9,132201.78,131770.39
2021-04-08,130577.83,129887.14,130971.24,128988.5
2021-04-09,132352.03,132117.14,133209.06,131727.08
2021-04-12,132479.17,132855.67,133435.94,132203.14
2021-04-13,133520.56,134393.74,135357.24,133172.36
2021-04-14,133124.59,132953.78,133295.42,132304.33
2021-04-15,130682.67,131082.49,131146.78,129691.36
2021-04-16,130038.1,130135.45,130369.03,128632.39
2021-04-19,128707.54,128880.55,129224.14,127968.22
2021-04-20,128793.01,128694.75,128819.02,128400.78
2021-04-21,129991.11,129828.86,130061.94,129951.32
2021-04-22,129932.01,130364.83,131337.58,129539.14
2021-04-23,128215.72,128135.68,128558.1,127484.29
2021-04-26,127734.95,127716.26,128602.3,126951.95
2021-04-27,128000.1,127910.91,129117.87,127775.81
2021-04-28,128101.03,128629.63,128549.61,127381.48
2021-04-29,127572.67,127344.5,128316.22,127545.69
2021-04-30,127363.03,127572.0,127606.06,126373.34
2021-05-03,128558.0,128590.65,129421.18,126980.55
2021-05-04,128971.34,128952.86,129417.21,128628.74
2021-05-05,127678.78,128257.14,128107.48,127524.75
2021-05-06,126279.07,126672.31,126659.59,125437.94
2021-05-07,126909.12,126524.36,127902.75,126364.0
2021-05-10,127895.04,128037.92,128141.19,127211.13
2021-05-11,129367.22,128763.03,129418.59,128893.65
2021-05-12,129812.72,130105.24,130091.16,129241.03
2021-05-13,130379.9,130096.81,130420.84,129710.57
2021-05-14,130779.28,130440.76,130983.01,130293.48
2021-05-17,130496.57,130479.82,130644.88,129678.65
2021-05-18,129171.63,128869.08,129263.8,128807.37
2021-05-19,130179.27,129698.7,131376.24,129502.01
2021-05-20,129702.62,129747.58,129870.39,129656.65
2021-05-21,131082.33,130388.81,131618.58,130400.29
2021-05-24,130721.34,130580.58,131549.61,130666.7
2021-05-25,129560.46,129359.87,129897.73,129113.19
2021-05-26,130065.49,129946.68,130408.52,129595.01
2021-05-27,129979.0,130434.95,130409.7,129731.25
2021-05-28,128780.09,128334.17,129260.35,128102.66
2021-05-31,126804.81,127187.03,127373.64,126641.58
2021-06-01,127354.27,127452.59,128271.63,127201.19
2021-06-02,126783.33,126633.61,126963.45,126190.86
2021-06-03,127242.2,127236.5,127878.3,126759.81
2021-06-04,127606.78,128264.8,127975.5,126433.46
2021-06-07,128349.17,128590.31,128483.14,128151.45
2021-06-08,128243.93,127720.99,128270.03,128171.27
2021-06-09,128605.87,129252.02,128827.75,127665.59
2021-06-10,127818.48,127199.66,128552.03,127638.75
2021-06-11,129511.5,130081.61,129626.97,128918.06
2021-06-14,129087.79,129150.05,129463.18,127648.77
2021-06-15,130550.24,130918.45,131012.04,129540.23
2021-06-16,130829.94,130912.28,131735.36,130400.09
2021-06-17,131795.06,131196.06,132328.09,131366.82
2021-06-18,133748.69,134049.87,133889.47,133587.96
2021-06-21,133003.83,132920.75,133813.61,132499.71
2021-06-22,134236.49,134197.25,135219.04,134077.73
2021-06-23,133774.85,134191.13,134040.16,133744.1
2021-06-24,134358.69,135048.8,134566.09,134000.46
2021-06-25,134187.25,134016.65,134661.51,133495.45
2021-06-28,134606.33,134028.65,135632.31,133967.38
2021-06-29,133280.73,133318.45,134697.4,132346.99
2021-06-30,134118.3,133287.0,134352.06,134013.14
2021-07-01,133207.02,132971.19,133769.66,131723.69
2021-07-02,133814.36,134276.08,134516.86,132877.74
2021-07-05,134002.83,134197.74,134396.4,133203.41
2021-07-06,133837.48,134143.68,135232.75,133034.2
2021-07-07,135022.51,135535.17,135313.99,134847.34
2021-07-08,136602.07,137152.96,137292.32,136210.58
2021-07-09,138603.85,138695.79,139019.27,138549.05
2021-07-12,135409.12,135760.62,136128.79,134634.42
2021-07-13,136925.1,136939.77,137813.57,136688.83
2021-07-14,137228.39,137149.78,137550.6,137078.66
2021-07-15,137278.73,137481.1,137587.5,137194.24
2021-07-16,139788.73,139569.16,140556.34,139444.24
2021-07-19,141902.0,141716.41,141926.79,141425.37
2021-07-20,144141.66,144498.58,144413.44,143568.67
2021-07-21,143727.62,144388.49,144950.14,143437.13
2021-07-22,145078.62,144930.52,145120.91,144466.4
2021-07-23,142736.53,143245.0,143550.48,141955.3
2021-07-26,141742.96,142300.37,142204.76,141461.51
2021-07-27,141383.47,141833.34,142053.21,140787.8
2021-07-28,141254.12,141408.14,141432.09,140316.08
2021-07-29,140170.11,139779.65,141052.87,139868.81
2021-07-30,142352.26,143146.52,142543.6,142329.11
2021-08-02,142455.25,142276.18,142898.39,141444.84
2021-08-03,141230.41,141411.26,141719.84,140967.33
2021-08-04,139882.19,139164.92,140174.94,139841.77
2021-08-05,140256.99,140085.01,140365.42,140155.33
2021-08-06,140008.3,139583.01,140417.76,139645.15
2021-08-09,140795.55,140403.85,142300.46,140699.1
2021-08-10,140257.06,140580.56,141158.19,140172.27
2021-08-11,141124.9,141207.57,141376.62,140993.27
2021-08-12,142739.79,143105.84,143469.27,142333.31
2021-08-13,141904.34,141888.23,142472.1,141056.65
2021-08-16,143011.94,142260.0,143427.72,142537.17
2021-08-17,143518.22,142963.33,144498.64,142231.29
2021-08-18,144162.82,143940.26,145204.58,143478.6
2021-08-19,142738.63,142366.59,143535.64,141770.6
2021-08-20,144280.78,144498.72,145358.61,143768.27
2021-08-23,145981.45,145066.88,146689.67,145739.13
2021-08-24,144080.9,143593.27,144471.04,143540.04
2021-08-25,145144.03,145338.1,146191.13,144725.81
2021-08-26,150755.43,151267.5,151163.25,150579.81
2021-08-27,150867.73,151463.4,151021.05,150240.9
2021-08-30,152645.25,152235.07,153545.58,151833.37
2021-08-31,152983.98,153114.78,153211.82,152315.53
2021-09-01,151005.2,150749.79,151336.85,150659.56
2021-09-02,152622.4,152703.8,152882.0,152116.62
2021-09-03,153906.95,154359.93,153938.55,153564.36
2021-09-06,153871.73,153728.97,154713.31,153629.92
2021-09-07,153643.42,153795.69,153854.12,153123.28
2021-09-08,151226.83,152207.58,151602.05,150935.06
2021-09-09,153507.79,153786.57,153520.06,153367.41
2021-09-10,156563.52,156575.45,157569.29,155061.45
2021-09-13,156121.58,156429.42,156900.36,154195.18
2021-09-14,156784.78,157187.87,156853.24,156027.59
2021-09-15,154023.13,152915.16,154053.1,153618.56
2021-09-16,153560.62,153381.76,154284.88,152508.73
2021-09-17,154363.78,155107.06,154651.9,153840.67
2021-09-20,153589.45,153253.95,153888.24,153359.94
2021-09-21,152843.1,152914.39,153679.83,152407.48
2021-09-22,152031.24,151312.66,152731.99,151762.47
2021-09-23,152244.26,151676.42,153863.47,152098.63
2021-09-24,155242.66,154796.36,155475.22,153965.74
2021-09-27,156697.97,156838.14,158053.26,156504.65
2021-09-28,156173.42,156059.45,157322.21,155801.97
2021-09-29,157026.0,156912.55,158288.0,156812.5
2021-09-30,159616.21,159526.04,160216.92,158504.41
2021-10-01,159305.4,159038.02,159447.1,158934.12
2021-10-04,159004.75,158975.9,159621.16,158281.44
2021-10-05,160434.35,160692.24,162735.09,159959.64
2021-10-06,160534.37,160975.28,161232.47,160440.79
2021-10-07,161452.09,160949.23,161618.36,159647.75
2021-10-08,161622.34,162229.01,162459.69,161363.35
2021-10-11,161434.26,161002.97,161438.35,160739.2
2021-10-12,165898.34,165957.99,166544.84,164935.5
2021-10-13,164729.67,164013.56,165902.39,162159.65
2021-10-14,164278.14,164007.06,164885.73,163843.52
2021-10-15,165250.38,163962.49,165837.33,164127.3
2021-10-18,166594.8,166035.41,167991.08,166214.18
2021-10-19,166573.01,165968.98,168532.14,165634.21
2021-10-20,166231.57,166621.41,167106.16,166222.68
2021-10-21,166362.87,166304.77,166772.95,165060.59
2021-10-22,165979.67,166603.6,166151.28,165670.99
2021-10-25,166864.88,166552.56,167422.34,166498.8
2021-10-26,165106.32,164639.55,165833.27,163737.89
2021-10-27,164721.49,165206.84,165164.63,164565.69
2021-10-28,165471.33,165554.72,165769.76,165354.8
2021-10-29,166479.53,166978.56,167042.35,165877.01
2021-11-01,166500.36,166287.22,166884.63,166427.47
2021-11-02,167728.34,167777.86,168242.99,166609.96
2021-11-03,164340.45,164586.85,165437.68,164214.31
2021-11-04,164381.45,164647.34,165206.81,163224.01
2021-11-05,163346.06,163639.01,163729.59,162659.18
2021-11-08,164304.24,163727.26,165134.84,164083.71
2021-11-09,165114.85,165464.48,165256.39,163853.1
2021-11-10,167743.88,168827.85,169113.19,167624.27
2021-11-11,166560.35,166830.75,167328.51,166540.5
2021-11-12,164008.28,164509.21,164183.24,162405.52
2021-11-15,166113.69,166283.97,166760.75,165869.99
2021-11-16,166229.96,165323.82,166255.56,165177.68
2021-11-17,165777.18,165674.51,165900.4,165197.49
2021-11-18,166992.41,166870.96,167628.2,166829.04
2021-11-19,164288.12,164353.91,164949.65,163840.51
2021-11-22,163475.87,163151.4,164402.15,163104.52
2021-11-23,163612.34,162866.39,163939.01,162787.93
2021-11-24,163596.68,163461.28,164268.4,162116.52
2021-11-25,163863.35,163603.73,163962.3,163490.11
2021-11-26,165026.83,165397.73,165181.28,164699.94
2021-11-29,165182.09,165630.28,166674.86,165180.16
2021-11-30,164155.49,164237.6,164466.87,163730.98
2021-12-01,163228.67,164238.51,164098.86,163146.39
2021-12-02,163896.29,163804.71,165074.34,163243.03
2021-12-03,165922.88,165658.18,167598.95,165581.97
2021-12-06,165720.81,166768.91,166050.25,165562.25
2021-12-07,168480.9,168705.03,168610.63,167415.16
2021-12-08,167946.26,167670.5,169111.94,167186.95
2021-12-09,167408.45,167356.37,167824.25,166745.91
2021-12-10,167516.7,167411.29,168863.42,165799.9
2021-12-13,171024.95,170541.47,171565.43,170934.9
2021-12-14,170128.2,171024.51,171443.06,169963.03
2021-12-15,168899.64,168799.09,169788.9,167038.15
2021-12-16,170558.68,171025.3,171533.97,170430.31
2021-12-17,171539.1,171148.84,171806.1,170043.74
2021-12-20,170102.51,170417.11,170781.98,169944.62
2021-12-21,170857.26,171559.85,171068.06,170161.96
2021-12-22,172371.41,172543.35,172927.2,171480.51
2021-12-23,172507.5,173179.8,173334.09,171374.76
2021-12-24,173434.41,173522.93,173517.75,173057.38
2021-12-27,173887.59,174215.24,175024.92,173270.3
2021-12-28,173656.81,173602.95,175709.71,172744.01
2021-12-29,172703.72,172762.52,173255.83,172209.96
2021-12-30,173290.37,173193.25,173352.78,172225.63
2021-12-31,173550.57,173428.89,175164.33,173465.22
2022-01-03,172587.35,172963.99,173586.5,172552.54
2022-01-04,173487.37,173725.85,174698.7,173164.15
2022-01-05,172809.35,173260.43,173283.01,171735.75
2022-01-06,173282.5,173488.85,173345.48,172869.38
2022-01-07,176249.79,177058.19,176598.64,175369.66
2022-01-10,174823.01,175044.82,176022.07,173768.05
2022-01-11,174576.95,174399.0,174876.41,173944.09
2022-01-12,175134.48,175050.05,176292.13,174984.84
2022-01-13,174629.0,174240.06,175299.6,174494.2
2022-01-14,175781.95,175330.62,177115.22,175347.37
2022-01-17,174716.38,175504.15,176391.33,174181.68
2022-01-18,172229.95,172872.76,173491.41,171101.62
2022-01-19,170638.64,171202.63,171374.09,169341.86
2022-01-20,169942.8,169022.61,170423.41,169039.27
2022-01-21,172112.17,171996.83,172235.06,170789.09
2022-01-24,172927.85,172856.29,174100.57,172304.45
2022-01-25,170365.55,170705.34,172974.34,169770.37
2022-01-26,168601.11,168285.2,168953.63,167899.25
2022-01-27,168791.33,169274.68,169539.8,168375.57
2022-01-28,170112.13,169757.13,171510.76,169266.34
2022-01-31,168719.48,169521.35,170269.85,168047.66
2022-02-01,169286.77,170599.18,169698.34,168705.54
2022-02-02,168454.97,168027.87,169631.96,166675.99
2022-02-03,168540.66,168312.32,168672.7,168182.69
2022-02-04,168446.01,168617.96,168452.8,166901.58
2022-02-07,170987.27,171178.42,171884.91,170579.23
2022-02-08,169950.58,170080.81,170213.85,169586.02
2022-02-09,169293.5,169485.54,171030.69,169026.01
2022-02-10,171290.95,171146.65,171504.36,170456.44
2022-02-11,170869.35,170647.09,171655.45,170461.1
2022-02-14,172282.26,172331.81,172284.86,171410.95
2022-02-15,170585.14,171031.95,170887.32,170331.76
2022-02-16,169006.61,168452.95,170025.7,168591.71
2022-02-17,169681.17,169240.98,171382.42,169105.42
2022-02-18,169786.25,169234.99,170750.99,168803.66
2022-02-21,167864.16,167592.78,168824.18,167754.8
2022-02-22,167908.38,168186.16,168967.98,166963.95
2022-02-23,170061.81,170129.46,171581.76,169894.77
2022-02-24,171240.26,170883.37,172393.28,170969.79
2022-02-25,172666.98,172757.29,173097.2,172050.91
2022-02-28,171592.46,171846.59,173358.41,170071.71
2022-03-01,172190.8,171905.95,172965.5,172172.31
2022-03-02,173329.49,173258.88,174423.72,173138.97
2022-03-03,172291.22,172190.35,172933.21,171734.55
2022-03-04,173080.69,171882.7,173267.01,171583.16
2022-03-07,171342.05,171699.8,172211.4,170972.77
2022-03-08,171816.63,171898.75,172440.47,170764.77
2022-03-09,171253.91,171757.77,172592.16,170567.74
2022-03-10,174330.88,174410.57,174922.96,173683.12
2022-03-11,173735.53,174353.85,174894.2,172867.07
2022-03-14,173812.44,173284.91,173836.05,173729.37
2022-03-15,172517.18,172861.85,173220.41,171229.2
2022-03-16,174684.02,174485.61,175309.08,173984.37
2022-03-17,172653.99,172783.16,173023.78,172622.6
2022-03-18,171930.79,172170.58,172345.04,171785.34
2022-03-21,169282.01,169134.4,170828.91,168599.37
2022-03-22,167425.52,167768.89,167887.26,167286.24
2022-03-23,168516.9,168274.0,169194.43,167711.97
2022-03-24,169295.72,169471.61,170058.35,168760.97
2022-03-25,170633.79,170495.73,170867.97,169881.22
2022-03-28,171929.71,171889.74,173985.97,170125.0
2022-03-29,172577.18,173026.31,172942.36,171519.76
2022-03-30,172855.83,172261.18,173846.41,171761.5
2022-03-31,169143.78,168715.38,169440.05,168536.2
2022-04-01,169203.04,169427.56,171499.04,168713.7
2022-04-04,168135.55,168546.21,169248.59,167480.11
2022-04-05,169017.53,168800.14,169490.55,168429.6
2022-04-06,170039.45,170443.94,170744.22,169086.54
2022-04-07,169503.15,170233.82,170476.57,168959.18
2022-04-08,168372.44,169459.71,168769.79,167844.73
2022-04-11,170022.03,169990.66,170718.59,169478.32
2022-04-12,169978.01,170520.33,170245.06,169135.49
2022-04-13,168935.31,169275.21,169903.38,168509.5
2022-04-14,170427.27,170730.18,170977.23,168772.31
2022-04-15,171203.98,171042.73,171403.92,170113.39
2022-04-18,173291.71,172588.67,174315.39,173031.5
2022-04-19,172611.28,172767.76,173411.25,172500.3
2022-04-20,173308.0,173067.87,173427.69,172260.71
2022-04-21,174126.45,173712.07,174765.08,172648.8
2022-04-22,175240.35,175073.66,176074.56,174086.83
2022-04-25,172275.28,173091.86,173027.54,172264.86
2022-04-26,170553.62,170974.98,170685.66,168769.86
2022-04-27,172109.44,171845.92,172660.55,171655.36
2022-04-28,174398.43,175433.02,174598.29,173125.62
2022-04-29,174407.8,174324.16,175986.25,173542.18
2022-05-02,174465.36,174300.61,175411.32,173623.06
2022-05-03,176676.92,176942.71,177494.51,175708.66
2022-05-04,176688.9,176715.46,177968.45,174143.8
2022-05-05,177476.78,177897.99,177610.34,177401.68
2022-05-06,175915.25,175098.83,175934.0,174448.91
2022-05-09,174530.87,173747.26,176551.89,173823.03
2022-05-10,173385.91,173952.03,174913.95,173212.28
2022-05-11,174489.1,173878.56,175547.52,173513.05
2022-05-12,175253.51,174706.68,175281.37,174251.46
2022-05-13,178339.98,178048.53,178983.3,177162.61
2022-05-16,178169.59,178279.75,178505.15,177980.71
2022-05-17,177110.35,177042.85,178148.09,176161.74
2022-05-18,177769.48,178319.15,178169.89,177231.14
2022-05-19,179589.02,179369.5,180642.86,179393.51
2022-05-20,176288.6,174645.62,176733.09,175021.88
2022-05-23,178646.28,178620.75,178917.78,177426.25
2022-05-24,177596.09,177263.21,178132.6,177005.76
2022-05-25,176944.1,176666.39,178368.77,175981.71
2022-05-26,176751.64,176258.53,177428.43,176211.69
2022-05-27,176139.25,175500.01,176468.09,175084.88
2022-05-30,175288.99,175736.09,175456.41,174550.79
2022-05-31,173851.73,174661.01,174303.31,173393.81
2022-06-01,175721.72,176554.97,176661.56,173963.18
2022-06-02,176035.5,175510.33,176833.86,175979.57
2022-06-03,176538.44,176278.01,176935.44,176173.36
2022-06-06,176697.77,176480.27,176808.58,176690.9
2022-06-07,174996.71,175346.36,175043.53,172434.68
2022-06-08,177048.39,177640.79,177880.63,176896.37
2022-06-09,177255.71,177576.12,179307.62,177061.7
2022-06-10,177171.56,178239.89,178971.52,176667.75
2022-06-13,175809.79,175809.58,176266.15,175081.36
2022-06-14,176571.01,176802.39,176855.07,175789.79
2022-06-15,177395.59,177192.62,179782.19,177360.27
2022-06-16,174806.43,174270.5,175703.82,174385.15
2022-06-17,176711.56,176452.6,177217.89,175462.93
2022-06-20,178038.23,177758.11,178585.7,177890.36
2022-06-21,179890.97,180702.14,180860.21,178831.42
2022-06-22,180497.05,179652.77,181227.11,179666.27
2022-06-23,178857.43,178871.22,179493.54,178833.3
2022-06-24,179093.82,178450.81,179470.37,179037.88
2022-06-27,180170.76,180400.3,181130.61,177916.59
2022-06-28,180434.13,180621.04,181222.9,179759.32
2022-06-29,181204.02,180745.3,181985.82,180053.75
2022-06-30,181116.91,181649.66,181271.63,180786.01
2022-07-01,180994.96,181035.23,181459.75,180679.74
2022-07-04,183472.95,183346.69,184759.25,181596.16
2022-07-05,187029.85,186649.19,188267.78,186852.47
2022-07-06,186220.83,186351.04,186510.11,185274.21
2022-07-07,184699.11,184293.64,185493.81,184483.68
2022-07-08,189135.94,189468.5,189205.44,188249.37
2022-07-11,189495.79,189494.75,190664.32,188104.95
2022-07-12,188898.05,188496.5,190083.62,188466.04
2022-07-13,186155.13,186455.14,187848.46,184727.77
2022-07-14,190352.04,190365.2,191399.93,189710.34
2022-07-15,190672.62,191954.71,190739.51,188358.77
2022-07-18,192058.43,191647.53,192081.14,190558.18
2022-07-19,193997.23,193994.23,195193.39,192803.52
2022-07-20,194485.02,194760.05,195376.46,194396.86
2022-07-21,195417.38,195090.12,195694.45,195185.41
2022-07-22,197523.45,198055.76,199405.16,197321.13
2022-07-25,196985.87,196856.39,197466.93,195253.78
2022-07-26,197277.44,197977.93,198738.75,197068.09
2022-07-27,201741.43,201476.19,201988.6,201601.49
2022-07-28,201283.5,201505.15,202799.69,199403.85
2022-07-29,199644.22,200549.54,200202.66,198510.5
2022-08-01,199645.43,199220.84,200040.91,197350.15
2022-08-02,201886.43,202711.21,202576.87,201071.63
2022-08-03,199087.14,198823.91,200248.16,198025.57
2022-08-04,200473.0,200110.08,201984.71,199769.85
2022-08-05,198593.86,198336.58,200715.01,197450.97
2022-08-08,199510.12,198738.04,201163.14,196958.12
2022-08-09,198469.23,199488.54,199388.83,195829.99
2022-08-10,195964.4,195830.79,196821.52,194559.39
2022-08-11,195719.48,195130.23,196171.36,193772.11
2022-08-12,194256.75,193991.07,195451.43,193625.23
2022-08-15,192847.2,193125.04,194689.05,192680.33
2022-08-16,193484.11,193739.33,193619.42,192324.59
2022-08-17,194694.29,193825.41,196106.61,192848.49
2022-08-18,195017.96,196065.3,195085.05,194886.24
2022-08-19,198961.08,199293.44,199128.39,198295.79
2022-08-22,198885.55,198396.08,199185.92,198828.52
2022-08-23,197199.21,197151.66,197272.09,196929.28
2022-08-24,194285.86,194179.82,194294.56,193330.52
2022-08-25,194209.83,193802.0,194640.16,193688.37
2022-08-26,196317.65,195847.59,196711.08,195739.23
2022-08-29,197100.59,198143.78,197218.79,195885.17
2022-08-30,195296.6,194750.8,195615.45,194333.07
2022-08-31,195211.0,195420.53,195605.33,195003.12
2022-09-01,193580.66,193277.5,194617.6,192135.04
2022-09-02,193687.58,193151.82,194260.72,192896.79
2022-09-05,194363.75,194512.66,194925.51,193534.81
2022-09-06,196446.0,196567.1,196611.21,196202.61
2022-09-07,195758.41,195242.41,197159.07,194600.72
2022-09-08,195497.11,195826.78,196146.7,195135.28
2022-09-09,195615.29,195654.6,196580.93,194029.58
2022-09-12,195273.7,195128.55,195448.67,194037.63
2022-09-13,193373.93,192759.47,193633.38,192357.36
2022-09-14,192526.91,192348.76,192749.42,192035.55
2022-09-15,188837.24,187491.8,189934.28,187728.62
2022-09-16,186778.7,186530.59,186807.66,185774.75
2022-09-19,185640.21,186209.77,187037.44,184575.77
2022-09-20,185922.05,185716.34,186599.77,185862.19
2022-09-21,182279.3,182306.33,182913.1,182140.86
2022-09-22,180886.85,181180.33,181285.22,180150.14
2022-09-23,179293.24,179616.52,179619.19,179279.46
2022-09-26,183586.79,183630.82,184504.62,182277.77
2022-09-27,184485.78,184282.51,184688.29,184422.73
2022-09-28,185307.41,184884.11,185518.56,183890.33
2022-09-29,187015.07,186726.52,187450.76,186865.62
2022-09-30,185863.49,185512.4,186003.23,185126.61
2022-10-03,187577.2,186915.35,188209.09,186218.68
2022-10-04,188150.55,189109.65,189360.88,186793.07
2022-10-05,188501.14,188797.65,188587.39,186984.12
2022-10-06,189791.7,189708.15,190752.93,188754.81
2022-10-07,191963.07,192701.89,193389.92,191289.65
2022-10-10,188883.1,188633.74,189627.21,188293.55
2022-10-11,188850.28,188531.06,189781.28,188148.33
2022-10-12,193783.67,194743.58,194768.2,193458.41
2022-10-13,196168.1,196237.36,196723.92,195884.41
2022-10-14,196760.0,197013.59,196784.19,196021.03
2022-10-17,195858.52,195923.55,197222.38,195614.89
2022-10-18,194817.32,195092.42,195611.13,194550.87
2022-10-19,198279.25,198419.7,199377.53,197654.54
2022-10-20,199185.67,198849.09,199592.16,199033.69
2022-10-21,197665.57,197207.51,198274.58,196139.56
2022-10-24,199099.27,199970.77,199157.07,197621.36
2022-10-25,198357.92,198582.93,198700.73,197686.04
2022-10-26,197107.97,197461.85,197296.32,197103.25
2022-10-27,196408.26,196569.22,196737.23,195963.84
2022-10-28,195078.55,195651.25,195420.12,194646.79
2022-10-31,192391.02,192886.23,193521.9,190993.92
2022-11-01,193673.87,192730.98,194715.64,191995.29
2022-11-02,193807.85,193826.08,193938.81,193413.34
2022-11-03,190328.93,190646.56,190538.59,189491.07
2022-11-04,185091.75,184778.28,186931.93,184310.01
2022-11-07,186112.62,186463.48,186993.81,185171.41
2022-11-08,188614.72,187969.6,188811.67,187723.28
2022-11-09,193057.01,193302.21,193231.78,192010.96
2022-11-10,192864.47,192842.3,193164.09,191994.44
2022-11-11,193332.89,193136.82,194225.95,192751.99
2022-11-14,191460.37,192156.51,192228.2,190831.76
2022-11-15,188508.54,187555.72,189087.05,187789.98
2022-11-16,188863.3,189154.46,189460.64,188583.69
2022-11-17,187836.29,187469.62,188213.24,187593.23
2022-11-18,188236.28,187965.23,188743.0,186875.6
2022-11-21,188960.57,189126.41,189482.55,187520.47
2022-11-22,186635.69,186598.31,187384.84,186482.67
2022-11-23,188485.34,189539.16,188550.05,187991.52
2022-11-24,189619.27,189966.45,191148.79,188801.7
2022-11-25,192627.97,192833.53,192667.34,192037.56
2022-11-28,194154.51,194323.13,194478.71,193206.66
2022-11-29,193018.88,192742.48,193205.34,191936.16
2022-11-30,192192.98,193497.31,192286.72,190748.23
2022-12-01,192150.06,192956.45,193574.46,190908.86
2022-12-02,190230.19,189810.75,190976.23,190150.24
2022-12-05,191570.7,191706.57,192747.11,189723.61
2022-12-06,191897.86,191587.69,192977.72,191840.87
2022-12-07,195486.84,194695.73,195652.77,194764.67
2022-12-08,194702.57,195706.34,195424.78,194598.38
2022-12-09,193964.68,192839.07,196107.64,193662.32
2022-12-12,196994.87,197567.52,197934.32,195375.14
2022-12-13,198562.01,198779.25,198879.46,197037.98
2022-12-14,196529.65,195269.45,197421.33,194443.0
2022-12-15,195164.31,195280.61,195655.0,194424.3
2022-12-16,196254.84,195824.45,196274.33,195646.91
2022-12-19,195556.75,195319.61,196402.37,194939.58
2022-12-20,195371.63,194891.03,197271.05,193763.84
2022-12-21,194765.18,194800.18,197702.08,193832.39
2022-12-22,199068.18,199182.55,199266.81,198771.53
2022-12-23,196909.85,197291.17,197431.09,196768.52
2022-12-26,194830.05,195181.56,195287.86,193403.47
2022-12-27,194692.98,195331.75,194742.44,193784.98
2022-12-28,195565.43,196137.16,196714.33,195032.97
2022-12-29,194955.53,194840.59,195209.12,194470.37
2022-12-30,192243.93,192640.02,192496.64,191210.46
2023-01-02,191887.37,191613.54,192822.16,190510.38
2023-01-03,190371.92,190705.39,190810.01,188104.45
2023-01-04,192504.0,193165.9,194008.55,192493.14
2023-01-05,194419.56,193903.18,194772.02,193821.53
2023-01-06,193228.81,193603.83,193394.93,192696.1
2023-01-09,192726.13,192600.9,193082.62,192574.44
2023-01-10,194433.51,194598.72,195306.32,193798.07
2023-01-11,196528.52,197218.6,196998.24,195464.83
2023-01-12,195106.96,194900.56,195992.97,194492.84
2023-01-13,197753.51,197610.1,197897.36,197475.35
2023-01-16,199578.37,200872.56,199848.4,199206.97
2023-01-17,203385.07,202159.34,206063.84,202818.17
2023-01-18,205224.07,206525.41,205873.24,204865.8
2023-01-19,202323.11,203651.9,203809.93,200503.17
2023-01-20,202620.84,201791.59,203175.49,202085.6
2023-01-23,203285.54,204420.86,203310.74,203140.9
2023-01-24,204125.13,204063.07,205576.34,202820.99
2023-01-25,205604.23,205141.7,206665.92,205152.46
2023-01-26,205221.77,205447.93,205535.77,203063.43
2023-01-27,205783.05,205027.87,206273.04,205726.04
2023-01-30,205433.16,205608.07,207750.41,204441.69
2023-01-31,201947.31,202648.48,202180.67,201506.13
2023-02-01,201497.19,201699.43,201990.13,201142.51
2023-02-02,199637.64,200795.01,200495.26,198931.87
2023-02-03,200687.44,200819.4,200948.27,200197.78
2023-02-06,204639.42,204156.88,205618.33,204276.07
2023-02-07,204887.94,205553.78,206769.06,204168.53
2023-02-08,204928.05,204626.84,205853.24,204177.67
2023-02-09,204860.35,204868.81,204926.1,204618.03
2023-02-10,204568.82,204765.89,205119.13,204199.38
2023-02-13,204460.35,205047.33,204506.77,203436.0
2023-02-14,204505.39,203710.69,206132.32,203906.91
2023-02-15,206322.46,207063.04,206883.25,204648.65
2023-02-16,206295.74,205791.66,206765.4,206055.55
2023-02-17,205845.9,206770.81,206388.1,205335.18
2023-02-20,204186.04,203695.54,204605.5,203137.39
2023-02-21,203527.48,204825.59,205018.46,203148.2
2023-02-22,204096.67,203501.0,204164.2,201544.63
2023-02-23,206234.3,206014.7,206351.75,205665.6
2023-02-24,206691.32,207256.78,207174.64,206605.99
2023-02-27,207530.46,208244.86,208063.81,206931.5
2023-02-28,208014.08,207970.18,208844.72,207921.07
2023-03-01,205416.68,206256.49,207048.27,205093.14
2023-03-02,204998.95,205103.24,205006.4,203139.83
2023-03-03,206326.6,206885.11,207505.67,205343.98
2023-03-06,207491.29,207498.83,208663.24,206808.84
2023-03-07,208067.26,208282.35,208266.85,207962.14
2023-03-08,207634.74,207686.7,207914.7,207307.14
2023-03-09,209400.71,208231.27,209460.48,209125.06
2023-03-10,208665.4,208640.93,210750.07,207814.82
2023-03-13,212088.99,211666.12,213485.44,211860.27
2023-03-14,212292.64,213235.77,213837.83,211786.34
2023-03-15,214293.81,213685.05,214756.11,212966.6
2023-03-16,213196.55,212511.92,213444.66,211095.57
2023-03-17,213056.59,213524.7,213140.59,210653.52
2023-03-20,214209.76,213861.7,214438.62,213793.7
2023-03-21,214193.23,213939.73,214885.65,213945.81
2023-03-22,213162.71,212552.21,214686.38,211398.68
2023-03-23,217318.57,217442.47,218127.44,216044.21
2023-03-24,218308.57,218349.61,220772.12,217462.55
2023-03-27,219750.25,219488.46,220592.1,219529.72
2023-03-28,217677.09,217828.37,217753.09,216439.34
2023-03-29,217320.21,216696.9,218352.84,215013.5
2023-03-30,216573.16,215468.48,216665.25,216002.4
2023-03-31,215967.98,214687.46,216815.63,215452.62
2023-04-03,214791.28,214706.15,215475.21,212663.95
2023-04-04,216814.88,216471.09,217781.51,216788.49
2023-04-05,216382.75,216091.01,217010.84,216250.26
2023-04-06,219710.17,220280.52,220185.95,217210.23
2023-04-07,220591.07,220239.41,222068.46,220063.44
2023-04-10,220265.11,221016.78,221471.53,220206.12
2023-04-11,219550.12,219575.04,219916.25,219004.48
2023-04-12,215510.23,215831.69,216250.29,213835.56
2023-04-13,217106.72,217500.64,217474.82,216795.06
2023-04-14,213328.94,213071.74,214747.02,212264.68
2023-04-17,214326.64,213622.74,215611.74,213841.99
2023-04-18,214425.02,212307.25,215149.49,213690.87
2023-04-19,214488.95,213226.93,215517.65,213910.28
2023-04-20,215999.51,216200.2,216424.63,214329.97
2023-04-21,217467.26,218100.13,217832.52,215623.37
2023-04-24,216446.3,215410.24,217648.5,215724.54
2023-04-25,218827.31,218935.42,220105.52,218632.59
2023-04-26,218191.61,217927.24,218220.14,216752.82
2023-04-27,218676.47,219080.21,219208.45,217453.85
2023-04-28,219533.49,219945.19,219799.41,218210.84
2023-05-01,221319.03,221057.12,222482.11,221249.67
2023-05-02,222832.76,222924.27,224367.67,222603.21
2023-05-03,224685.04,224920.04,224793.09,223999.38
2023-05-04,225704.23,225562.77,225742.47,224787.36
2023-05-05,223269.45,221604.77,224749.55,222537.22
2023-05-08,223079.13,223087.52,224995.11,222439.34
2023-05-09,224939.16,224369.49,225178.01,224848.19
2023-05-10,220953.71,220377.97,221538.88,219807.67
2023-05-11,220051.41,219964.93,221914.34,219870.3
2023-05-12,217907.16,218162.21,219170.54,217552.63
2023-05-15,220683.06,219737.91,220809.12,220298.6
2023-05-16,222117.34,222356.17,222417.43,221055.81
2023-05-17,221435.24,221445.7,223465.29,221064.46
2023-05-18,224706.78,225211.56,224884.64,224364.26
2023-05-19,224734.77,224304.46,224963.24,223253.59
2023-05-22,227790.93,227647.64,227877.6,225825.12
2023-05-23,227460.28,227461.53,228016.51,227070.33
2023-05-24,227250.25,226557.14,227450.19,226884.6
2023-05-25,226288.93,226301.46,226847.12,226162.19
2023-05-26,229365.45,228831.47,229407.7,228727.78
2023-05-29,230894.06,230343.31,232408.04,230810.38
2023-05-30,231085.78,230496.5,232153.67,229012.58
2023-05-31,231750.24,231581.49,231895.45,231701.84
2023-06-01,233220.55,233183.4,234659.27,232802.95
2023-06-02,234106.71,235171.46,235280.29,233836.43
2023-06-05,240893.94,241279.6,241644.48,240106.6
2023-06-06,242780.65,242682.54,245172.32,241828.66
2023-06-07,244861.87,244209.91,245322.63,242801.28
2023-06-08,244439.29,243707.6,244742.43,244387.73
2023-06-09,244027.97,244622.07,245249.56,243516.85
2023-06-12,243879.17,244225.56,244648.65,243668.78
2023-06-13,240869.43,241299.41,241934.53,239182.48
2023-06-14,241661.08,242182.66,241809.96,240659.44
2023-06-15,241169.65,242541.55,241325.54,240966.19
2023-06-16,239451.97,240361.3,239476.25,239404.06
2023-06-19,239840.57,240478.57,239939.06,238820.04
2023-06-20,241213.79,240514.09,241405.42,240557.09
2023-06-21,242528.56,241705.45,242660.3,241951.47
2023-06-22,244577.44,245330.8,245284.25,243669.05
2023-06-23,240657.51,240594.27,240934.61,239431.16
2023-06-26,239995.99,241691.03,242427.14,238530.68
2023-06-27,239531.22,239013.97,239612.42,238269.74
2023-06-28,239052.14,239426.71,241075.6,237320.48
2023-06-29,240941.59,242341.57,244010.39,239695.23
2023-06-30,236833.61,236516.78,237480.66,236498.09
2023-07-03,236720.73,236867.57,236918.64,236657.86
2023-07-04,236011.94,235540.81,237596.16,235934.52
2023-07-05,240859.27,241116.24,241596.44,240044.07
2023-07-06,238891.12,238739.27,239541.29,237773.89
2023-07-07,238523.45,238638.35,239821.57,237882.21
2023-07-10,241280.94,240558.64,241849.62,240729.24
2023-07-11,238132.18,238739.59,238418.0,236960.06
2023-07-12,242258.54,242260.24,242457.43,241227.28
2023-07-13,243962.14,243702.45,246012.58,242702.66
2023-07-14,243924.26,243442.75,245441.61,240751.88
2023-07-17,246985.08,247637.62,248517.87,246804.96
2023-07-18,247379.56,247580.15,249076.62,247245.93
2023-07-19,244164.7,244227.93,244728.23,242842.92
2023-07-20,242988.15,243647.13,243199.32,242002.26
2023-07-21,240969.09,241168.24,241009.93,238115.57
2023-07-24,242203.19,241446.63,243334.88,240349.81
2023-07-25,243954.69,243167.13,245679.53,242874.38
2023-07-26,243368.17,243414.01,244551.89,241634.11
2023-07-27,243325.76,243199.42,243639.88,242318.39
2023-07-28,245292.47,244802.74,246194.21,244670.88
2023-07-31,243708.33,244680.8,245507.09,243291.33
2023-08-01,246926.06,247615.67,247317.75,246496.58
2023-08-02,247707.76,248395.83,249222.89,244683.49
2023-08-03,247612.7,248192.59,247694.02,246960.57
2023-08-04,245005.42,245374.2,245291.59,244976.82
2023-08-07,245761.46,246168.78,246241.91,244186.48
2023-08-08,246967.66,247723.95,249813.34,244732.18
2023-08-09,245819.02,244886.78,248314.54,245806.21
2023-08-10,248216.03,247453.59,250046.04,247346.27
2023-08-11,248505.45,247638.06,249093.74,245913.1
2023-08-14,249930.09,248713.6,250632.02,248527.49
2023-08-15,252127.34,251700.28,254557.02,251073.51
2023-08-16,246289.06,247522.19,246317.69,245827.78
2023-08-17,244229.96,242513.33,245323.15,242614.02
2023-08-18,245325.23,244535.98,246774.46,245062.52
2023-08-21,242521.56,242883.86,244288.87,241503.66
2023-08-22,242593.1,242266.04,243879.43,241671.94
2023-08-23,247558.95,247545.05,247827.37,246625.62
2023-08-24,247706.44,247666.55,248900.66,247151.04
2023-08-25,248619.16,248830.21,249328.56,247611.36
2023-08-28,248933.33,248643.55,251281.04,246858.14
2023-08-29,249193.14,248617.79,249522.59,247401.93
2023-08-30,246328.43,245705.79,249433.69,245844.99
2023-08-31,245968.97,244593.52,248117.04,244835.29
2023-09-01,249265.37,248051.19,249695.77,248944.74
2023-09-04,249878.55,251926.85,250553.21,248011.75
2023-09-05,252129.16,252055.58,252391.85,249921.23
2023-09-06,253556.65,255420.43,254180.19,252118.37
2023-09-07,257282.06,256605.59,257410.23,254986.51
2023-09-08,257424.24,257410.48,257925.11,254900.58
2023-09-11,257894.87,259610.53,259804.8,256486.65
2023-09-12,255486.33,255641.29,255568.11,255438.76
2023-09-13,254613.89,255339.78,254821.49,252171.97
2023-09-14,259481.96,258822.24,260086.67,259253.3
2023-09-15,260468.92,261672.3,261711.93,259814.09
2023-09-18,260580.53,260359.51,261427.0,260248.34
2023-09-19,257748.71,258056.3,257861.11,257708.69
2023-09-20,258954.9,259010.29,259688.61,257931.97
2023-09-21,258895.91,258301.22,259257.41,258698.13
2023-09-22,256955.46,257422.06,257592.16,255328.25
2023-09-25,255475.72,256706.73,256573.23,254981.01
2023-09-26,256872.65,256896.49,257007.24,256584.56
2023-09-27,258294.06,257746.72,259410.67,258018.89
2023-09-28,255810.24,255023.38,255931.7,255003.33
2023-09-29,258819.61,260044.32,260416.78,258617.27
2023-10-02,258552.49,259984.68,258616.97,256788.49
2023-10-03,260682.29,260834.39,262087.03,259640.83
2023-10-04,258825.97,258150.39,259267.96,257897.89
2023-10-05,256722.48,256878.95,257717.39,256447.35
2023-10-06,258511.81,256900.21,259490.73,257126.39
2023-10-09,260248.68,260910.45,260378.98,259388.03
2023-10-10,260400.01,261251.7,260884.24,259524.59
2023-10-11,258911.29,257565.12,259357.68,258618.75
2023-10-12,256741.65,255968.68,257104.97,255382.9
2023-10-13,254982.85,254593.13,256834.84,254953.51
2023-10-16,251911.67,251994.3,252698.21,251633.77
2023-10-17,254408.04,254001.77,255667.84,252702.42
2023-10-18,256268.07,256749.78,256710.18,256080.21
2023-10-19,256348.84,255394.59,259552.05,255608.61
2023-10-20,258496.3,259064.65,258652.33,257713.95
2023-10-23,255710.31,255112.04,256069.29,254355.56
2023-10-24,255544.99,254494.91,255921.83,254207.35
2023-10-25,255657.64,255131.39,256383.75,255622.7
2023-10-26,259147.86,259615.8,260260.92,256757.74
2023-10-27,261753.86,261041.76,261876.79,261062.74
2023-10-30,262585.13,264148.98,263469.68,261652.19
2023-10-31,261711.51,261527.05,263005.33,260823.01
2023-11-01,262831.58,262361.53,263970.86,260156.0
2023-11-02,263522.86,263582.74,263801.71,263085.34
2023-11-03,263537.04,262933.3,264536.14,261610.86
2023-11-06,258500.49,258902.8,258533.94,258114.79
2023-11-07,261249.49,261789.72,261805.29,260254.71
2023-11-08,263208.53,263347.23,263472.17,262716.46
2023-11-09,268543.84,267874.23,269291.78,267425.43
2023-11-10,266188.12,265331.32,266625.24,264414.1
2023-11-13,262429.67,261151.62,263136.16,259894.21
2023-11-14,262631.84,261563.56,263510.79,262123.59
2023-11-15,263511.78,264079.88,264508.4,261783.38
2023-11-16,266548.33,266504.71,268406.53,266287.77
2023-11-17,267952.79,267133.21,267963.02,266767.33
2023-11-20,267535.32,267753.58,267929.25,266441.37
2023-11-21,263754.14,265470.89,267141.62,262868.97
2023-11-22,265027.81,265797.72,265076.26,264640.41
2023-11-23,266520.59,266558.9,267689.43,265061.81
2023-11-24,265342.16,264373.66,265570.89,265017.12
2023-11-27,263025.25,262876.75,264475.05,262313.79
2023-11-28,262398.4,264422.08,263057.75,261023.75
2023-11-29,264820.19,266554.8,266190.88,263713.82
2023-11-30,262352.78,263422.7,262411.85,261821.72
2023-12-01,264520.82,264792.03,265822.67,264196.69
2023-12-04,265997.97,265676.31,266815.31,264723.29
2023-12-05,270703.4,271084.15,272616.51,270282.42
2023-12-06,274580.55,273649.08,274591.64,273024.33
2023-12-07,272507.87,273193.09,272971.25,269675.83
2023-12-08,270392.83,269841.85,271301.47,269888.82
2023-12-11,272046.35,272749.32,274410.17,270485.59
2023-12-12,273590.37,272609.71,274295.12,273354.49
2023-12-13,273339.18,272640.54,274337.56,273011.82
2023-12-14,268350.2,268379.23,269256.66,267943.39
2023-12-15,266397.98,267066.84,267717.75,266078.42
2023-12-18,270030.09,269759.63,270625.26,268882.62
2023-12-19,270653.43,268743.51,272061.85,269796.74
2023-12-20,264927.21,263235.8,266256.89,263072.69
2023-12-21,259985.17,257367.4,260189.49,259801.23
2023-12-22,259674.07,260412.5,260041.0,259486.27
2023-12-25,261248.3,262670.84,263895.94,259905.24
2023-12-26,261576.58,262409.7,261988.54,260692.71
2023-12-27,259412.18,259974.2,259430.29,258976.18
2023-12-28,256859.67,257892.55,257871.81,253925.75
2023-12-29,256700.53,257777.44,257715.71,256639.5
2024-01-01,255670.68,255983.06,255699.57,255368.71
2024-01-02,254414.02,255317.84,256131.92,253917.05
2024-01-03,255306.72,255804.77,255756.1,253355.38
2024-01-04,257800.96,258628.95,258260.28,255435.44
2024-01-05,254991.29,253700.78,255382.05,252512.06
2024-01-08,259244.67,259327.26,259698.76,257193.15
2024-01-09,259021.32,259487.38,260476.99,258270.49
2024-01-10,259528.46,257894.86,260075.96,256611.83
2024-01-11,258983.49,257960.25,260014.82,257570.59
2024-01-12,256147.08,256037.66,256762.96,255407.16
2024-01-15,255931.34,255893.04,258642.4,254238.36
2024-01-16,260012.09,259094.24,261764.15,257492.07
2024-01-17,260100.26,259728.23,261197.54,258895.97
2024-01-18,258914.47,259122.29,259483.66,258404.69
2024-01-19,259090.25,259496.97,259655.52,259012.98
2024-01-22,260817.56,261859.25,261101.51,260229.29
2024-01-23,259850.76,258723.29,260652.4,259516.86
2024-01-24,262558.6,263529.58,262967.2,262429.13
2024-01-25,263686.12,263233.77,264176.02,261475.68
2024-01-26,264362.6,262690.71,264739.97,262764.6
2024-01-29,263416.54,264040.24,263629.03,263223.56
2024-01-30,263152.37,263310.2,263290.98,262595.67
2024-01-31,263242.66,263871.73,264443.04,261846.98
2024-02-01,264520.68,263548.34,265703.5,263874.58
2024-02-02,266030.62,265373.89,266521.18,265641.42
2024-02-05,267642.37,267233.67,268677.1,264889.54
2024-02-06,268034.12,268677.45,268472.81,266851.79
2024-02-07,270265.65,268977.08,270310.34,269550.9
2024-02-08,268647.63,269121.91,268728.68,268246.3
2024-02-09,267283.17,267004.61,268565.12,266411.3
2024-02-12,268778.32,268922.45,269746.52,268600.38
2024-02-13,267926.96,268369.39,268776.33,264249.82
2024-02-14,269170.74,268403.08,269428.12,267846.58
2024-02-15,270987.88,271595.7,272838.17,270881.51
2024-02-16,273554.84,274759.49,275154.65,271866.43
2024-02-19,272882.07,273152.95,273723.17,271144.7
2024-02-20,273728.73,274450.96,274354.33,272206.0
2024-02-21,275255.09,274818.28,277733.13,275089.92
2024-02-22,277351.3,275834.73,278495.58,276161.51
2024-02-23,275029.54,275729.93,275299.09,274904.03
2024-02-26,279177.45,278352.42,279664.69,277869.82
2024-02-27,274467.8,274216.24,275250.08,273670.48
2024-02-28,274212.85,275276.71,274967.32,273059.78
2024-02-29,273285.94,273353.28,274263.9,273250.9
2024-03-01,272164.72,273111.34,272280.33,271940.79
2024-03-04,271484.22,272952.42,272531.13,271445.29
2024-03-05,271659.56,272161.9,272238.37,270396.92
2024-03-06,273592.67,273685.12,274053.21,272398.47
2024-03-07,277576.69,279378.45,278339.3,277299.01
2024-03-08,271744.79,270348.54,273905.61,271461.06
2024-03-11,273740.62,274048.2,274597.78,272763.39
2024-03-12,272417.77,271998.79,273075.26,270719.35
2024-03-13,271980.52,273414.2,273044.37,271675.96
2024-03-14,275726.75,275453.09,276958.01,274532.06
2024-03-15,275259.06,275500.52,276566.42,274742.47
2024-03-18,276389.77,277710.89,276563.52,273861.07
2024-03-19,278483.55,278594.81,280090.12,275926.74
2024-03-20,279295.07,279255.41,281418.98,278378.88
2024-03-21,282107.01,281585.04,283499.55,281701.04
2024-03-22,283293.3,282319.04,283898.24,282337.67
2024-03-25,283029.82,281653.02,283680.27,280845.28
2024-03-26,286521.21,286893.89,288082.08,285326.07
2024-03-27,287587.82,285996.18,288663.16,283897.15
2024-03-28,287227.48,286087.46,287242.48,286275.57
2024-03-29,286355.56,286331.1,286641.15,285088.9
2024-04-01,283799.04,283610.73,284602.05,282907.97
2024-04-02,286499.55,287043.26,286713.89,285810.12
2024-04-03,290181.64,289496.51,291122.59,289730.63
2024-04-04,294162.51,296144.44,294370.02,293511.48
2024-04-05,293893.68,293876.87,294872.15,293838.02
2024-04-08,297112.01,297271.37,297364.0,296973.83
2024-04-09,294016.98,295035.43,295522.59,292947.89
2024-04-10,292834.31,292601.79,293542.25,292751.17
2024-04-11,291812.6,291868.05,294280.75,289198.0
2024-04-12,288613.45,288843.65,288690.7,288434.3
2024-04-15,292508.02,291853.45,294208.74,292043.5
2024-04-16,292835.35,292328.45,294579.45,290827.73
2024-04-17,296855.64,296859.94,297282.18,296527.97
2024-04-18,300999.16,300755.81,302438.14,300069.26
2024-04-19,306413.3,306117.04,306681.46,304932.51
2024-04-22,310540.04,308779.17,310556.81,309701.73
2024-04-23,312052.28,312104.43,313207.98,309531.91
2024-04-24,307381.08,305367.7,308734.71,307326.38
2024-04-25,306570.03,306790.19,311541.65,306124.24
2024-04-26,307401.98,307403.63,307428.67,306346.95
2024-04-29,311173.46,311043.5,311467.07,310275.85
2024-04-30,309900.62,309975.27,310311.68,306570.14
2024-05-01,309717.1,310150.05,310501.51,308745.87
2024-05-02,312869.33,312069.79,313043.41,311931.67
2024-05-03,309528.24,308974.32,309814.72,309224.03
2024-05-06,308903.4,310200.03,309452.53,308240.58
2024-05-07,310346.23,309415.61,313442.9,309764.78
2024-05-08,313435.77,312927.28,315370.2,311087.98
2024-05-09,314046.13,314175.33,314969.65,313388.06
2024-05-10,318223.46,318103.96,318535.47,316378.29
2024-05-13,315357.5,315495.78,316654.34,314545.14
2024-05-14,310201.99,310372.69,311411.28,306735.55
2024-05-15,312045.15,311539.71,314140.11,311909.64
2024-05-16,313742.93,313927.13,314895.62,311677.92
2024-05-17,308927.21,310862.43,311227.46,308348.26
2024-05-20,307110.16,307461.68,309083.71,306448.13
2024-05-21,305478.98,305601.42,306071.1,304413.73
2024-05-22,302777.53,302751.75,304779.05,301824.84
2024-05-23,306541.51,305858.66,307066.14,305200.0
2024-05-24,301147.78,302161.55,304313.23,300099.1
2024-05-27,303398.71,303583.9,304217.5,300143.08
2024-05-28,307370.55,306056.15,310189.6,306719.46
2024-05-29,307112.0,307200.2,307339.66,304799.83
2024-05-30,309215.48,309699.66,310268.04,308378.26
2024-05-31,306319.03,305850.09,307457.71,305010.52
2024-06-03,308284.56,308318.7,309173.27,306996.55
2024-06-04,305761.63,304610.1,307325.27,302840.32
2024-06-05,310092.93,310052.46,311964.46,308390.72
2024-06-06,312690.05,312979.23,313414.31,310920.95
2024-06-07,312425.5,313521.67,313115.88,312079.2
2024-06-10,308683.4,308866.28,309333.4,308355.52
2024-06-11,311507.88,310806.0,311561.61,310746.18
2024-06-12,310242.11,309521.47,312341.21,308911.46
2024-06-13,311198.48,312901.82,311349.53,310434.08
2024-06-14,310683.76,310720.67,313177.26,310288.06
2024-06-17,311843.82,311620.0,313232.6,308793.26
2024-06-18,310738.81,312153.23,311617.14,308968.67
2024-06-19,305335.78,306702.86,305397.92,303776.43
2024-06-20,305404.19,306470.04,305493.74,303661.51
2024-06-21,308971.04,308981.62,311040.26,306830.56
2024-06-24,310250.28,309833.86,312063.53,309827.94
2024-06-25,308465.46,308638.4,308633.59,307799.43
2024-06-26,305927.6,304031.56,307881.14,305218.74
2024-06-27,304898.19,304501.71,306536.64,302703.06
2024-06-28,306809.88,308361.44,307485.3,306356.27
2024-07-01,302820.06,302538.64,303072.23,302690.54
2024-07-02,307318.39,307815.93,309353.22,305013.21
2024-07-03,305686.9,306371.64,307498.94,304795.73
2024-07-04,304932.61,302884.02,306326.66,304852.39
2024-07-05,309670.37,311135.67,310478.57,307618.09
2024-07-08,308749.69,307294.21,309374.09,307414.72
2024-07-09,307950.72,306826.55,309090.64,307357.49
2024-07-10,304743.88,303948.67,305552.64,303508.89
2024-07-11,301754.11,302686.32,302514.5,299010.96
2024-07-12,306982.08,308146.81,307324.29,306928.61
2024-07-15,308571.54,306752.18,308677.07,308376.93
2024-07-16,310417.37,311671.01,311819.03,308373.34
2024-07-17,310434.11,310948.74,312081.5,310244.04
2024-07-18,302270.56,302112.86,303278.58,300718.26
2024-07-19,308651.77,309287.95,309363.8,308401.65
2024-07-22,304156.87,303175.32,306178.02,302891.73
2024-07-23,303834.34,304764.83,304073.71,302424.46
2024-07-24,302134.06,303866.71,302994.1,300986.98
2024-07-25,304091.06,302496.61,305881.16,303475.79
2024-07-26,302013.26,301968.55,303783.3,301868.32
2024-07-29,300533.93,299957.03,302768.76,300395.7
2024-07-30,300383.08,300007.45,301407.8,300073.45
2024-07-31,302891.45,303098.78,303909.59,301112.93
2024-08-01,302191.89,302879.71,304285.6,301730.9
2024-08-02,300999.88,301946.27,301282.09,299774.08
2024-08-05,296487.89,297764.39,298485.3,295747.03
2024-08-06,292108.93,291299.16,292326.15,292050.75
2024-08-07,288523.85,288807.36,288676.11,288344.26
2024-08-08,287497.64,288029.92,289788.76,286746.1
2024-08-09,289180.72,288658.46,290382.08,288769.12
2024-08-12,286984.91,288010.97,287809.0,286622.46
2024-08-13,289668.36,290517.6,291648.27,288508.06
2024-08-14,292890.54,292706.54,294572.78,292749.35
2024-08-15,292458.9,291007.69,294642.42,292054.27
2024-08-16,295456.36,297589.52,296939.82,293907.67
2024-08-19,294112.59,292801.4,296733.26,290693.8
2024-08-20,288344.64,289852.03,288460.03,287101.84
2024-08-21,292045.34,291287.21,293182.68,291574.79
2024-08-22,290037.9,290282.12,290362.74,289175.57
2024-08-23,294057.83,294482.74,294429.28,293153.49
2024-08-26,291835.0,291115.75,293383.01,290500.4
2024-08-27,286204.22,285290.56,289448.26,285553.1
2024-08-28,286817.8,287128.64,289071.56,286679.71
2024-08-29,282199.5,282314.91,283610.6,281279.28
2024-08-30,284161.71,283688.65,285312.1,281810.6
2024-09-02,281004.91,280903.54,283625.88,279351.07
2024-09-03,280448.23,279433.04,282762.7,278835.64
2024-09-04,284125.21,283575.18,286334.61,282035.11
2024-09-05,282480.9,281424.09,283785.53,279939.77
2024-09-06,284654.33,284852.56,286820.42,284083.58
2024-09-09,287212.95,286210.61,288397.07,284205.95
2024-09-10,285503.35,285326.17,287463.66,278862.6
2024-09-11,285854.58,287101.45,289014.19,285291.22
2024-09-12,288786.49,289664.37,290702.94,288708.31
2024-09-13,288770.55,288982.02,291691.46,286591.92
2024-09-16,291543.21,292493.21,293194.7,291514.73
2024-09-17,295127.52,293850.16,297301.91,293699.93
2024-09-18,297828.8,296526.93,298655.88,297210.51
2024-09-19,300251.05,299080.31,303754.63,300008.35
2024-09-20,303480.89,303630.86,304866.37,301360.01
2024-09-23,301671.26,301094.5,302754.62,301584.83
2024-09-24,302060.72,300447.4,305315.56,301109.85
2024-09-25,299716.73,300544.07,302269.87,299677.25
2024-09-26,298986.84,299668.55,299027.16,297140.05
2024-09-27,297976.26,297916.63,298013.21,297686.89
2024-09-30,300048.62,301582.57,300874.63,297620.86
2024-10-01,299296.32,299798.3,299852.74,297153.12
2024-10-02,301881.35,301647.68,302014.43,301398.12
2024-10-03,294832.22,293458.67,295106.89,291849.27
2024-10-04,299326.17,299525.51,300727.91,297976.57
2024-10-07,297846.97,297934.82,299110.98,297125.65
2024-10-08,292628.71,291232.87,293593.95,291705.52
2024-10-09,294323.37,294880.29,295319.13,292886.97
2024-10-10,296536.0,295977.29,298667.69,296276.43
2024-10-11,298200.79,297897.21,299049.64,297703.31
2024-10-14,303513.36,303126.16,304660.37,303076.81
2024-10-15,303203.63,302811.92,304644.08,302629.09
2024-10-16,303064.48,303322.61,304385.42,302888.66
2024-10-17,303470.93,303578.13,303806.97,302325.08
2024-10-18,300723.59,301696.71,302375.65,299195.01
2024-10-21,298231.93,297474.8,298428.33,296687.29
2024-10-22,301610.05,301781.17,305260.19,301178.09
2024-10-23,302697.51,302730.42,303413.97,299480.43
2024-10-24,301204.3,300215.87,302261.0,300624.72
2024-10-25,301690.69,301565.07,302305.85,299086.64
2024-10-28,304544.67,303680.83,305342.04,304484.19
2024-10-29,303165.89,302599.38,303206.56,302308.14
2024-10-30,303020.63,303470.61,303539.22,302620.92
2024-10-31,305505.0,305636.94,305658.75,305183.32
2024-11-01,308475.5,309888.45,310485.9,306015.4
2024-11-04,301986.96,301573.63,302555.06,301944.13
2024-11-05,299171.5,299437.93,299925.9,297704.81
2024-11-06,302308.01,302137.99,303271.15,301325.84
2024-11-07,299695.34,299177.79,300125.97,297895.21
2024-11-08,299796.95,298907.14,300364.71,298842.29
2024-11-11,304393.44,305508.53,304778.17,302423.56
2024-11-12,305994.54,304639.14,307615.84,304057.98
2024-11-13,306798.16,308736.34,309647.52,304756.99
2024-11-14,307581.23,307637.79,307802.61,307517.7
2024-11-15,307687.07,305615.97,307814.99,306279.76
2024-11-18,308569.68,308733.25,308582.67,307227.07
2024-11-19,311947.64,312748.69,313927.62,310261.67
2024-11-20,308375.91,308251.17,310288.85,306699.58
2024-11-21,308144.68,311322.35,309457.88,307608.63
2024-11-22,308844.79,308924.49,310752.01,308761.92
2024-11-25,310312.24,309644.13,311330.33,306812.35
2024-11-26,310919.57,309422.41,313509.42,310017.27
2024-11-27,309750.55,309136.04,311467.6,309330.77
2024-11-28,314122.03,314789.5,314679.37,311960.47
2024-11-29,316651.12,316307.72,316760.56,316211.92
2024-12-02,317395.83,316388.68,317531.99,314172.33
2024-12-03,318676.96,318324.08,320949.81,317687.58
2024-12-04,324303.7,323992.26,325754.61,323963.11
2024-12-05,325025.75,324513.93,325701.56,323278.93
2024-12-06,326443.44,328926.86,326954.71,325201.88
2024-12-09,323860.95,324095.81,325133.12,320762.69
2024-12-10,326153.89,328270.9,327437.35,325157.63
2024-12-11,326315.99,324641.47,327904.32,324118.25
2024-12-12,323013.9,322863.38,324995.75,321886.26
2024-12-13,329902.95,330375.65,331152.27,329032.2
2024-12-16,329543.15,329702.18,332284.15,328948.44
2024-12-17,332083.25,331636.93,335278.15,331678.66
2024-12-18,329643.12,328731.24,329649.26,328336.99
2024-12-19,334861.36,335265.89,334946.75,334162.55
2024-12-20,337014.32,337353.11,337079.56,335727.36
2024-12-23,333502.49,335071.19,334532.12,330985.49
2024-12-24,331588.31,332486.68,333407.76,330383.21
2024-12-25,327182.02,327117.16,328916.54,326917.92
2024-12-26,325818.52,326284.35,326590.73,323813.14
2024-12-27,332406.21,332145.57,332775.11,332307.3
2024-12-30,325453.73,325528.95,326956.55,322801.08
2024-12-31,319310.66,321719.7,321159.59,318871.71
2025-01-01,316852.78,315745.17,317575.94,315987.91
2025-01-02,315916.6,314607.84,316117.0,314555.41
2025-01-03,316137.9,317644.41,317645.56,315146.86
2025-01-06,312675.82,312346.94,313499.6,311737.89
2025-01-07,314635.07,313958.04,316798.52,313419.52
2025-01-08,314583.87,315261.38,316020.25,313346.55
2025-01-09,310700.63,310122.15,313004.95,310582.8
2025-01-10,312025.01,311109.93,312087.83,310973.22
2025-01-13,312666.87,312873.22,314182.78,312407.97
2025-01-14,312532.24,313943.9,313445.97,312503.14
2025-01-15,308281.45,309164.28,308779.33,307816.38
2025-01-16,308592.34,308240.39,309204.69,305433.73
2025-01-17,306032.37,306399.48,310151.88,305151.81
2025-01-20,302526.11,302611.15,302634.86,302518.54
2025-01-21,302289.16,301207.04,303330.92,302257.87
2025-01-22,301387.25,300765.4,304098.07,296912.38
2025-01-23,304018.54,304728.7,305614.29,303796.03
2025-01-24,303684.42,305144.6,305662.57,303683.32
2025-01-27,311971.14,313254.47,312139.3,310427.2
2025-01-28,319501.0,320037.86,321290.5,316875.89
2025-01-29,317066.19,317511.7,319034.91,316643.56
2025-01-30,314046.25,313137.4,318218.43,313270.77
2025-01-31,316014.54,316971.07,318440.54,312761.0
2025-02-03,315034.93,315333.49,315931.57,312659.37
2025-02-04,316859.72,316469.87,317721.3,316389.07
2025-02-05,312842.04,312299.45,314315.81,312584.81
2025-02-06,314875.07,314256.03,315940.03,314286.47
2025-02-07,316625.17,316357.7,319844.6,315463.58
2025-02-10,316256.52,317018.23,317351.5,313497.02
2025-02-11,317951.41,319319.91,318472.49,315815.82
2025-02-12,315172.71,315249.0,316541.02,313621.68
2025-02-13,314355.35,314139.58,315513.76,312882.41
2025-02-14,312358.03,313498.47,312627.49,311069.52
2025-02-17,314780.93,315293.53,317117.22,314641.16
2025-02-18,311623.21,310228.34,313623.7,310002.11
2025-02-19,307817.88,307874.39,308911.85,307042.45
2025-02-20,306313.08,308489.47,308524.22,306182.68
2025-02-21,311141.36,310860.72,312065.57,310690.13
2025-02-24,309664.72,308943.15,312311.54,306835.26
2025-02-25,308889.54,309526.62,309335.56,308289.85
2025-02-26,306397.59,307029.21,308394.56,306005.29
2025-02-27,308877.31,307028.63,308966.36,308395.51
2025-02-28,307424.47,306780.06,309136.5,307188.56
2025-03-03,304984.42,303405.04,305297.46,302779.1
2025-03-04,306286.74,307239.08,307177.98,305083.82
2025-03-05,305410.81,303942.54,307020.48,304974.34
2025-03-06,303132.73,302553.97,303385.22,302096.44
2025-03-07,303859.78,304513.12,303959.03,302825.79
2025-03-10,305449.92,305288.97,308133.68,303945.08
2025-03-11,307749.92,308204.26,308984.8,305655.45
2025-03-12,308124.84,308103.48,310176.31,307296.04
2025-03-13,310661.08,310458.15,311110.36,310572.6
2025-03-14,309003.3,307958.27,310282.36,308297.0
2025-03-17,310202.91,309869.6,310443.6,310162.56
2025-03-18,306915.99,306942.7,308007.53,305663.25
2025-03-19,302545.01,303300.44,304945.08,299948.11
2025-03-20,301443.98,299662.89,303665.99,300889.01
2025-03-21,302815.5,304063.95,304628.18,301424.48
2025-03-24,303109.37,303699.12,304694.06,302617.47
2025-03-25,301597.26,300732.41,302340.77,300525.17
2025-03-26,296757.4,298169.06,297695.07,296750.01
2025-03-27,295082.74,295007.51,296313.85,291210.27
2025-03-28,298316.32,297145.56,300023.61,297087.29
2025-03-31,300625.35,299616.0,301206.2,298794.9
2025-04-01,300664.99,301111.06,303931.64,300365.4
2025-04-02,301283.69,301325.08,302268.4,299143.13
2025-04-03,299682.07,299753.64,299812.43,298942.68
2025-04-04,301203.87,300191.76,303227.71,300622.61
2025-04-07,302300.36,301424.29,302415.73,300307.25
2025-04-08,298434.76,298059.76,298766.17,297063.64
2025-04-09,296453.58,296249.14,297408.62,295219.76
2025-04-10,301281.16,302249.85,301773.67,299753.23
2025-04-11,302104.4,302327.29,303070.67,299683.11
2025-04-14,305075.31,305574.03,306910.28,304126.53
2025-04-15,306049.61,304595.58,307458.49,302599.87
2025-04-16,303505.53,303566.49,304190.09,302091.39
2025-04-17,305330.05,305239.71,305994.92,302697.33
2025-04-18,307083.56,308390.63,309337.56,305878.21
2025-04-21,310020.3,309257.46,310087.82,309416.9
2025-04-22,312496.21,312629.76,313958.11,311266.2
2025-04-23,309839.86,309898.5,310013.04,306760.66
2025-04-24,311550.21,312522.71,313283.79,310187.15
2025-04-25,315877.17,317513.72,319182.68,314839.53
2025-04-28,311798.4,311925.55,314232.44,311388.69
2025-04-29,312224.23,312514.64,314321.31,311140.56
2025-04-30,312446.28,312008.47,313977.02,311932.21
2025-05-01,309701.04,307839.96,311477.96,309503.2
2025-05-02,308513.9,307954.26,308977.66,307951.3
2025-05-05,309874.49,309768.21,311422.11,309657.02
2025-05-06,315262.66,315740.76,316652.62,313508.92
2025-05-07,315053.82,313070.19,315194.99,312207.77
2025-05-08,315412.16,315227.47,317125.81,315276.44
2025-05-09,314127.48,315031.02,317327.01,313543.23
2025-05-12,308491.21,308468.15,312048.34,306790.17
2025-05-13,308113.19,307551.74,309742.02,305402.33
2025-05-14,305874.22,306797.19,306709.33,303377.78
2025-05-15,308710.33,309361.54,308727.38,305931.29
2025-05-16,304334.31,303032.13,305766.3,302188.87
2025-05-19,301534.48,299872.45,301819.86,298393.67
2025-05-20,303150.41,302957.66,303559.17,301994.26
2025-05-21,302710.59,303461.02,303126.58,301323.41
2025-05-22,303517.06,302789.94,303526.71,302440.89
2025-05-23,305305.57,305906.85,307394.38,303838.64
2025-05-26,303513.16,303967.15,306591.35,303452.09
2025-05-27,304600.18,303301.24,306496.37,304562.96
2025-05-28,304140.21,304193.28,305066.6,303308.75
2025-05-29,302538.8,301454.71,305089.48,301818.29
2025-05-30,302106.93,301613.67,303443.64,299977.3
2025-06-02,305512.28,306164.19,307315.8,305144.22
2025-06-03,301983.74,304601.09,302436.28,299495.9
2025-06-04,311169.73,311572.95,313225.35,309736.91
2025-06-05,315260.87,312538.13,317052.45,312012.51
2025-06-06,313739.64,313973.8,313897.58,311673.9
2025-06-09,313412.05,313691.95,314447.02,312534.08
2025-06-10,312568.92,312740.72,313014.42,310452.35
2025-06-11,313240.58,312378.79,314249.66,310099.12
2025-06-12,313723.44,314149.5,316717.28,312693.79
2025-06-13,317534.94,316451.36,319516.27,316798.71
2025-06-16,321962.23,320279.01,323564.76,317888.42
2025-06-17,325232.96,324531.37,325794.68,324399.88
2025-06-18,324851.98,324710.0,325031.6,324532.45
2025-06-19,325454.51,325263.82,327005.98,324090.91
2025-06-20,323612.79,324963.55,326506.54,322447.29
2025-06-23,321976.73,322958.69,324020.23,321478.09
2025-06-24,326329.23,325674.98,326721.76,325749.56
2025-06-25,328158.28,328839.43,328558.03,327609.59
2025-06-26,325595.33,324903.27,326039.1,325226.64
2025-06-27,328876.0,330148.41,330795.92,327993.64
2025-06-30,329512.66,328604.85,329726.14,328691.8
2025-07-01,333644.04,335656.79,334258.01,332485.2
2025-07-02,332184.98,333163.76,333507.39,331047.75
2025-07-03,330867.37,331190.53,333246.09,330374.99
2025-07-04,332162.94,331968.19,332928.56,330933.56
2025-07-07,333583.72,333367.56,336953.38,332095.63
2025-07-08,332998.49,332848.71,333560.86,332394.69
2025-07-09,327985.31,328418.05,328507.95,327002.59
2025-07-10,330642.77,330179.55,331638.93,329196.0
2025-07-11,329373.63,328628.61,331627.51,328090.62
2025-07-14,337344.95,338726.03,337954.89,335104.19
2025-07-15,333907.9,333805.69,334754.33,332864.31
2025-07-16,335483.76,333444.01,338708.59,334473.67
2025-07-17,335143.31,333521.08,335417.41,332627.5
2025-07-18,337251.62,338087.74,337524.35,337232.84
2025-07-21,335958.8,335605.59,338359.24,335130.3
2025-07-22,339060.34,339471.69,341509.68,337793.06
2025-07-23,340045.35,340030.95,340668.28,337072.61
2025-07-24,336365.85,337283.67,337879.63,332662.22
2025-07-25,333985.03,334038.52,334592.7,332031.09
2025-07-28,331914.65,332589.85,332294.7,331511.14
2025-07-29,333352.77,331823.55,334488.4,329998.62
2025-07-30,334713.73,334734.47,336726.21,331763.65
2025-07-31,336723.34,336002.93,338706.08,333895.59
2025-08-01,334541.31,333001.9,335891.73,331135.24
2025-08-04,333571.32,333308.43,334011.12,333558.12
2025-08-05,332984.95,334095.04,336036.37,332557.21
2025-08-06,332219.9,333135.01,334148.79,329655.46
2025-08-07,333036.05,333649.09,334013.0,333015.58
2025-08-08,336905.52,336064.22,337477.16,336149.57
2025-08-11,338114.55,338305.56,338997.42,336795.31
2025-08-12,342898.98,341835.22,343482.69,342197.28
2025-08-13,343815.81,343212.67,346000.65,341824.79
2025-08-14,339845.11,341887.02,340705.2,339083.2
2025-08-15,342131.56,340948.41,343574.61,341372.55
2025-08-18,340791.24,341051.43,341963.77,340324.95
2025-08-19,336137.12,334205.49,336429.87,334241.2
2025-08-20,339206.54,338026.57,339300.58,338166.54
2025-08-21,339246.85,338729.31,340668.61,337225.85
2025-08-22,333985.55,333597.28,335485.75,333776.67
2025-08-25,330441.78,330740.51,331521.16,328233.18
2025-08-26,331797.67,330815.26,333536.96,329462.76
2025-08-27,329139.25,329577.94,330553.03,328085.7
2025-08-28,331318.1,330594.65,331450.69,331004.69
2025-08-29,333730.82,334295.11,335518.49,333273.65
2025-09-01,333333.56,331496.52,334143.31,331495.2
2025-09-02,334864.16,334424.83,335437.6,334026.45
2025-09-03,335117.61,335825.29,335802.05,332266.27
2025-09-04,335898.46,335743.36,337517.58,334031.05
2025-09-05,343534.11,342112.55,344016.05,342258.68
2025-09-08,342171.28,343565.13,344604.13,341615.65
2025-09-09,343956.15,343364.63,345114.57,343007.68
2025-09-10,347097.47,348210.41,347369.01,346631.93
2025-09-11,351914.6,353189.73,353116.66,351565.12
2025-09-12,352889.46,353383.84,353198.69,351998.72
2025-09-15,355798.26,356101.89,357990.02,352874.09
2025-09-16,358148.38,357596.91,360571.5,357727.08
2025-09-17,357722.4,358462.27,359430.9,356822.03
2025-09-18,358776.24,357218.68,359260.3,358010.75
2025-09-19,359350.48,358204.05,360820.28,357136.79
2025-09-22,358968.46,357586.41,360632.83,356730.46
2025-09-23,359386.18,358581.57,361733.89,356591.11
2025-09-24,352317.34,353853.01,353809.4,351850.42
2025-09-25,357344.61,355749.8,358775.75,352390.62
2025-09-26,357197.57,355597.43,358980.2,357156.73
2025-09-29,356291.91,356825.68,358818.92,355683.78
2025-09-30,358115.79,358198.19,360087.93,355722.1
2025-10-01,356494.83,355200.78,357953.08,355129.0
2025-10-02,358995.69,358161.54,362091.35,355938.52
2025-10-03,357177.62,356683.72,359175.9,356590.54
2025-10-06,361113.42,361573.2,362730.66,360721.96
2025-10-07,365043.68,364750.34,366089.14,364678.45
2025-10-08,365257.8,366741.54,365358.89,364708.06
2025-10-09,364878.41,365368.18,366643.8,363109.37
2025-10-10,362623.01,362803.97,364454.56,362606.49
2025-10-13,360434.67,359608.46,360821.26,357576.91
2025-10-14,361126.38,359397.47,361962.02,359675.32
2025-10-15,354928.41,354412.11,357092.68,353867.64
2025-10-16,357111.21,354409.64,357432.41,355622.61
2025-10-17,360742.77,360061.23,362410.58,360079.14
2025-10-20,361403.74,363157.42,362932.2,359849.81
2025-10-21,362444.54,363609.95,364150.14,360757.91
2025-10-22,361804.07,362350.08,362563.03,360368.74
2025-10-23,356233.62,355980.46,357469.78,355946.01
2025-10-24,359921.15,361039.41,360199.55,356485.9
2025-10-27,357414.64,357929.46,360181.77,357156.28
2025-10-28,353642.91,352606.82,356773.0,353040.67
2025-10-29,356180.41,357071.42,357970.58,353640.01
2025-10-30,354238.56,354327.71,354887.42,351030.01
2025-10-31,352866.57,352335.66,352965.6,351490.36
2025-11-03,353009.6,352816.83,353857.95,351271.81
2025-11-04,352958.12,352945.06,353560.26,350437.74
2025-11-05,353535.38,353033.83,356833.12,351315.82
2025-11-06,356035.81,355682.2,357560.24,354998.08
2025-11-07,358144.63,357508.64,358305.25,356712.61
2025-11-10,355749.07,354931.88,356556.09,352921.44
2025-11-11,353163.97,353596.58,354565.3,352138.33
2025-11-12,350449.81,350745.98,351966.5,349615.68
2025-11-13,344730.09,345302.81,345153.78,344056.34
2025-11-14,343317.11,341206.72,344770.27,342020.34
2025-11-17,339576.52,339007.18,342039.71,333922.06
2025-11-18,340081.47,342252.86,342803.58,338204.33
2025-11-19,339075.9,338222.95,339790.05,338181.0
2025-11-20,342503.75,342547.31,345338.02,341146.27
2025-11-21,341910.98,341653.22,343308.03,341862.09
2025-11-24,342250.09,342737.53,343599.71,340506.15
2025-11-25,341357.56,341585.97,348449.47,338975.54
2025-11-26,336788.48,335153.68,338057.86,335193.83
2025-11-27,334314.84,334945.16,335284.99,334079.22
2025-11-28,331521.62,332934.83,332775.54,329110.62
2025-12-01,331014.06,330334.88,331937.32,330108.26
2025-12-02,330383.1,330718.86,334000.29,328926.29
2025-12-03,333097.84,334317.68,335649.78,332778.22
2025-12-04,331200.98,332615.05,334334.76,330249.76
2025-12-05,328908.49,329969.25,329373.71,327507.51
2025-12-08,329832.61,329380.01,330249.78,328940.58
2025-12-09,325529.3,326687.12,327403.98,324342.67
2025-12-10,331293.04,330855.85,332542.57,330825.93
2025-12-11,336008.61,335686.51,341245.47,333703.03
2025-12-12,339042.94,338953.45,340679.97,337297.1
2025-12-15,335745.02,336597.24,338111.7,334959.37
2025-12-16,337241.29,337110.3,339921.08,335945.04
2025-12-17,337537.99,336910.6,338558.6,334120.51
2025-12-18,333116.79,332754.75,335339.58,331199.32
2025-12-19,335217.49,334363.5,337124.23,334342.36
2025-12-22,333370.45,332177.32,333578.7,330909.0
2025-12-23,331169.3,331470.13,331730.58,330723.52
2025-12-24,330684.94,330857.32,330704.88,329868.93
2025-12-25,333318.7,331995.96,333541.05,332649.89
2025-12-26,334409.3,334332.88,334762.77,332890.15
2025-12-29,337662.89,336886.62,337990.59,335602.83
2025-12-30,331544.49,330247.8,334529.12,330447.26
2025-12-31,330230.31,329840.37,331100.56,328958.67
