Date,Open,High,Low,Close,Volume
2000-01-03,1409.63,1416.2,1405.2,1409.46,58577306
2000-01-04,1411.25,1424.52,1387.93,1407.68,142234867
2000-01-05,1423.37,1420.03,1404.63,1419.89,168618655
2000-01-06,1436.38,1450.09,1445.41,1448.08,118290309
2000-01-07,1437.92,1449.54,1439.04,1444.51,237265064
2000-01-10,1435.05,1446.04,1437.29,1440.94,269032483
2000-01-11,1465.79,1479.43,1446.42,1470.59,202396966
2000-01-12,1483.09,1499.28,1471.93,1485.59,214281174
2000-01-13,1483.44,1478.82,1475.53,1477.53,272004444
2000-01-14,1495.51,1492.97,1485.99,1488.37,150293533
2000-01-17,1478.68,1494.35,1463.3,1480.41,190792120
2000-01-18,1470.97,1483.39,1465.63,1472.45,174651402
2000-01-19,1473.48,1498.58,1459.23,1477.65,283454937
2000-01-20,1443.66,1449.82,1417.82,1443.15,179714646
2000-01-21,1413.94,1415.71,1407.58,1412.8,143648002
2000-01-24,1408.02,1410.63,1397.7,1403.49,239268015
2000-01-25,1390.78,1392.62,1366.88,1386.36,129691909
2000-01-26,1379.7,1413.36,1375.29,1392.52,186231430
2000-01-27,1376.49,1386.71,1376.97,1377.33,211175083
2000-01-28,1361.18,1380.13,1337.06,1353.69,164306022
2000-01-31,1377.16,1384.4,1359.89,1379.57,111114684
2000-02-01,1382.58,1377.32,1375.49,1376.31,180387381
2000-02-02,1376.45,1383.39,1350.88,1378.14,240999986
2000-02-03,1355.21,1381.67,1353.93,1354.27,232954069
2000-02-04,1339.53,1356.35,1343.34,1345.65,226534575
2000-02-07,1342.25,1360.26,1338.83,1348.17,280480881
2000-02-08,1333.25,1337.43,1325.63,1329.4,75743358
2000-02-09,1341.05,1336.68,1335.43,1336.34,147671008
2000-02-10,1327.04,1345.22,1311.94,1326.9,167737895
2000-02-11,1316.17,1322.9,1322.46,1322.66,277791773
2000-02-14,1313.53,1331.09,1295.49,1313.3,296092015
2000-02-15,1351.71,1346.57,1340.99,1344.95,171192087
2000-02-16,1354.74,1348.51,1337.86,1345.36,273301058
2000-02-17,1326.5,1334.75,1318.99,1328.18,289814913
2000-02-18,1333.74,1352.31,1335.18,1342.65,234676395
2000-02-21,1327.24,1331.53,1307.22,1322.79,185222439
2000-02-22,1325.44,1346.51,1317.27,1326.91,295720850
2000-02-23,1300.05,1315.2,1283.87,1295.17,92382526
2000-02-24,1275.71,1276.9,1267.46,1274.28,89830167
2000-02-25,1273.54,1278.17,1269.83,1278.05,229918385
2000-02-28,1290.91,1301.25,1270.29,1290.61,135055288
2000-02-29,1300.79,1305.35,1286.89,1294.02,158047342
2000-03-01,1291.98,1301.09,1274.14,1292.75,277212656
2000-03-02,1283.14,1293.9,1282.81,1288.47,174009777
2000-03-03,1257.25,1278.68,1256.67,1265.29,283086558
2000-03-06,1250.59,1258.57,1251.49,1254.47,153633649
2000-03-07,1245.75,1254.46,1240.65,1247.8,280330472
2000-03-08,1269.28,1278.8,1255.91,1265.13,297749561
2000-03-09,1265.53,1275.86,1261.45,1271.23,152568862
2000-03-10,1251.62,1257.3,1239.57,1243.89,236043812
2000-03-13,1242.89,1258.56,1242.72,1249.58,96446442
2000-03-14,1255.73,1249.61,1229.3,1244.12,154977756
2000-03-15,1242.66,1241.39,1224.98,1234.14,98078595
2000-03-16,1244.99,1247.28,1236.81,1244.28,260248633
2000-03-17,1252.84,1277.57,1255.89,1261.15,74348297
2000-03-20,1276.36,1278.55,1264.88,1276.65,166049214
2000-03-21,1261.86,1264.27,1248.92,1263.82,257678883
2000-03-22,1253.09,1266.85,1255.96,1259.51,159701814
2000-03-23,1266.85,1267.29,1253.46,1265.38,52686946
2000-03-24,1277.41,1283.48,1275.18,1281.63,175347896
2000-03-27,1270.88,1282.84,1268.18,1274.53,116298095
2000-03-28,1271.12,1287.18,1261.45,1272.15,267316308
2000-03-29,1252.26,1273.27,1247.11,1255.14,188959274
2000-03-30,1247.24,1243.22,1231.15,1236.96,239364840
2000-03-31,1247.6,1251.25,1247.12,1250.28,116169408
2000-04-03,1274.68,1282.72,1249.84,1272.43,99253353
2000-04-04,1272.63,1307.79,1262.25,1271.89,73763083
2000-04-05,1290.5,1301.51,1280.22,1288.68,158095549
2000-04-06,1297.41,1299.84,1295.13,1295.18,136462615
2000-04-07,1289.84,1292.59,1269.6,1285.31,235593985
2000-04-10,1293.17,1297.36,1279.29,1291.79,109251118
2000-04-11,1318.88,1325.29,1310.67,1317.69,236416765
2000-04-12,1318.04,1329.59,1312.95,1317.73,61953591
2000-04-13,1343.86,1345.05,1319.73,1344.6,182388051
2000-04-14,1296.82,1316.92,1294.24,1301.57,105296399
2000-04-17,1315.42,1325.71,1307.93,1315.74,170580769
2000-04-18,1319.08,1318.39,1311.88,1317.81,167995212
2000-04-19,1315.59,1317.92,1309.38,1313.48,57686033
2000-04-20,1316.58,1320.53,1312.66,1315.63,239379100
2000-04-21,1282.51,1287.47,1279.84,1283.7,217731381
2000-04-24,1280.47,1283.71,1277.98,1280.76,297481394
2000-04-25,1284.3,1299.14,1286.62,1287.15,299837290
2000-04-26,1313.61,1315.73,1296.11,1311.97,99187341
2000-04-27,1302.9,1313.02,1290.36,1304.05,260274653
2000-04-28,1292.38,1300.65,1280.9,1291.45,238015673
2000-05-01,1289.06,1305.59,1275.48,1283.92,241365538
2000-05-02,1295.75,1313.36,1292.17,1299.43,51565832
2000-05-03,1308.56,1312.62,1293.78,1305.45,285718692
2000-05-04,1297.55,1309.46,1296.42,1297.38,262636141
2000-05-05,1316.98,1317.59,1286.89,1306.42,270021094
2000-05-08,1307.51,1322.11,1307.89,1308.64,92026763
2000-05-09,1329.03,1336.88,1314.83,1325.34,182027476
2000-05-10,1314.38,1341.22,1306.6,1314.3,225021777
2000-05-11,1302.23,1327.85,1296.49,1309.51,249342730
2000-05-12,1300.96,1304.0,1298.69,1303.67,210743962
2000-05-15,1284.97,1283.1,1274.35,1280.47,278907752
2000-05-16,1283.64,1292.35,1261.41,1285.86,96016177
2000-05-17,1279.25,1295.18,1283.48,1290.71,51246049
2000-05-18,1291.25,1298.82,1268.47,1291.41,190601363
2000-05-19,1282.59,1309.16,1281.97,1288.21,240830476
2000-05-22,1266.72,1279.43,1263.99,1266.05,239032750
2000-05-23,1267.77,1260.17,1259.41,1259.96,124949383
2000-05-24,1258.99,1266.48,1250.9,1255.13,117810276
2000-05-25,1250.74,1243.76,1242.2,1243.1,182164804
2000-05-26,1238.38,1251.83,1240.8,1241.16,136800710
2000-05-29,1247.38,1255.9,1239.69,1248.09,297337535
2000-05-30,1273.37,1287.44,1261.5,1278.71,127786667
2000-05-31,1278.63,1284.68,1266.89,1282.14,102216843
2000-06-01,1282.15,1287.02,1279.52,1286.92,119575016
2000-06-02,1279.6,1295.37,1285.28,1286.33,236239747
2000-06-05,1263.06,1261.03,1237.1,1256.2,113463719
2000-06-06,1245.87,1270.92,1252.95,1256.38,248509970
2000-06-07,1264.83,1262.56,1254.31,1257.93,211181109
2000-06-08,1304.67,1302.66,1295.63,1298.2,111827840
2000-06-09,1298.27,1309.16,1295.26,1295.68,129140214
2000-06-12,1295.43,1305.69,1289.33,1301.23,162047850
2000-06-13,1293.04,1311.32,1293.29,1301.28,137538422
2000-06-14,1280.05,1296.21,1264.55,1282.87,60549900
2000-06-15,1305.35,1312.1,1292.48,1302.09,291380145
2000-06-16,1315.13,1333.99,1314.13,1315.11,179663668
2000-06-19,1323.37,1340.43,1325.73,1328.92,249258611
2000-06-20,1320.44,1333.74,1293.59,1314.4,127913513
2000-06-21,1347.5,1348.1,1337.01,1338.48,291254252
2000-06-22,1314.48,1319.54,1309.74,1315.67,198881048
2000-06-23,1326.65,1333.52,1324.34,1326.07,266302635
2000-06-26,1355.59,1378.36,1356.91,1363.82,174847212
2000-06-27,1345.32,1360.18,1343.11,1347.55,232641761
2000-06-28,1341.34,1354.3,1332.82,1338.61,242773200
2000-06-29,1342.83,1348.1,1334.1,1340.93,208868697
2000-06-30,1330.38,1343.73,1331.23,1333.08,156657940
2000-07-03,1306.48,1326.27,1283.77,1307.91,291609803
2000-07-04,1307.33,1310.66,1301.88,1309.67,287241935
2000-07-05,1291.43,1311.55,1289.58,1292.87,239866046
2000-07-06,1303.43,1328.99,1300.69,1301.23,164382419
2000-07-07,1276.73,1287.86,1279.78,1286.86,111112713
2000-07-10,1312.47,1324.58,1301.32,1312.86,174682070
2000-07-11,1302.4,1303.0,1275.92,1300.58,75126390
2000-07-12,1292.98,1301.11,1290.43,1295.93,74599918
2000-07-13,1307.4,1313.49,1301.33,1309.91,50075229
2000-07-14,1288.04,1292.38,1287.33,1290.37,165578938
2000-07-17,1292.21,1300.25,1286.18,1294.69,202779570
2000-07-18,1316.84,1322.9,1312.17,1316.81,134541828
2000-07-19,1291.69,1291.83,1281.66,1291.03,58569419
2000-07-20,1283.77,1295.25,1292.47,1294.65,189038121
2000-07-21,1302.91,1308.1,1291.18,1299.51,238476405
2000-07-24,1311.48,1324.2,1308.21,1313.0,257435341
2000-07-25,1303.31,1293.85,1289.15,1293.31,182280955
2000-07-26,1266.52,1292.05,1265.0,1272.58,197922421
2000-07-27,1277.14,1293.52,1266.38,1281.59,156007051
2000-07-28,1285.96,1300.9,1260.18,1287.0,216387991
2000-07-31,1293.82,1291.94,1290.54,1291.69,182639788
2000-08-01,1287.83,1301.29,1279.93,1297.96,77482676
2000-08-02,1283.23,1297.82,1262.35,1287.5,246050100
2000-08-03,1294.94,1308.01,1287.05,1291.88,172482064
2000-08-04,1292.36,1317.53,1289.53,1297.28,131881024
2000-08-07,1293.32,1299.81,1285.91,1286.27,235793909
2000-08-08,1315.1,1331.29,1309.03,1317.49,118643049
2000-08-09,1321.24,1328.95,1316.23,1326.01,135242041
2000-08-10,1310.07,1313.9,1290.3,1306.88,238080932
2000-08-11,1326.84,1331.59,1308.28,1318.36,58364106
2000-08-14,1305.06,1308.68,1282.63,1302.89,257014825
2000-08-15,1323.14,1331.27,1315.92,1316.5,203993925
2000-08-16,1345.46,1358.86,1333.42,1336.5,231653070
2000-08-17,1318.5,1323.62,1320.55,1323.38,278571368
2000-08-18,1345.21,1340.8,1337.1,1340.18,129295655
2000-08-21,1339.59,1354.15,1336.57,1347.81,192234134
2000-08-22,1364.8,1372.98,1361.57,1362.49,260797974
2000-08-23,1395.71,1406.67,1387.29,1396.1,263792741
2000-08-24,1399.38,1404.42,1387.54,1392.46,206923109
2000-08-25,1386.43,1386.92,1378.08,1379.95,191967152
2000-08-28,1368.34,1368.48,1362.08,1365.23,273564671
2000-08-29,1353.52,1360.23,1333.79,1351.91,288228427
2000-08-30,1353.99,1356.94,1350.83,1351.24,108974854
2000-08-31,1358.04,1357.76,1349.49,1357.71,146581924
2000-09-01,1362.76,1367.45,1340.73,1363.1,122187279
2000-09-04,1385.98,1386.69,1363.63,1378.03,129316982
2000-09-05,1387.54,1398.53,1366.19,1378.91,264192165
2000-09-06,1404.27,1413.1,1401.62,1405.07,173000039
2000-09-07,1402.39,1403.68,1398.48,1401.06,68378594
2000-09-08,1451.07,1458.81,1435.3,1450.6,298907943
2000-09-11,1453.34,1471.86,1456.93,1462.77,165035420
2000-09-12,1445.8,1466.37,1444.57,1447.75,121319654
2000-09-13,1438.17,1444.5,1428.76,1429.03,57692432
2000-09-14,1434.11,1453.92,1426.61,1438.43,142611314
2000-09-15,1447.2,1451.64,1421.2,1435.07,223693587
2000-09-18,1455.52,1452.1,1429.77,1448.72,284657944
2000-09-19,1460.42,1458.46,1447.56,1458.08,65186747
2000-09-20,1460.71,1467.61,1456.61,1457.44,107530789
2000-09-21,1437.36,1451.11,1440.94,1442.66,195692990
2000-09-22,1414.56,1419.56,1410.61,1416.06,157390758
2000-09-25,1416.91,1413.35,1391.65,1408.79,63184637
2000-09-26,1421.24,1425.15,1423.59,1424.75,112961343
2000-09-27,1435.34,1439.04,1427.63,1429.28,225897060
2000-09-28,1399.93,1422.22,1407.48,1407.69,232124626
2000-09-29,1404.67,1412.06,1391.31,1411.44,120516244
2000-10-02,1429.77,1442.24,1414.79,1418.98,227775903
2000-10-03,1403.87,1422.19,1403.6,1403.93,202885094
2000-10-04,1404.29,1413.59,1390.85,1407.33,77506152
2000-10-05,1416.71,1409.4,1407.37,1409.03,213638539
2000-10-06,1396.47,1402.19,1376.91,1389.55,248645368
2000-10-09,1401.63,1400.95,1386.31,1396.49,137649902
2000-10-10,1403.85,1410.55,1404.75,1407.06,293636302
2000-10-11,1425.43,1439.94,1410.12,1427.07,297786871
2000-10-12,1448.64,1460.22,1439.0,1446.83,198639316
2000-10-13,1426.57,1426.28,1420.89,1422.61,246134479
2000-10-16,1403.71,1421.92,1403.69,1406.57,54411542
2000-10-17,1417.37,1422.43,1405.2,1416.4,149560179
2000-10-18,1427.81,1432.0,1421.56,1426.28,212001625
2000-10-19,1443.64,1447.54,1434.96,1436.25,211646606
2000-10-20,1512.96,1527.78,1507.84,1508.4,75653348
2000-10-23,1510.85,1534.9,1504.45,1520.02,260019083
2000-10-24,1541.33,1562.05,1523.63,1542.65,267177475
2000-10-25,1556.25,1573.7,1551.35,1562.05,247575714
2000-10-26,1579.25,1604.49,1574.27,1575.67,264731102
2000-10-27,1575.97,1580.0,1561.7,1570.17,258284604
2000-10-30,1586.66,1595.74,1566.78,1586.02,199598844
2000-10-31,1569.71,1576.6,1562.36,1571.4,291092319
2000-11-01,1567.89,1573.24,1563.81,1567.46,89024288
2000-11-02,1559.95,1577.63,1550.34,1558.65,118858380
2000-11-03,1557.0,1570.96,1552.58,1561.0,182608164
2000-11-06,1600.12,1615.1,1596.02,1607.96,140390955
2000-11-07,1558.43,1571.47,1568.89,1571.32,293225857
2000-11-08,1593.75,1586.9,1567.21,1585.72,71681061
2000-11-09,1557.65,1570.38,1551.98,1554.56,165134244
2000-11-10,1548.33,1560.35,1544.48,1546.08,157899322
2000-11-13,1576.12,1580.33,1565.15,1568.19,254077681
2000-11-14,1562.32,1575.22,1541.14,1570.21,173534455
2000-11-15,1539.01,1562.79,1549.51,1549.77,76576964
2000-11-16,1538.96,1540.59,1532.89,1536.6,155163025
2000-11-17,1552.37,1552.32,1544.19,1550.55,262910639
2000-11-20,1526.43,1558.3,1522.88,1537.08,202040272
2000-11-21,1544.22,1545.34,1531.14,1542.01,144704961
2000-11-22,1541.16,1543.97,1534.19,1543.63,254912560
2000-11-23,1526.79,1555.67,1507.57,1531.74,244602345
2000-11-24,1572.32,1583.08,1557.01,1574.42,241547961
2000-11-27,1572.3,1607.32,1570.73,1587.8,201683661
2000-11-28,1544.88,1555.95,1537.96,1548.54,173568626
2000-11-29,1548.55,1561.76,1544.69,1552.92,121620811
2000-11-30,1544.2,1542.21,1533.59,1540.76,98733920
2000-12-01,1557.16,1561.09,1552.38,1558.14,237460358
2000-12-04,1547.34,1554.99,1534.68,1543.4,192206566
2000-12-05,1526.18,1546.64,1530.07,1541.9,266409196
2000-12-06,1547.27,1555.04,1551.26,1552.48,182093764
2000-12-07,1573.75,1590.42,1569.24,1570.25,136004099
2000-12-08,1545.51,1573.18,1541.68,1547.42,75420191
2000-12-11,1546.86,1556.52,1534.65,1541.65,286180356
2000-12-12,1522.12,1544.67,1518.76,1533.18,60162487
2000-12-13,1525.79,1538.04,1505.71,1521.34,89352571
2000-12-14,1552.32,1570.99,1556.05,1556.3,118532211
2000-12-15,1560.4,1574.17,1551.63,1565.0,284606379
2000-12-18,1547.18,1556.54,1540.45,1541.07,224900807
2000-12-19,1566.99,1569.73,1556.92,1559.74,162627340
2000-12-20,1609.4,1629.18,1602.17,1602.77,181194243
2000-12-21,1637.77,1631.79,1614.13,1624.53,79189811
2000-12-22,1602.56,1596.48,1575.51,1594.48,146714954
2000-12-25,1580.5,1589.89,1558.97,1585.54,216121230
2000-12-26,1612.73,1627.85,1610.13,1611.82,82092023
2000-12-27,1595.97,1608.24,1592.76,1598.27,249663725
2000-12-28,1621.05,1616.39,1599.3,1608.0,197271761
2000-12-29,1631.72,1628.56,1607.36,1624.54,118974163
2001-01-01,1605.23,1633.49,1595.4,1606.45,246231936
2001-01-02,1611.65,1607.78,1587.8,1606.01,129757450
2001-01-03,1534.88,1565.75,1522.44,1542.48,288862556
2001-01-04,1524.95,1524.07,1499.65,1523.43,87739708
2001-01-05,1513.61,1529.83,1518.19,1519.31,217240540
2001-01-08,1486.22,1502.03,1491.54,1496.32,288473047
2001-01-09,1532.94,1548.65,1492.55,1528.14,101956051
2001-01-10,1507.03,1519.12,1484.22,1501.57,146209373
2001-01-11,1496.71,1508.22,1484.72,1493.98,271631422
2001-01-12,1496.06,1505.24,1472.97,1497.16,187635237
2001-01-15,1517.59,1546.26,1514.3,1525.32,192392516
2001-01-16,1491.72,1531.19,1494.8,1498.68,159370156
2001-01-17,1515.63,1522.31,1521.27,1521.53,262633161
2001-01-18,1521.03,1533.14,1501.96,1522.45,181676357
2001-01-19,1510.94,1521.4,1478.6,1504.46,280905155
2001-01-22,1520.39,1516.63,1506.86,1513.97,249079171
2001-01-23,1508.48,1520.04,1494.19,1518.49,176992582
2001-01-24,1503.59,1509.01,1482.46,1507.77,269736879
2001-01-25,1505.46,1513.41,1493.85,1509.81,61032416
2001-01-26,1488.0,1510.83,1502.65,1503.22,144397576
2001-01-29,1509.5,1510.76,1503.88,1506.09,107165145
2001-01-30,1517.93,1542.95,1497.66,1519.43,294545522
2001-01-31,1550.13,1552.68,1541.49,1550.83,91815539
2001-02-01,1535.78,1556.49,1523.95,1527.56,172710190
2001-02-02,1570.47,1574.36,1567.3,1569.92,180187752
2001-02-05,1529.86,1544.51,1527.62,1532.51,69762644
2001-02-06,1533.81,1532.31,1517.61,1530.31,77965755
2001-02-07,1548.96,1558.64,1532.74,1542.43,69737395
2001-02-08,1550.47,1560.39,1533.66,1548.63,80239099
2001-02-09,1541.5,1550.31,1534.25,1537.26,220354517
2001-02-12,1533.07,1539.29,1526.45,1533.97,204826656
2001-02-13,1524.7,1546.59,1514.23,1525.2,74375737
2001-02-14,1515.32,1519.06,1478.84,1514.63,154211296
2001-02-15,1527.05,1541.96,1525.25,1531.66,131327919
2001-02-16,1535.8,1547.76,1528.63,1539.3,221722884
2001-02-19,1535.06,1531.97,1522.38,1526.65,172301396
2001-02-20,1557.19,1555.18,1504.18,1544.78,134933544
2001-02-21,1561.4,1557.45,1542.89,1551.51,57523584
2001-02-22,1559.93,1568.79,1533.91,1568.23,231685810
2001-02-23,1572.49,1598.46,1574.28,1581.47,298758927
2001-02-26,1558.33,1590.02,1557.9,1565.79,241158114
2001-02-27,1556.35,1555.8,1551.19,1555.52,63362531
2001-02-28,1553.33,1578.83,1548.6,1570.98,206319979
2001-03-01,1580.13,1586.31,1560.68,1583.86,260321055
2001-03-02,1593.11,1600.8,1576.91,1584.2,215118940
2001-03-05,1593.54,1588.24,1584.08,1587.3,270153190
2001-03-06,1610.54,1616.21,1595.37,1613.82,150934446
2001-03-07,1599.82,1610.2,1592.03,1602.6,114400278
2001-03-08,1618.12,1615.74,1594.39,1614.46,232138126
2001-03-09,1617.14,1616.15,1610.6,1611.12,155277081
2001-03-12,1604.04,1614.11,1598.89,1607.47,145436324
2001-03-13,1629.12,1639.16,1625.95,1630.65,232523389
2001-03-14,1644.75,1656.54,1642.98,1648.48,185261912
2001-03-15,1657.39,1673.3,1665.18,1666.26,198195766
2001-03-16,1693.21,1713.04,1692.28,1694.7,63249099
2001-03-19,1693.95,1739.66,1693.6,1695.95,274726930
2001-03-20,1702.77,1716.82,1697.77,1711.4,63148154
2001-03-21,1709.95,1706.01,1695.49,1705.54,261879711
2001-03-22,1716.65,1736.37,1699.86,1713.33,87942742
2001-03-23,1716.1,1715.58,1697.51,1711.34,271042372
2001-03-26,1708.98,1720.77,1710.76,1714.25,260687286
2001-03-27,1714.26,1736.13,1717.79,1727.97,290473304
2001-03-28,1714.27,1747.37,1709.04,1711.07,79183992
2001-03-29,1752.94,1776.82,1748.57,1757.61,178582242
2001-03-30,1730.12,1746.55,1732.67,1736.3,86136247
2001-04-02,1702.15,1720.15,1706.23,1710.76,137985948
2001-04-03,1734.82,1747.02,1724.49,1736.73,119423333
2001-04-04,1766.05,1767.28,1750.3,1754.97,291914195
2001-04-05,1766.09,1779.02,1765.21,1769.67,258530926
2001-04-06,1776.8,1790.09,1781.28,1784.58,270457123
2001-04-09,1789.81,1814.74,1766.38,1785.16,148486387
2001-04-10,1767.15,1782.43,1757.89,1765.93,257085638
2001-04-11,1753.47,1779.43,1762.77,1768.46,172865365
2001-04-12,1758.92,1766.27,1753.28,1754.27,135824337
2001-04-13,1791.93,1782.53,1770.73,1776.8,148718772
2001-04-16,1755.9,1778.22,1765.07,1774.36,209561300
2001-04-17,1748.15,1757.64,1755.29,1756.84,76686374
2001-04-18,1730.63,1758.25,1735.06,1750.57,144327371
2001-04-19,1760.01,1779.41,1747.34,1760.54,167975818
2001-04-20,1755.84,1759.3,1730.31,1748.91,183992183
2001-04-23,1732.45,1733.32,1713.82,1731.72,222165451
2001-04-24,1747.54,1764.25,1721.59,1737.87,279791705
2001-04-25,1749.86,1745.66,1735.76,1744.07,155500445
2001-04-26,1745.6,1748.84,1714.29,1733.79,162571470
2001-04-27,1732.36,1724.89,1720.24,1724.35,195013703
2001-04-30,1727.44,1736.92,1721.67,1730.23,278077674
2001-05-01,1700.21,1703.11,1694.09,1699.76,107137076
2001-05-02,1664.87,1672.93,1665.52,1670.68,74918097
2001-05-03,1654.88,1664.41,1653.88,1656.41,172186953
2001-05-04,1653.16,1670.92,1651.33,1652.75,165378567
2001-05-07,1659.46,1664.8,1657.05,1660.03,185196901
2001-05-08,1701.06,1708.04,1689.12,1691.98,196956002
2001-05-09,1708.91,1724.38,1680.57,1711.17,72145043
2001-05-10,1702.17,1714.21,1697.48,1708.54,267463563
2001-05-11,1703.0,1718.85,1675.03,1708.95,184381552
2001-05-14,1692.72,1692.55,1681.59,1688.3,95266242
2001-05-15,1679.23,1693.56,1687.56,1688.71,103718483
2001-05-16,1682.03,1693.21,1665.44,1683.38,288968497
2001-05-17,1700.02,1703.64,1680.09,1691.04,188198909
2001-05-18,1676.27,1674.89,1648.83,1674.31,202957579
2001-05-21,1685.6,1695.37,1679.06,1686.1,144541109
2001-05-22,1719.55,1748.21,1693.39,1719.8,193507927
2001-05-23,1711.18,1747.42,1701.17,1718.26,155471867
2001-05-24,1721.88,1731.72,1713.24,1727.8,123961141
2001-05-25,1742.36,1771.97,1738.96,1743.72,269623497
2001-05-28,1737.64,1737.95,1734.87,1735.75,59002728
2001-05-29,1748.1,1741.96,1728.63,1741.49,87954189
2001-05-30,1743.24,1743.74,1736.31,1742.6,245114419
2001-05-31,1755.02,1759.42,1739.76,1745.57,201765453
2001-06-01,1740.58,1739.82,1727.64,1729.48,217068821
2001-06-04,1736.34,1734.96,1726.42,1730.84,222689027
2001-06-05,1751.1,1748.84,1729.81,1742.56,248573806
2001-06-06,1768.52,1777.04,1762.95,1775.56,136030195
2001-06-07,1789.74,1823.54,1783.22,1798.0,118450618
2001-06-08,1852.16,1870.2,1821.29,1848.33,192864033
2001-06-11,1821.59,1833.46,1807.72,1831.42,159590335
2001-06-12,1850.38,1853.5,1847.45,1852.54,79560057
2001-06-13,1863.43,1869.79,1846.22,1857.7,144085759
2001-06-14,1921.38,1923.48,1899.27,1910.58,183550353
2001-06-15,1890.2,1918.52,1869.64,1892.12,245781089
2001-06-18,1868.23,1875.45,1856.35,1873.1,73584849
2001-06-19,1862.28,1864.08,1852.43,1859.9,111435111
2001-06-20,1803.87,1833.24,1795.9,1811.65,67371166
2001-06-21,1799.3,1818.85,1775.82,1800.55,60636009
2001-06-22,1784.2,1800.74,1776.81,1784.26,259921107
2001-06-25,1788.29,1822.37,1775.46,1788.49,102343779
2001-06-26,1797.7,1802.5,1779.46,1797.07,247204009
2001-06-27,1834.78,1859.94,1835.28,1840.93,139837257
2001-06-28,1858.57,1870.06,1851.38,1863.99,175419770
2001-06-29,1845.84,1851.58,1843.44,1851.37,226291325
2001-07-02,1819.54,1839.67,1818.77,1831.41,191748610
2001-07-03,1846.19,1852.39,1835.01,1843.67,109999828
2001-07-04,1820.61,1836.69,1795.34,1814.12,82863203
2001-07-05,1863.27,1873.91,1845.83,1857.35,293771062
2001-07-06,1884.07,1912.3,1884.17,1886.05,75764105
2001-07-09,1869.75,1892.44,1864.09,1875.83,271658694
2001-07-10,1842.12,1870.07,1832.04,1836.65,293253269
2001-07-11,1873.92,1872.19,1868.45,1869.14,61122070
2001-07-12,1868.96,1913.91,1855.64,1867.33,197916875
2001-07-13,1910.83,1897.77,1883.01,1897.59,233780838
2001-07-16,1860.54,1877.42,1856.47,1860.73,194019212
2001-07-17,1845.72,1848.46,1835.13,1847.62,176800551
2001-07-18,1845.66,1849.37,1836.63,1848.62,189701114
2001-07-19,1839.04,1852.97,1836.69,1850.59,153511948
2001-07-20,1845.88,1850.76,1839.86,1841.01,62245856
2001-07-23,1855.61,1871.83,1842.38,1856.39,160398814
2001-07-24,1836.2,1857.2,1810.38,1832.46,104796527
2001-07-25,1843.53,1833.64,1819.42,1830.05,163434674
2001-07-26,1830.83,1844.36,1802.15,1833.7,161250367
2001-07-27,1829.23,1855.78,1831.66,1846.5,196727387
2001-07-30,1867.6,1883.2,1847.86,1864.02,175992530
2001-07-31,1839.89,1842.45,1828.05,1838.67,111564884
2001-08-01,1799.04,1808.34,1791.76,1804.33,87124959
2001-08-02,1837.4,1848.18,1823.55,1834.48,136128217
2001-08-03,1848.85,1857.76,1842.28,1843.06,123102205
2001-08-06,1819.71,1836.69,1818.15,1826.63,163523212
2001-08-07,1861.32,1870.18,1853.58,1863.56,156463388
2001-08-08,1878.2,1879.92,1853.07,1867.17,198216006
2001-08-09,1890.55,1905.78,1881.01,1896.02,296248447
2001-08-10,1899.05,1909.16,1884.62,1898.54,52694574
2001-08-13,1928.94,1959.22,1947.67,1949.41,253854489
2001-08-14,1982.13,1995.82,1990.59,1993.95,263024453
2001-08-15,1989.9,1988.89,1973.53,1988.65,193862495
2001-08-16,2023.99,2044.99,2009.76,2014.1,294959203
2001-08-17,2020.44,2055.42,1994.74,2031.51,207865077
2001-08-20,2068.44,2073.39,2059.48,2067.83,146315030
2001-08-21,2040.74,2055.87,2036.73,2043.81,273452915
2001-08-22,2070.4,2079.97,2053.3,2062.54,296763594
2001-08-23,2081.04,2107.4,2081.87,2091.22,180601911
2001-08-24,2049.89,2058.14,2035.42,2046.37,263940948
2001-08-27,2011.77,2046.41,2005.45,2017.05,55205778
2001-08-28,1968.58,1968.13,1938.0,1966.82,179482593
2001-08-29,1961.63,1971.27,1955.68,1961.09,210873456
2001-08-30,1977.85,1989.1,1970.02,1979.84,253180398
2001-08-31,2022.49,2058.24,2009.13,2018.64,149412723
2001-09-03,2021.84,2053.56,2013.17,2021.48,63305963
2001-09-04,2063.28,2064.57,2041.7,2064.37,289593250
2001-09-05,2026.86,2036.03,2009.15,2029.75,115190576
2001-09-06,1988.22,2009.22,1976.98,1987.61,199485022
2001-09-07,1988.93,1989.5,1978.23,1987.16,172191964
2001-09-10,1989.85,2008.25,1997.5,1997.75,205827141
2001-09-11,1995.09,2011.85,1993.55,1997.88,277924067
2001-09-12,1939.22,1948.66,1924.21,1947.44,56828212
2001-09-13,1945.87,1949.03,1939.96,1946.18,284939038
2001-09-14,1910.83,1928.15,1913.84,1915.37,240220383
2001-09-17,1938.47,1959.07,1922.81,1932.52,135549287
2001-09-18,1947.61,1946.06,1931.72,1942.39,240052602
2001-09-19,1913.35,1934.34,1906.31,1920.44,234473427
2001-09-20,1908.94,1912.4,1907.76,1908.95,250033858
2001-09-21,1889.36,1906.2,1881.07,1884.54,168810348
2001-09-24,1882.63,1894.56,1851.38,1883.95,197719454
2001-09-25,1902.11,1923.77,1901.24,1907.67,262049695
2001-09-26,1876.79,1886.04,1869.87,1885.02,163080526
2001-09-27,1904.42,1899.19,1891.51,1897.94,227010998
2001-09-28,1893.01,1897.81,1875.07,1886.2,60688614
2001-10-01,1866.78,1879.92,1834.29,1868.34,66859294
2001-10-02,1872.43,1887.14,1839.54,1866.71,90652482
2001-10-03,1821.53,1872.4,1836.5,1843.4,177518258
2001-10-04,1841.18,1832.03,1814.77,1831.46,93794809
2001-10-05,1803.75,1822.93,1772.74,1804.88,177421663
2001-10-08,1852.05,1866.64,1839.34,1851.0,290722633
2001-10-09,1850.33,1868.64,1845.74,1852.7,113582299
2001-10-10,1847.57,1852.71,1833.85,1837.32,161721114
2001-10-11,1835.33,1855.88,1835.93,1843.15,61069615
2001-10-12,1852.28,1841.65,1803.86,1841.42,147924205
2001-10-15,1840.09,1880.6,1831.5,1837.18,242770023
2001-10-16,1856.94,1861.84,1844.27,1852.33,148352938
2001-10-17,1868.52,1880.35,1847.01,1870.98,293542750
2001-10-18,1849.68,1873.96,1847.68,1859.41,285141298
2001-10-19,1853.72,1848.65,1833.99,1846.85,247780193
2001-10-22,1843.63,1847.5,1801.86,1841.33,266795588
2001-10-23,1799.3,1801.36,1785.35,1789.55,109042890
2001-10-24,1755.19,1771.43,1743.89,1756.55,150121158
2001-10-25,1784.91,1798.15,1779.16,1787.91,120960967
2001-10-26,1836.36,1842.61,1794.91,1826.22,99798864
2001-10-29,1835.3,1831.0,1817.63,1821.37,274051691
2001-10-30,1835.59,1843.08,1833.36,1835.52,119541809
2001-10-31,1838.06,1850.35,1823.51,1843.61,86288614
2001-11-01,1923.66,1922.64,1913.04,1917.44,120350888
2001-11-02,1943.63,1952.71,1914.8,1945.61,224062002
2001-11-05,1948.06,1990.73,1932.61,1943.4,205049293
2001-11-06,1919.06,1936.76,1909.92,1921.06,50752919
2001-11-07,1895.25,1905.11,1862.98,1883.46,143169145
2001-11-08,1883.91,1905.07,1873.78,1889.2,215272818
2001-11-09,1875.77,1886.73,1869.77,1872.17,227439665
2001-11-12,1836.2,1846.43,1831.5,1839.8,145003325
2001-11-13,1823.69,1836.78,1819.28,1825.74,50881742
2001-11-14,1798.92,1805.12,1789.42,1801.89,295362548
2001-11-15,1846.92,1870.15,1806.24,1841.48,274233908
2001-11-16,1869.78,1879.59,1857.76,1862.93,159234883
2001-11-19,1867.79,1886.58,1861.36,1863.63,62426700
2001-11-20,1898.79,1913.72,1891.0,1899.61,93003076
2001-11-21,1903.44,1921.29,1890.74,1902.37,262872222
2001-11-22,1889.5,1888.09,1882.06,1882.74,121051083
2001-11-23,1927.27,1947.92,1899.86,1920.13,115122333
2001-11-26,1913.32,1943.96,1904.24,1934.13,79892233
2001-11-27,1907.85,1911.73,1892.68,1909.93,269508445
2001-11-28,1904.55,1913.21,1869.77,1906.26,65862745
2001-11-29,1891.29,1889.94,1875.34,1886.25,130229035
2001-11-30,1854.06,1861.59,1851.75,1854.55,127267333
2001-12-03,1882.61,1887.84,1874.48,1877.21,80072474
2001-12-04,1915.53,1941.97,1920.03,1923.83,127232403
2001-12-05,1893.1,1897.31,1873.47,1891.13,72750427
2001-12-06,1912.36,1926.47,1898.02,1905.5,118177171
2001-12-07,1879.69,1898.01,1882.12,1890.85,57733259
2001-12-10,1899.08,1924.44,1874.93,1880.17,140252780
2001-12-11,1875.97,1877.9,1838.1,1867.08,283457236
2001-12-12,1847.76,1882.77,1836.77,1847.75,91117405
2001-12-13,1843.63,1870.41,1831.32,1849.76,86167728
2001-12-14,1830.08,1834.91,1822.8,1831.36,90887987
2001-12-17,1839.11,1842.92,1822.93,1838.49,196825476
2001-12-18,1841.44,1838.74,1833.61,1838.2,258281919
2001-12-19,1844.56,1859.04,1831.94,1833.55,51192121
2001-12-20,1810.11,1813.83,1789.85,1813.57,201791844
2001-12-21,1805.35,1818.74,1786.27,1801.29,82606087
2001-12-24,1809.98,1828.11,1816.43,1819.39,161205021
2001-12-25,1828.75,1837.81,1825.36,1831.78,184041620
2001-12-26,1812.94,1822.55,1802.69,1810.22,124055695
2001-12-27,1818.36,1826.54,1806.81,1813.35,83499615
2001-12-28,1825.95,1838.08,1800.9,1831.47,145358746
2001-12-31,1791.04,1808.81,1775.61,1794.2,192360178
2002-01-01,1817.95,1819.27,1786.29,1807.39,227958917
2002-01-02,1801.55,1811.69,1775.78,1793.21,290912681
2002-01-03,1808.52,1820.03,1779.53,1807.01,57601039
2002-01-04,1774.55,1810.9,1767.82,1790.57,262296620
2002-01-07,1768.74,1763.97,1738.98,1751.15,105458805
2002-01-08,1716.29,1718.16,1695.94,1716.42,154137767
2002-01-09,1716.13,1725.19,1692.48,1718.28,70201747
2002-01-10,1721.13,1741.0,1702.57,1724.73,99326823
2002-01-11,1708.58,1723.9,1699.34,1706.01,249906106
2002-01-14,1723.27,1732.5,1717.97,1720.61,113670154
2002-01-15,1692.18,1689.9,1664.29,1685.77,261630684
2002-01-16,1678.92,1688.28,1682.67,1685.17,244579966
2002-01-17,1658.37,1676.27,1652.36,1660.44,160298419
2002-01-18,1661.03,1673.26,1643.54,1647.65,166286996
2002-01-21,1650.9,1659.44,1643.22,1649.41,292561972
2002-01-22,1631.28,1641.08,1626.65,1632.41,68678239
2002-01-23,1619.17,1639.07,1622.98,1625.29,95240733
2002-01-24,1650.15,1654.13,1621.06,1646.81,280362086
2002-01-25,1642.41,1649.25,1623.66,1635.67,259284618
2002-01-28,1659.55,1663.88,1634.98,1653.77,282457680
2002-01-29,1629.48,1653.72,1628.73,1631.17,229975576
2002-01-30,1645.25,1649.05,1638.64,1642.88,203992241
2002-01-31,1684.98,1691.0,1658.81,1673.79,101931912
2002-02-01,1630.19,1629.8,1608.56,1623.24,260323500
2002-02-04,1602.75,1610.48,1604.89,1607.79,186804124
2002-02-05,1603.79,1621.05,1618.51,1620.29,96515005
2002-02-06,1618.84,1622.01,1611.21,1616.92,240018830
2002-02-07,1630.47,1650.1,1623.96,1625.28,77422994
2002-02-08,1606.69,1619.8,1611.3,1613.72,292247566
2002-02-11,1616.2,1641.76,1598.16,1616.25,114928802
2002-02-12,1612.15,1619.85,1611.51,1613.86,254633591
2002-02-13,1639.24,1646.54,1621.14,1638.55,219200268
2002-02-14,1641.02,1652.13,1642.42,1644.6,100962575
2002-02-15,1660.92,1657.64,1634.23,1652.4,285787074
2002-02-18,1645.6,1656.88,1640.93,1644.63,262355828
2002-02-19,1629.58,1640.5,1620.01,1635.33,192190430
2002-02-20,1633.19,1631.29,1625.57,1627.22,274141110
2002-02-21,1627.83,1646.52,1625.21,1636.1,277662016
2002-02-22,1636.59,1631.47,1620.48,1628.22,85613218
2002-02-25,1641.44,1639.07,1633.02,1634.96,236262287
2002-02-26,1688.41,1683.32,1656.11,1679.07,160483328
2002-02-27,1697.33,1702.68,1682.61,1698.41,204144945
2002-02-28,1688.9,1698.2,1690.18,1692.25,287464333
2002-03-01,1719.45,1730.33,1709.04,1718.88,108005821
2002-03-04,1710.3,1728.43,1705.49,1710.88,54758918
2002-03-05,1663.94,1669.34,1667.85,1668.3,90159382
2002-03-06,1644.38,1665.27,1643.26,1648.03,78828258
2002-03-07,1608.05,1614.85,1600.53,1610.41,248274494
2002-03-08,1596.55,1604.62,1585.66,1604.05,295244444
2002-03-11,1609.54,1628.76,1594.93,1605.19,103995669
2002-03-12,1639.89,1658.46,1628.14,1640.23,193989967
2002-03-13,1645.76,1649.67,1635.62,1647.79,121690501
2002-03-14,1636.73,1649.05,1636.78,1644.03,264589137
2002-03-15,1654.38,1680.25,1646.94,1662.09,128315932
2002-03-18,1629.72,1625.35,1595.19,1617.2,117624024
2002-03-19,1618.71,1630.23,1599.35,1622.78,60016492
2002-03-20,1643.4,1640.84,1636.33,1639.4,294737783
2002-03-21,1610.95,1612.28,1605.13,1609.9,86672769
2002-03-22,1615.91,1644.14,1626.04,1634.05,240018027
2002-03-25,1653.59,1663.69,1634.58,1641.81,161875679
2002-03-26,1638.5,1638.93,1631.38,1634.02,149499555
2002-03-27,1642.83,1657.11,1631.41,1647.89,189457631
2002-03-28,1696.33,1721.97,1692.37,1696.52,284566632
2002-03-29,1693.4,1717.28,1693.72,1701.22,279985718
2002-04-01,1719.83,1721.73,1697.45,1707.36,259844260
2002-04-02,1692.15,1699.64,1693.57,1698.32,172666729
2002-04-03,1677.51,1684.08,1677.39,1681.03,67925733
2002-04-04,1694.56,1704.96,1686.0,1699.52,213697120
2002-04-05,1682.63,1712.89,1681.2,1682.09,231887155
2002-04-08,1693.64,1708.17,1678.14,1684.41,94191044
2002-04-09,1687.09,1685.58,1672.68,1675.1,162202309
2002-04-10,1683.35,1698.34,1662.49,1686.04,133744149
2002-04-11,1696.51,1694.22,1691.48,1693.95,135505492
2002-04-12,1717.62,1720.46,1707.6,1717.05,90945258
2002-04-15,1700.17,1712.72,1702.23,1706.87,61928846
2002-04-16,1718.38,1702.03,1681.18,1701.89,216836577
2002-04-17,1691.0,1697.09,1678.29,1681.83,167417518
2002-04-18,1674.5,1687.01,1666.71,1673.24,177187910
2002-04-19,1692.65,1706.15,1671.34,1682.01,129678928
2002-04-22,1707.18,1706.27,1667.1,1698.94,216895211
2002-04-23,1680.66,1684.5,1678.17,1680.11,297865707
2002-04-24,1701.65,1715.35,1685.24,1699.43,141752516
2002-04-25,1739.99,1732.33,1717.8,1729.53,155785651
2002-04-26,1732.81,1761.06,1713.43,1739.39,140059174
2002-04-29,1793.79,1782.42,1777.26,1781.86,133298817
2002-04-30,1763.82,1785.51,1753.53,1765.41,201386330
2002-05-01,1749.38,1745.19,1721.68,1738.77,261064727
2002-05-02,1701.01,1713.63,1687.21,1701.05,140545384
2002-05-03,1736.58,1740.5,1732.5,1734.24,271159100
2002-05-06,1749.19,1753.54,1739.65,1749.43,135752174
2002-05-07,1745.32,1759.85,1747.9,1749.04,74999771
2002-05-08,1754.16,1756.87,1749.61,1756.05,254396665
2002-05-09,1741.71,1753.13,1719.57,1732.15,152799936
2002-05-10,1770.67,1796.23,1782.43,1787.21,291225652
2002-05-13,1782.1,1816.26,1785.53,1790.97,258618355
2002-05-14,1789.09,1834.38,1786.33,1794.3,128906516
2002-05-15,1803.83,1812.96,1799.18,1811.64,82807806
2002-05-16,1834.54,1835.02,1817.99,1823.52,92554843
2002-05-17,1838.75,1855.61,1817.31,1829.55,217825986
2002-05-20,1816.57,1834.06,1809.65,1812.28,56109533
2002-05-21,1819.29,1835.27,1810.11,1823.94,244146176
2002-05-22,1878.58,1875.83,1847.92,1868.6,111726266
2002-05-23,1889.37,1920.27,1869.61,1901.45,199973106
2002-05-24,1957.55,1944.87,1917.51,1940.92,167877363
2002-05-27,1924.1,1936.45,1921.49,1929.38,240443756
2002-05-28,1904.38,1913.63,1897.13,1906.38,130898094
2002-05-29,1901.0,1920.47,1887.87,1904.27,297840364
2002-05-30,1898.33,1922.1,1895.27,1906.51,105634193
2002-05-31,1948.79,1950.24,1929.64,1933.9,94327024
2002-06-03,1899.98,1909.91,1870.0,1894.0,164481696
2002-06-04,1941.17,1945.83,1909.76,1931.77,107893655
2002-06-05,1919.41,1940.57,1926.4,1928.85,210285987
2002-06-06,1920.81,1928.89,1913.34,1919.42,133938465
2002-06-07,1899.95,1916.45,1890.27,1896.0,280685785
2002-06-10,1859.78,1866.77,1827.81,1857.76,211857586
2002-06-11,1869.31,1878.51,1869.11,1878.03,203611687
2002-06-12,1888.75,1898.42,1876.72,1880.66,290517263
2002-06-13,1852.12,1868.28,1848.35,1851.22,183221991
2002-06-14,1815.17,1852.9,1803.49,1822.13,238815017
2002-06-17,1801.83,1827.8,1795.2,1815.3,65886863
2002-06-18,1859.26,1859.55,1845.9,1854.76,61883652
2002-06-19,1867.71,1855.02,1837.01,1849.58,277464690
2002-06-20,1808.38,1821.87,1811.7,1815.75,111034885
2002-06-21,1812.23,1820.0,1810.02,1811.0,294522153
2002-06-24,1813.67,1819.34,1799.43,1805.65,239103645
2002-06-25,1737.29,1750.43,1741.31,1746.16,274176100
2002-06-26,1742.44,1763.06,1733.54,1745.79,155051295
2002-06-27,1735.56,1759.31,1718.06,1741.55,110301236
2002-06-28,1764.65,1759.07,1723.82,1757.73,271990546
2002-07-01,1809.56,1824.93,1797.95,1800.01,274846572
2002-07-02,1827.78,1859.43,1815.56,1826.61,167225883
2002-07-03,1815.17,1824.15,1799.81,1821.3,262874926
2002-07-04,1793.76,1824.53,1776.15,1796.94,84108999
2002-07-05,1852.36,1862.29,1852.07,1857.04,193915391
2002-07-08,1852.05,1862.67,1848.96,1859.31,246191082
2002-07-09,1859.77,1864.92,1843.27,1860.53,170389246
2002-07-10,1865.13,1869.17,1856.68,1860.85,160283648
2002-07-11,1870.05,1871.04,1853.48,1866.39,296207171
2002-07-12,1863.82,1868.92,1863.69,1863.88,100775224
2002-07-15,1851.76,1860.63,1850.94,1851.34,50970389
2002-07-16,1838.9,1857.59,1830.36,1839.5,125071701
2002-07-17,1830.08,1846.41,1834.17,1839.62,229270749
2002-07-18,1829.11,1831.6,1824.56,1827.94,70593209
2002-07-19,1808.23,1824.18,1800.72,1812.46,272001370
2002-07-22,1805.97,1819.6,1813.6,1815.76,154790234
2002-07-23,1813.48,1822.01,1798.85,1810.79,261562508
2002-07-24,1841.79,1855.21,1837.66,1846.31,139250214
2002-07-25,1788.14,1786.54,1778.35,1786.52,289617818
2002-07-26,1818.26,1827.47,1792.0,1812.12,142999078
2002-07-29,1834.67,1849.04,1825.17,1841.67,74183269
2002-07-30,1795.7,1802.45,1788.24,1795.03,124292600
2002-07-31,1775.2,1818.54,1762.93,1788.15,248265799
2002-08-01,1791.57,1820.17,1776.99,1780.65,286564107
2002-08-02,1740.67,1752.7,1710.77,1750.19,225279511
2002-08-05,1730.37,1757.88,1731.13,1733.95,279683318
2002-08-06,1719.83,1712.33,1708.82,1710.67,288541070
2002-08-07,1748.04,1760.23,1713.05,1749.69,126705723
2002-08-08,1762.79,1772.69,1752.38,1771.28,285451279
2002-08-09,1805.88,1810.35,1790.46,1800.74,132170976
2002-08-12,1823.07,1850.66,1813.27,1818.05,93520841
2002-08-13,1788.69,1796.17,1789.99,1793.23,241876142
2002-08-14,1778.52,1793.32,1763.9,1782.26,202142487
2002-08-15,1791.02,1805.63,1778.78,1794.14,265925759
2002-08-16,1766.11,1774.63,1754.35,1767.57,148015404
2002-08-19,1770.86,1809.28,1768.87,1784.37,181674898
2002-08-20,1778.53,1814.06,1777.72,1779.82,254198234
2002-08-21,1784.93,1775.36,1764.88,1772.28,276427116
2002-08-22,1782.67,1795.73,1775.7,1789.08,70052904
2002-08-23,1795.78,1816.93,1782.75,1799.98,221203102
2002-08-26,1784.18,1799.38,1771.66,1792.66,202972500
2002-08-27,1824.36,1845.86,1802.66,1819.91,265043343
2002-08-28,1804.79,1799.7,1789.07,1796.14,174098966
2002-08-29,1819.55,1845.46,1806.8,1811.0,180140237
2002-08-30,1816.34,1835.23,1807.69,1825.45,56807318
2002-09-02,1822.85,1833.55,1815.63,1819.21,292595368
2002-09-03,1838.05,1850.76,1817.57,1827.57,125418769
2002-09-04,1803.51,1802.39,1773.56,1799.84,270088227
2002-09-05,1825.27,1828.36,1806.38,1821.79,218581131
2002-09-06,1814.98,1819.48,1808.29,1818.41,61722487
2002-09-09,1808.93,1818.77,1790.05,1807.34,58126692
2002-09-10,1841.32,1847.15,1819.33,1832.26,192398282
2002-09-11,1819.32,1822.8,1808.84,1816.93,109069380
2002-09-12,1776.91,1807.04,1777.07,1785.83,193195826
2002-09-13,1748.78,1780.7,1743.35,1751.98,130440660
2002-09-16,1774.79,1784.06,1740.0,1766.25,191056671
2002-09-17,1741.07,1747.39,1738.21,1738.81,207236956
2002-09-18,1779.37,1779.78,1774.23,1778.53,294592803
2002-09-19,1729.47,1739.41,1724.31,1733.31,248260391
2002-09-20,1780.02,1779.1,1758.4,1771.6,70722045
2002-09-23,1788.98,1792.45,1770.37,1777.16,290065242
2002-09-24,1784.81,1781.97,1772.75,1775.84,150332965
2002-09-25,1774.71,1794.46,1753.39,1764.53,151342645
2002-09-26,1771.73,1784.72,1753.85,1774.27,297810819
2002-09-27,1770.73,1778.69,1756.25,1774.28,103939117
2002-09-30,1798.84,1808.75,1782.74,1799.97,202675390
2002-10-01,1803.7,1803.99,1794.57,1803.42,199887970
2002-10-02,1818.04,1819.19,1802.8,1807.7,261453897
2002-10-03,1808.69,1819.72,1779.4,1800.29,95838581
2002-10-04,1803.73,1815.09,1783.7,1799.86,290815077
2002-10-07,1797.36,1814.52,1797.2,1807.71,50989233
2002-10-08,1758.07,1770.19,1759.14,1770.02,277819293
2002-10-09,1742.71,1754.7,1718.5,1741.04,262978921
2002-10-10,1764.45,1768.66,1730.22,1758.26,283785288
2002-10-11,1762.32,1786.57,1752.29,1762.89,271859343
2002-10-14,1773.12,1764.46,1748.61,1759.64,234268723
2002-10-15,1753.26,1787.9,1752.71,1760.89,100122243
2002-10-16,1760.91,1791.05,1741.89,1769.46,70153625
2002-10-17,1753.63,1774.54,1754.54,1758.3,89123612
2002-10-18,1737.08,1753.89,1730.09,1741.98,183257435
2002-10-21,1750.79,1750.8,1745.64,1747.11,262892554
2002-10-22,1723.62,1744.68,1722.83,1726.53,286164443
2002-10-23,1725.51,1736.47,1713.16,1736.26,101253611
2002-10-24,1706.29,1712.03,1692.88,1700.22,167773279
2002-10-25,1711.1,1726.18,1703.22,1723.23,238400535
2002-10-28,1726.92,1755.61,1730.81,1734.35,246360754
2002-10-29,1729.48,1756.5,1728.97,1740.78,167193126
2002-10-30,1764.77,1777.02,1755.08,1763.31,124365062
2002-10-31,1802.89,1814.13,1800.07,1801.55,170800514
2002-11-01,1839.59,1830.9,1816.44,1825.59,116237630
2002-11-04,1791.11,1809.16,1768.78,1784.59,77491583
2002-11-05,1767.02,1761.93,1740.0,1756.89,182037355
2002-11-06,1745.96,1761.03,1736.34,1743.94,246799981
2002-11-07,1738.53,1761.77,1743.42,1745.35,80719841
2002-11-08,1758.5,1765.81,1753.44,1757.6,89557085
2002-11-11,1746.56,1757.57,1734.24,1742.44,53180616
2002-11-12,1752.29,1747.79,1727.09,1747.37,265198793
2002-11-13,1728.37,1740.51,1716.17,1731.65,68311802
2002-11-14,1722.54,1739.58,1715.58,1719.17,111355589
2002-11-15,1683.47,1699.71,1686.45,1689.78,286016016
2002-11-18,1664.06,1689.74,1670.31,1671.03,85245134
2002-11-19,1636.26,1671.91,1626.55,1643.6,95775840
2002-11-20,1624.45,1624.69,1612.97,1624.29,228287863
2002-11-21,1639.02,1654.18,1636.98,1646.78,267322682
2002-11-22,1625.21,1646.58,1619.18,1627.97,148631605
2002-11-25,1689.75,1699.69,1674.14,1683.67,168976140
2002-11-26,1688.0,1704.02,1689.89,1694.98,199538601
2002-11-27,1696.31,1700.12,1682.32,1699.74,150032043
2002-11-28,1682.74,1700.62,1670.76,1682.26,159287158
2002-11-29,1699.65,1706.97,1682.51,1697.97,163650133
2002-12-02,1683.14,1697.61,1682.33,1686.51,299298767
2002-12-03,1695.22,1703.95,1682.28,1689.9,135556961
2002-12-04,1750.25,1757.56,1734.14,1746.13,130362050
2002-12-05,1752.8,1750.38,1737.65,1744.85,281832007
2002-12-06,1770.56,1773.55,1764.84,1771.14,268496275
2002-12-09,1752.75,1768.25,1744.47,1756.36,278880124
2002-12-10,1751.62,1764.96,1731.94,1756.42,246935470
2002-12-11,1799.11,1807.76,1780.51,1796.9,128135063
2002-12-12,1780.92,1785.07,1769.76,1783.61,240643378
2002-12-13,1821.52,1846.81,1807.08,1825.68,126944273
2002-12-16,1839.6,1852.65,1840.9,1842.91,198197142
2002-12-17,1825.76,1853.8,1817.55,1830.76,179286272
2002-12-18,1847.76,1861.83,1842.42,1846.29,169861626
2002-12-19,1859.37,1884.81,1864.78,1869.94,290839794
2002-12-20,1887.83,1889.39,1879.09,1885.54,284751297
2002-12-23,1854.49,1851.4,1819.85,1849.49,197794308
2002-12-24,1829.24,1840.96,1827.04,1833.5,154835857
2002-12-25,1842.72,1835.76,1816.83,1828.66,269804111
2002-12-26,1827.94,1840.23,1816.66,1827.81,232049993
2002-12-27,1831.53,1847.55,1827.65,1843.04,267577076
2002-12-30,1845.97,1858.86,1823.63,1848.05,237735004
2002-12-31,1818.54,1831.14,1806.99,1818.09,85476002
2003-01-01,1830.97,1837.01,1806.53,1827.69,123904536
2003-01-02,1840.78,1848.21,1839.08,1842.68,208364265
2003-01-03,1849.09,1857.33,1853.75,1856.6,247479575
2003-01-06,1874.71,1886.5,1850.83,1882.95,156232460
2003-01-07,1898.77,1959.92,1899.99,1903.75,248331796
2003-01-08,1911.43,1928.08,1904.85,1915.7,85918825
2003-01-09,1906.23,1920.92,1910.6,1914.92,79780458
2003-01-10,1870.66,1898.75,1859.12,1876.16,126737318
2003-01-13,1892.22,1903.55,1868.28,1887.24,205595937
2003-01-14,1905.57,1895.55,1884.39,1893.09,59500818
2003-01-15,1906.22,1923.21,1883.38,1900.48,60331547
2003-01-16,1880.82,1890.7,1852.89,1871.05,179786111
2003-01-17,1853.81,1852.43,1840.49,1846.61,139282138
2003-01-20,1878.41,1884.19,1858.02,1872.17,59251185
2003-01-21,1869.6,1879.69,1871.35,1872.13,154261337
2003-01-22,1890.24,1901.31,1875.98,1889.17,253585200
2003-01-23,1887.56,1901.82,1888.25,1890.75,161998242
2003-01-24,1890.7,1933.56,1875.22,1892.36,208387539
2003-01-27,1916.29,1928.71,1913.19,1915.77,177418443
2003-01-28,1909.7,1921.05,1901.98,1904.26,239037112
2003-01-29,1910.71,1914.99,1906.05,1907.48,179142299
2003-01-30,1896.08,1921.68,1885.12,1897.3,286134209
2003-01-31,1888.26,1893.81,1877.76,1887.84,177525368
2003-02-03,1884.66,1897.55,1848.34,1881.4,119176640
2003-02-04,1892.61,1900.46,1880.46,1887.57,251402312
2003-02-05,1865.71,1891.61,1862.28,1877.12,118825749
2003-02-06,1899.74,1918.71,1901.14,1907.96,217089143
2003-02-07,1895.83,1915.44,1877.8,1887.47,284007858
2003-02-10,1883.47,1890.23,1866.82,1883.93,263719015
2003-02-11,1871.24,1890.87,1867.0,1874.41,144407002
2003-02-12,1907.8,1915.33,1907.65,1909.81,166688264
2003-02-13,1913.43,1937.45,1913.53,1915.46,255321414
2003-02-14,1945.78,1969.84,1913.14,1941.44,148115235
2003-02-17,1897.9,1937.9,1891.91,1906.35,229857589
2003-02-18,1913.88,1915.06,1886.51,1913.69,114757999
2003-02-19,1938.09,1943.03,1935.69,1936.18,179619877
2003-02-20,1942.18,1939.23,1910.64,1939.11,158218097
2003-02-21,1968.01,1981.12,1963.43,1966.25,219211969
2003-02-24,1958.44,1963.05,1939.41,1954.41,71600426
2003-02-25,1985.81,2020.19,1984.56,1990.37,230862544
2003-02-26,2042.12,2083.36,2025.65,2049.84,240345380
2003-02-27,2061.52,2057.75,2038.77,2041.46,149021753
2003-02-28,2028.55,2048.21,2017.07,2031.0,57966782
2003-03-03,2067.99,2087.79,2061.38,2069.52,168745442
2003-03-04,2117.85,2118.62,2099.05,2112.12,85393586
2003-03-05,2112.66,2100.32,2081.51,2099.25,91372231
2003-03-06,2084.61,2097.23,2077.37,2089.16,231434410
2003-03-07,2074.43,2100.81,2070.14,2082.75,274767810
2003-03-10,2038.57,2054.21,2034.67,2048.75,299107776
2003-03-11,2039.05,2050.77,2008.59,2026.13,250494397
2003-03-12,1993.3,2035.82,1982.74,2001.62,229616983
2003-03-13,1983.07,1995.35,1977.71,1983.29,193208428
2003-03-14,1975.62,1996.69,1978.46,1983.37,104682814
2003-03-17,1978.65,2012.03,1979.29,1990.18,70431517
2003-03-18,2028.03,2032.71,2030.32,2030.4,185941609
2003-03-19,1998.46,2016.78,1981.47,2005.98,254068953
2003-03-20,2026.36,2042.75,2016.15,2031.98,129582629
2003-03-21,2043.74,2041.96,1995.82,2027.47,110693994
2003-03-24,2030.62,2037.59,2019.8,2027.18,51598055
2003-03-25,2053.08,2062.31,2043.65,2045.46,60523186
2003-03-26,2024.34,2025.5,2006.23,2017.69,249695613
2003-03-27,2027.58,2028.47,2017.82,2028.4,170333418
2003-03-28,2030.05,2034.3,2019.97,2033.63,80334245
2003-03-31,2049.3,2059.54,2011.09,2047.26,73614974
2003-04-01,2057.09,2088.84,2044.98,2055.71,185337195
2003-04-02,2116.48,2126.98,2081.97,2121.3,144578161
2003-04-03,2106.42,2110.21,2095.5,2105.33,277736386
2003-04-04,2086.38,2106.32,2080.97,2092.29,152604620
2003-04-07,2075.49,2089.25,2057.43,2076.91,215433699
2003-04-08,2060.64,2066.95,2063.13,2063.41,186677992
2003-04-09,2037.49,2106.88,2034.83,2047.88,241206142
2003-04-10,2060.22,2091.45,2067.84,2079.78,106713519
2003-04-11,2110.39,2133.19,2109.21,2118.35,204054539
2003-04-14,2119.36,2113.14,2098.75,2104.17,278720147
2003-04-15,2080.63,2096.64,2080.34,2083.21,263133158
2003-04-16,2103.13,2100.23,2086.75,2096.62,103642731
2003-04-17,2065.37,2108.78,2082.86,2083.08,257422023
2003-04-18,2092.28,2117.46,2081.12,2100.75,147811572
2003-04-21,2095.72,2122.34,2093.81,2107.13,68735470
2003-04-22,2066.59,2076.53,2063.59,2068.26,179218177
2003-04-23,2130.43,2119.15,2094.06,2109.99,247552126
2003-04-24,2163.27,2163.34,2150.57,2159.3,119460426
2003-04-25,2158.25,2147.08,2140.9,2143.71,103264503
2003-04-28,2132.11,2141.28,2127.41,2134.28,265534804
2003-04-29,2154.7,2153.24,2126.73,2143.0,107974500
2003-04-30,2170.93,2178.79,2145.09,2153.08,131054902
2003-05-01,2171.1,2174.83,2148.85,2172.05,74247634
2003-05-02,2224.02,2239.85,2212.09,2228.82,157902429
2003-05-05,2213.19,2250.83,2215.95,2224.92,292461926
2003-05-06,2200.98,2221.89,2200.99,2203.7,53620735
2003-05-07,2167.48,2191.19,2161.24,2166.77,286327275
2003-05-08,2165.38,2155.58,2127.53,2147.93,85739069
2003-05-09,2136.93,2162.68,2127.03,2148.06,91355184
2003-05-12,2198.75,2213.91,2174.75,2198.22,239958627
2003-05-13,2169.12,2204.43,2184.25,2184.97,272028627
2003-05-14,2188.45,2203.71,2182.45,2192.19,156132405
2003-05-15,2195.51,2210.22,2169.21,2192.78,190220661
2003-05-16,2231.48,2240.49,2215.8,2226.92,137476105
2003-05-19,2305.47,2305.56,2294.19,2300.05,72398871
2003-05-20,2289.44,2314.62,2285.51,2285.8,226628475
2003-05-21,2278.11,2273.7,2256.48,2272.84,85507424
2003-05-22,2304.45,2317.43,2287.16,2304.03,106939676
2003-05-23,2315.27,2341.34,2320.72,2325.02,123099894
2003-05-26,2363.24,2387.21,2352.14,2380.88,118736605
2003-05-27,2394.35,2425.19,2394.87,2399.6,61955939
2003-05-28,2388.61,2394.63,2372.34,2389.9,190278124
2003-05-29,2420.98,2415.32,2380.19,2408.9,64549893
2003-05-30,2442.96,2469.35,2419.24,2443.95,286878009
2003-06-02,2468.57,2483.71,2464.07,2470.52,104486510
2003-06-03,2491.38,2501.75,2460.46,2487.54,164071373
2003-06-04,2519.67,2546.18,2521.61,2522.4,94403896
2003-06-05,2569.35,2567.19,2556.72,2561.05,282625538
2003-06-06,2627.92,2633.05,2582.61,2607.28,273508759
2003-06-09,2652.97,2633.55,2597.43,2629.93,83927058
2003-06-10,2626.67,2655.86,2614.72,2625.65,72662625
2003-06-11,2635.3,2635.24,2631.51,2631.76,192531848
2003-06-12,2690.22,2673.61,2661.23,2673.34,119863069
2003-06-13,2645.64,2681.9,2636.99,2647.23,146393567
2003-06-16,2668.05,2691.29,2643.41,2660.82,259320524
2003-06-17,2636.9,2676.17,2645.95,2648.92,77428945
2003-06-18,2647.85,2685.42,2616.17,2651.15,267092011
2003-06-19,2707.94,2703.51,2676.91,2695.48,193510708
2003-06-20,2695.5,2706.86,2692.28,2703.26,172298563
2003-06-23,2704.75,2739.53,2677.1,2706.13,192809147
2003-06-24,2644.67,2666.61,2625.62,2661.43,123695382
2003-06-25,2709.42,2696.54,2659.55,2687.85,254084284
2003-06-26,2724.79,2711.13,2690.37,2711.09,278095622
2003-06-27,2789.42,2789.95,2780.06,2787.32,252494379
2003-06-30,2783.5,2815.01,2748.5,2777.86,60935222
2003-07-01,2791.28,2847.29,2750.88,2786.86,221802954
2003-07-02,2812.45,2808.6,2763.58,2796.97,146955430
2003-07-03,2848.54,2859.26,2848.68,2854.47,268942716
2003-07-04,2860.76,2866.44,2826.19,2852.4,137942009
2003-07-07,2876.15,2880.06,2858.14,2863.81,86619194
2003-07-08,2901.24,2890.45,2870.51,2887.2,259497705
2003-07-09,2869.21,2910.0,2885.16,2895.38,117050728
2003-07-10,2873.6,2894.32,2865.57,2880.51,131383777
2003-07-11,2877.16,2897.85,2844.75,2888.93,267885572
2003-07-14,2931.43,2948.65,2924.5,2929.67,227368233
2003-07-15,2870.07,2926.25,2862.0,2893.4,177064280
2003-07-16,2875.91,2906.44,2894.9,2899.64,174332379
2003-07-17,2900.5,2892.33,2848.23,2875.54,94861436
2003-07-18,2927.77,2953.07,2909.15,2920.55,161449613
2003-07-21,2867.79,2866.91,2862.22,2866.41,58608154
2003-07-22,2851.79,2854.87,2842.81,2847.65,279789199
2003-07-23,2864.25,2881.13,2856.84,2862.58,95013722
2003-07-24,2932.64,2937.93,2905.09,2920.99,196168705
2003-07-25,2912.57,2921.22,2892.91,2919.96,173868050
2003-07-28,2903.15,2903.9,2899.49,2900.99,236699670
2003-07-29,2974.68,2994.71,2892.82,2971.98,293211944
2003-07-30,2907.41,2973.77,2913.86,2919.64,237520525
2003-07-31,2855.74,2873.21,2834.39,2841.22,148611118
2003-08-01,2853.28,2888.06,2835.89,2858.38,144977854
2003-08-04,2853.27,2871.58,2834.53,2841.71,255963225
2003-08-05,2808.01,2822.73,2780.38,2806.72,211933319
2003-08-06,2851.74,2856.48,2822.44,2833.23,178941338
2003-08-07,2831.45,2857.11,2821.8,2843.29,151558894
2003-08-08,2812.25,2857.67,2820.78,2824.5,94451367
2003-08-11,2770.56,2781.31,2750.92,2780.63,75678747
2003-08-12,2814.21,2871.18,2797.85,2812.71,206211779
2003-08-13,2854.69,2876.32,2809.45,2837.19,276956922
2003-08-14,2853.06,2850.73,2833.59,2835.0,256038844
2003-08-15,2876.29,2930.2,2859.46,2903.11,103479589
2003-08-18,2868.46,2886.03,2824.4,2865.6,257799498
2003-08-19,2776.24,2816.99,2808.74,2812.39,110958335
2003-08-20,2798.18,2795.79,2770.06,2789.31,270012907
2003-08-21,2801.51,2798.94,2752.94,2789.03,57781527
2003-08-22,2798.48,2817.19,2788.86,2798.93,124958747
2003-08-25,2792.7,2805.22,2762.05,2791.76,66258472
2003-08-26,2806.34,2828.85,2763.14,2805.51,62341905
2003-08-27,2754.27,2785.46,2755.61,2762.94,196247216
2003-08-28,2819.85,2820.12,2803.58,2814.99,286262868
2003-08-29,2810.82,2834.58,2765.41,2813.42,53534233
2003-09-01,2865.28,2863.48,2806.71,2854.66,287279746
2003-09-02,2867.08,2891.68,2855.17,2868.38,99505530
2003-09-03,2876.37,2888.8,2864.75,2886.31,158330060
2003-09-04,2890.62,2969.14,2902.55,2908.49,156898853
2003-09-05,2904.51,2930.86,2890.94,2926.33,163644251
2003-09-08,2967.03,2952.94,2899.39,2951.53,193223693
2003-09-09,2997.3,3005.35,2999.79,3002.8,82675834
2003-09-10,3015.76,3027.05,2987.63,3011.68,121472987
2003-09-11,3061.83,3041.56,3039.1,3040.15,156184058
2003-09-12,3031.32,3065.57,3012.94,3038.16,149431651
2003-09-15,3087.49,3098.08,3058.69,3095.26,223287541
2003-09-16,3068.83,3089.95,3055.18,3070.46,101631370
2003-09-17,3142.79,3165.67,3103.81,3142.42,160836970
2003-09-18,3166.05,3153.64,3109.68,3142.32,221349159
2003-09-19,3107.0,3089.48,3072.49,3087.66,152804227
2003-09-22,3101.8,3123.66,3048.85,3094.12,276671521
2003-09-23,3086.94,3102.06,3014.33,3069.14,72865600
2003-09-24,3101.09,3111.24,3098.95,3103.3,189043511
2003-09-25,3083.04,3082.91,3059.43,3079.35,197329545
2003-09-26,3059.86,3108.49,3017.86,3063.55,292141520
2003-09-29,2977.46,3012.86,2939.16,2992.91,237036998
2003-09-30,2991.65,2993.51,2966.84,2977.32,172169791
2003-10-01,2895.29,2907.54,2862.91,2889.15,174656268
2003-10-02,2833.62,2837.76,2816.61,2833.41,273006229
2003-10-03,2862.02,2865.73,2826.83,2862.05,115595191
2003-10-06,2874.48,2904.75,2875.7,2891.9,218748736
2003-10-07,2897.46,2918.79,2881.1,2908.83,225118939
2003-10-08,2878.84,2914.61,2870.18,2874.98,275686624
2003-10-09,2868.53,2912.31,2862.39,2874.62,194630412
2003-10-10,2873.35,2920.09,2862.14,2875.86,270733184
2003-10-13,2834.35,2848.63,2834.37,2835.54,297546614
2003-10-14,2883.24,2895.25,2876.62,2891.14,152204671
2003-10-15,2913.34,2928.29,2917.85,2924.66,237548089
2003-10-16,2899.1,2927.22,2902.4,2917.92,108601880
2003-10-17,2918.59,2923.05,2906.67,2920.3,225387433
2003-10-20,2936.62,2932.92,2881.45,2929.37,121178324
2003-10-21,2837.56,2869.57,2851.19,2856.34,123199008
2003-10-22,2848.54,2869.24,2803.6,2848.81,202484792
2003-10-23,2828.97,2835.93,2814.03,2825.79,234606244
2003-10-24,2780.63,2796.91,2789.52,2791.68,283795061
2003-10-27,2798.97,2796.47,2742.05,2783.14,112583480
2003-10-28,2843.85,2867.69,2824.81,2848.25,215689149
2003-10-29,2871.54,2884.06,2851.52,2872.7,91635714
2003-10-30,2851.62,2859.94,2798.26,2853.46,143958685
2003-10-31,2855.12,2897.63,2874.77,2875.49,143521398
2003-11-03,2939.85,2955.33,2898.84,2928.03,277278274
2003-11-04,2952.42,2965.15,2936.37,2963.75,277442878
2003-11-05,2964.58,2972.64,2910.46,2967.39,154925009
2003-11-06,2951.74,2949.21,2911.53,2944.7,222629782
2003-11-07,2989.51,2999.47,2894.85,2972.14,183376967
2003-11-10,2975.42,2992.96,2937.84,2988.33,147525057
2003-11-11,3018.27,3041.68,3018.48,3023.67,262836028
2003-11-12,3066.27,3065.07,3026.85,3049.41,148459905
2003-11-13,3097.21,3098.16,3080.28,3091.47,215027994
2003-11-14,3080.41,3077.51,3067.51,3072.16,285793327
2003-11-17,3111.92,3145.68,3109.54,3125.06,205358694
2003-11-18,3129.59,3151.98,3104.02,3134.34,265658493
2003-11-19,3216.75,3220.91,3211.44,3218.91,63324094
2003-11-20,3181.64,3199.65,3170.13,3192.6,171678051
2003-11-21,3242.88,3274.2,3243.13,3264.75,94866052
2003-11-24,3267.77,3276.11,3253.44,3274.46,96791296
2003-11-25,3266.84,3260.88,3246.62,3249.24,162193022
2003-11-26,3231.8,3248.04,3174.74,3231.03,206688277
2003-11-27,3237.25,3229.73,3208.27,3219.55,182231241
2003-11-28,3240.66,3279.61,3215.03,3238.34,154876396
2003-12-01,3251.32,3299.52,3250.39,3261.3,239251607
2003-12-02,3255.91,3262.46,3221.86,3239.35,100593594
2003-12-03,3242.65,3241.71,3227.06,3239.9,72198734
2003-12-04,3342.93,3347.46,3307.93,3330.12,273805361
2003-12-05,3390.47,3413.91,3394.11,3405.02,297963414
2003-12-08,3439.65,3480.29,3373.6,3425.42,233879373
2003-12-09,3443.35,3437.13,3417.56,3428.69,219866897
2003-12-10,3439.5,3445.41,3413.56,3435.51,229637336
2003-12-11,3452.64,3478.82,3431.38,3463.82,229203605
2003-12-12,3420.47,3448.49,3392.34,3421.1,269548971
2003-12-15,3419.99,3434.99,3392.74,3411.65,162257067
2003-12-16,3345.41,3374.52,3326.85,3342.27,288855204
2003-12-17,3368.8,3384.54,3335.49,3360.72,193392262
2003-12-18,3403.58,3467.14,3356.75,3389.85,227452505
2003-12-19,3362.14,3385.57,3350.73,3370.88,146305612
2003-12-22,3424.14,3496.57,3423.63,3440.03,279356712
2003-12-23,3388.42,3392.94,3376.29,3388.93,159119557
2003-12-24,3324.17,3366.28,3312.44,3328.56,246810964
2003-12-25,3350.08,3356.75,3307.43,3339.58,172848838
2003-12-26,3370.99,3397.97,3370.66,3385.54,284353553
2003-12-29,3473.9,3487.95,3452.08,3459.78,270591822
2003-12-30,3460.11,3465.16,3437.19,3441.47,183411643
2003-12-31,3490.23,3512.85,3460.33,3490.23,104753459
2004-01-01,3491.04,3522.46,3463.22,3490.19,123996495
2004-01-02,3473.57,3504.48,3468.65,3484.27,244916528
2004-01-05,3517.3,3568.01,3468.94,3524.96,63501122
2004-01-06,3549.93,3609.86,3547.85,3555.74,275459500
2004-01-07,3507.6,3567.41,3465.91,3487.48,185481224
2004-01-08,3553.63,3580.3,3523.45,3554.65,229368819
2004-01-09,3599.58,3700.48,3576.88,3618.72,237566830
2004-01-12,3595.69,3602.2,3581.78,3592.02,102585625
2004-01-13,3623.64,3628.82,3601.24,3611.7,135500057
2004-01-14,3635.61,3645.49,3634.4,3635.98,284274845
2004-01-15,3671.13,3666.67,3627.4,3649.68,170222746
2004-01-16,3637.47,3637.76,3582.14,3626.19,95175759
2004-01-19,3582.25,3635.34,3549.81,3597.35,237239663
2004-01-20,3589.97,3604.77,3582.79,3597.9,96067442
2004-01-21,3656.5,3690.77,3613.46,3653.2,237423363
2004-01-22,3655.53,3681.73,3654.31,3680.05,108356402
2004-01-23,3669.58,3668.81,3664.31,3664.65,126986465
2004-01-26,3676.13,3716.3,3664.18,3702.22,159443397
2004-01-27,3588.04,3606.88,3557.3,3573.41,272798060
2004-01-28,3640.4,3675.26,3581.11,3627.23,89544969
2004-01-29,3557.45,3566.89,3510.93,3550.28,115679989
2004-01-30,3526.23,3543.38,3518.27,3535.79,157389545
2004-02-02,3490.3,3492.58,3409.29,3487.93,253441699
2004-02-03,3426.08,3462.24,3427.29,3433.13,254921901
2004-02-04,3471.0,3518.66,3477.34,3485.37,79980263
2004-02-05,3461.84,3494.62,3459.61,3466.54,218380805
2004-02-06,3493.09,3537.3,3468.64,3483.36,291812037
2004-02-09,3483.57,3498.27,3458.55,3482.96,118274382
2004-02-10,3525.97,3542.94,3477.86,3505.63,169248604
2004-02-11,3521.45,3514.08,3498.18,3510.7,154956504
2004-02-12,3465.16,3493.1,3406.26,3456.05,59380818
2004-02-13,3478.84,3514.97,3491.81,3501.37,166389837
2004-02-16,3477.34,3522.75,3417.14,3481.31,118035074
2004-02-17,3400.79,3446.07,3405.11,3415.33,272885809
2004-02-18,3396.09,3409.15,3388.58,3398.58,149894057
2004-02-19,3455.49,3497.64,3455.13,3465.1,147910125
2004-02-20,3498.79,3535.27,3492.44,3504.08,157579829
2004-02-23,3505.2,3492.37,3423.84,3490.39,170003814
2004-02-24,3483.33,3479.1,3470.06,3476.72,293877286
2004-02-25,3478.26,3472.02,3463.26,3464.31,196686420
2004-02-26,3535.06,3579.84,3521.36,3557.84,167981813
2004-02-27,3577.53,3599.11,3575.34,3576.7,258358710
2004-03-01,3611.76,3607.49,3550.46,3597.85,167578122
2004-03-02,3668.56,3663.07,3634.04,3646.59,153383153
2004-03-03,3636.66,3665.53,3635.79,3659.32,74691913
2004-03-04,3644.0,3664.96,3613.61,3649.13,171764302
2004-03-05,3656.92,3651.69,3617.55,3641.85,181119645
2004-03-08,3637.5,3640.36,3624.5,3640.3,114378219
2004-03-09,3627.07,3648.32,3603.67,3640.33,227287414
2004-03-10,3652.81,3689.05,3661.4,3675.6,223622864
2004-03-11,3665.79,3700.04,3661.15,3679.76,135232885
2004-03-12,3690.55,3729.55,3701.59,3715.65,223104311
2004-03-15,3714.51,3752.58,3710.63,3713.64,59526684
2004-03-16,3732.43,3753.94,3698.36,3719.09,51102368
2004-03-17,3610.06,3664.84,3558.15,3628.36,124192485
2004-03-18,3676.03,3710.11,3668.98,3672.24,265872788
2004-03-19,3702.54,3699.46,3659.22,3690.06,99769070
2004-03-22,3738.49,3756.5,3703.75,3738.53,78660429
2004-03-23,3583.06,3632.44,3602.05,3606.29,76555145
2004-03-24,3709.92,3708.41,3703.28,3704.2,117759100
2004-03-25,3698.64,3708.74,3654.91,3699.45,190413417
2004-03-26,3750.9,3797.83,3722.72,3753.25,285190486
2004-03-29,3698.06,3724.2,3687.57,3706.17,238042342
2004-03-30,3737.96,3776.9,3720.02,3736.67,237883302
2004-03-31,3696.68,3694.31,3665.16,3689.16,98491085
2004-04-01,3697.04,3701.87,3639.36,3662.02,81279278
2004-04-02,3754.88,3758.89,3746.48,3753.19,63213525
2004-04-05,3768.61,3771.43,3725.16,3745.97,230697051
2004-04-06,3763.41,3824.73,3744.96,3758.03,144202030
2004-04-07,3799.75,3874.82,3735.55,3801.27,242500680
2004-04-08,3829.17,3872.68,3811.97,3826.9,139086294
2004-04-09,3817.24,3844.72,3780.85,3835.99,78006086
2004-04-12,3860.22,3916.33,3841.94,3855.5,110150359
2004-04-13,3944.24,3985.09,3970.62,3975.92,299761962
2004-04-14,3961.22,4020.85,3911.8,3974.93,52108452
2004-04-15,3988.66,4001.1,3912.41,3986.91,222426874
2004-04-16,4061.27,4055.27,4015.6,4041.96,105008456
2004-04-19,4124.07,4131.49,4087.45,4100.61,118015167
2004-04-20,4160.44,4201.72,4135.78,4164.38,256990821
2004-04-21,4202.64,4227.09,4170.6,4200.02,157688390
2004-04-22,4158.25,4174.28,4113.25,4141.94,98512699
2004-04-23,4207.58,4230.38,4196.31,4230.08,251650902
2004-04-26,4178.17,4218.65,4157.95,4171.41,233252376
2004-04-27,4175.47,4222.11,4148.73,4189.34,110613494
2004-04-28,4148.84,4160.68,4117.4,4151.7,74603629
2004-04-29,4142.7,4196.46,4146.22,4150.32,186522482
2004-04-30,4176.79,4214.63,4153.18,4169.53,205314325
2004-05-03,4197.66,4258.78,4153.05,4188.44,168707701
2004-05-04,4227.78,4214.16,4195.15,4212.77,62210090
2004-05-05,4307.33,4375.64,4299.88,4301.34,95613691
2004-05-06,4331.02,4331.21,4310.5,4328.05,271326278
2004-05-07,4348.83,4329.95,4297.98,4316.81,101444421
2004-05-10,4344.99,4393.7,4340.63,4371.65,275834531
2004-05-11,4469.88,4497.91,4432.27,4439.77,282042285
2004-05-12,4368.64,4401.01,4359.08,4373.71,294865301
2004-05-13,4418.92,4434.79,4396.52,4408.85,270129314
2004-05-14,4444.29,4470.0,4449.18,4450.09,167816944
2004-05-17,4423.09,4451.88,4426.69,4435.55,80261422
2004-05-18,4524.0,4552.46,4509.93,4515.25,185128788
2004-05-19,4527.66,4522.58,4508.17,4508.87,261168652
2004-05-20,4526.71,4532.79,4463.32,4518.16,209410429
2004-05-21,4500.68,4551.34,4486.38,4510.46,221647543
2004-05-24,4578.7,4571.18,4506.96,4513.5,270895244
2004-05-25,4475.06,4476.68,4418.01,4453.71,114665649
2004-05-26,4392.05,4398.64,4375.71,4375.72,110483319
2004-05-27,4460.33,4484.88,4404.52,4466.63,114011496
2004-05-28,4410.27,4424.16,4408.65,4421.33,134900792
2004-05-31,4363.64,4379.75,4361.54,4368.53,290827361
2004-06-01,4272.03,4287.24,4228.35,4253.63,278875803
2004-06-02,4204.81,4245.95,4151.62,4221.53,210070247
2004-06-03,4135.98,4156.57,4152.36,4153.72,297143265
2004-06-04,4251.73,4300.8,4225.13,4242.57,85326047
2004-06-07,4304.43,4330.88,4276.19,4298.94,142762454
2004-06-08,4250.72,4281.05,4261.31,4263.86,273124311
2004-06-09,4369.52,4391.24,4366.66,4388.68,146921792
2004-06-10,4470.98,4512.6,4419.47,4445.42,175960087
2004-06-11,4435.69,4437.81,4414.9,4429.37,110860926
2004-06-14,4270.69,4322.99,4269.69,4294.11,81409602
2004-06-15,4399.08,4429.77,4397.78,4421.96,156812540
2004-06-16,4341.0,4359.53,4321.73,4347.29,252202192
2004-06-17,4272.61,4271.19,4229.35,4260.12,75382918
2004-06-18,4327.69,4337.47,4256.36,4317.42,199487945
2004-06-21,4474.47,4497.4,4420.07,4454.31,283844818
2004-06-22,4507.8,4535.71,4467.3,4534.83,256190103
2004-06-23,4573.43,4629.25,4541.39,4569.34,190999560
2004-06-24,4632.17,4639.36,4596.97,4605.9,288733937
2004-06-25,4682.74,4684.27,4645.85,4657.91,284295822
2004-06-28,4711.65,4788.08,4648.8,4704.9,211649776
2004-06-29,4768.21,4736.2,4680.06,4723.85,205834807
2004-06-30,4743.84,4763.92,4701.06,4732.31,238466041
2004-07-01,4750.56,4793.38,4712.59,4730.83,151670741
2004-07-02,4689.17,4766.26,4637.45,4688.33,63329145
2004-07-05,4659.41,4675.24,4657.1,4674.01,122541183
2004-07-06,4561.53,4595.99,4561.12,4577.55,84408080
2004-07-07,4577.38,4580.37,4517.06,4574.06,59811986
2004-07-08,4515.77,4545.44,4479.78,4519.6,139176072
2004-07-09,4427.77,4504.9,4429.29,4459.31,215582655
2004-07-12,4453.21,4491.97,4448.91,4471.56,221601080
2004-07-13,4547.04,4556.54,4528.65,4552.84,234149029
2004-07-14,4621.42,4663.24,4589.43,4608.01,195824466
2004-07-15,4519.6,4531.2,4502.65,4519.89,158553095
2004-07-16,4464.72,4502.84,4416.58,4466.01,143765765
2004-07-19,4503.56,4531.83,4517.0,4521.41,118016048
2004-07-20,4468.33,4483.32,4458.43,4467.91,96875749
2004-07-21,4480.93,4461.46,4441.85,4457.41,297572396
2004-07-22,4493.34,4492.55,4479.24,4490.54,264611092
2004-07-23,4411.45,4451.6,4409.59,4438.21,176011383
2004-07-26,4423.96,4494.05,4445.13,4446.22,272302300
2004-07-27,4384.5,4399.84,4366.34,4374.2,260799393
2004-07-28,4339.35,4368.97,4295.18,4343.25,228482315
2004-07-29,4361.56,4436.89,4346.34,4362.86,85786022
2004-07-30,4267.72,4311.67,4271.33,4278.21,111918047
2004-08-02,4312.73,4386.19,4271.07,4304.06,267658117
2004-08-03,4299.87,4324.52,4281.94,4305.05,251080400
2004-08-04,4333.95,4400.06,4325.73,4337.18,61160095
2004-08-05,4336.69,4384.6,4306.82,4351.51,99549499
2004-08-06,4445.38,4540.26,4427.39,4429.05,259473701
2004-08-09,4434.23,4443.02,4373.67,4438.16,137567836
2004-08-10,4427.05,4456.66,4356.25,4416.31,155307102
2004-08-11,4404.1,4427.35,4399.19,4425.23,56290578
2004-08-12,4488.66,4515.7,4437.41,4457.75,290222452
2004-08-13,4485.42,4465.58,4447.02,4462.62,165864758
2004-08-16,4432.9,4481.85,4462.94,4467.03,191562888
2004-08-17,4415.59,4483.03,4423.89,4429.8,298165811
2004-08-18,4403.45,4444.68,4391.66,4395.05,276698395
2004-08-19,4297.32,4347.27,4290.22,4320.12,229786557
2004-08-20,4416.19,4430.06,4417.95,4418.51,140233519
2004-08-23,4359.31,4421.0,4331.53,4351.88,57338097
2004-08-24,4312.92,4369.73,4303.26,4316.11,120829810
2004-08-25,4288.48,4327.31,4268.18,4279.26,134596902
2004-08-26,4317.83,4332.74,4321.99,4329.84,220486247
2004-08-27,4277.09,4393.66,4284.0,4315.84,99029556
2004-08-30,4403.54,4393.41,4381.75,4386.3,277485918
2004-08-31,4368.3,4357.69,4315.68,4351.32,174213438
2004-09-01,4412.47,4419.11,4314.97,4368.72,58820498
2004-09-02,4286.85,4357.77,4295.46,4325.04,260167584
2004-09-03,4458.99,4479.54,4426.63,4445.64,92302015
2004-09-06,4347.2,4409.36,4370.25,4381.7,198939545
2004-09-07,4431.86,4423.09,4370.47,4400.94,276062508
2004-09-08,4446.99,4463.42,4435.16,4438.33,251057536
2004-09-09,4446.66,4509.83,4428.5,4463.65,58283850
2004-09-10,4469.27,4458.36,4433.48,4455.37,163238465
2004-09-13,4440.36,4488.67,4437.39,4450.2,124063348
2004-09-14,4460.14,4496.74,4422.86,4454.78,76937250
2004-09-15,4452.32,4463.74,4445.4,4448.66,108538060
2004-09-16,4536.59,4522.78,4501.33,4505.16,284037862
2004-09-17,4668.24,4654.54,4616.94,4634.59,284877153
2004-09-20,4593.35,4621.53,4598.23,4604.35,143315810
2004-09-21,4546.89,4530.59,4491.63,4527.72,173753388
2004-09-22,4531.27,4535.28,4492.67,4524.84,83632331
2004-09-23,4650.12,4683.4,4663.33,4676.55,276163744
2004-09-24,4618.74,4668.38,4609.42,4631.64,80908484
2004-09-27,4774.74,4734.52,4682.41,4730.54,196745170
2004-09-28,4840.81,4839.72,4828.09,4833.89,185969182
2004-09-29,4821.79,4860.33,4759.73,4802.58,78842714
2004-09-30,4835.33,4877.98,4789.06,4839.44,50589247
2004-10-01,4931.43,4976.95,4921.15,4942.1,298871273
2004-10-04,4921.43,4924.45,4893.72,4920.89,130692069
2004-10-05,4905.4,4956.37,4840.06,4910.62,128030193
2004-10-06,4847.96,4913.21,4854.8,4877.09,146873870
2004-10-07,4798.1,4818.75,4754.94,4817.43,143899895
2004-10-08,4793.99,4794.32,4751.77,4780.46,74923183
2004-10-11,4702.38,4745.25,4687.39,4709.55,145668291
2004-10-12,4714.3,4739.26,4686.59,4713.82,218508754
2004-10-13,4674.92,4693.64,4646.18,4670.53,88722644
2004-10-14,4692.41,4716.34,4681.51,4686.54,58843133
2004-10-15,4618.84,4673.98,4565.66,4597.76,263138343
2004-10-18,4598.86,4624.86,4598.9,4619.16,151056888
2004-10-19,4680.8,4673.24,4660.2,4670.15,285251987
2004-10-20,4570.23,4597.89,4538.19,4556.47,281598847
2004-10-21,4598.24,4593.33,4571.23,4580.18,271530005
2004-10-22,4627.48,4703.46,4599.25,4653.79,50474037
2004-10-25,4590.26,4611.17,4544.02,4585.58,291828044
2004-10-26,4717.63,4728.13,4666.35,4685.47,77747048
2004-10-27,4710.64,4732.45,4682.62,4712.51,192289984
2004-10-28,4682.1,4702.13,4624.82,4673.06,126684174
2004-10-29,4686.59,4726.53,4641.16,4672.01,142854076
2004-11-01,4687.92,4716.08,4693.73,4707.23,63884494
2004-11-02,4748.56,4788.83,4642.52,4713.98,55137933
2004-11-03,4757.84,4758.5,4629.05,4748.35,177881540
2004-11-04,4705.58,4712.37,4690.2,4695.82,182663673
2004-11-05,4676.8,4727.72,4668.97,4708.1,146889648
2004-11-08,4641.89,4666.07,4581.35,4627.18,147734533
2004-11-09,4632.27,4654.2,4586.06,4622.91,174498600
2004-11-10,4602.44,4576.52,4504.78,4572.73,88683294
2004-11-11,4527.07,4550.47,4530.53,4532.71,84404979
2004-11-12,4587.85,4607.59,4568.8,4606.05,294895065
2004-11-15,4659.29,4770.59,4666.85,4672.04,242285689
2004-11-16,4700.76,4753.74,4626.37,4710.28,86472511
2004-11-17,4627.31,4691.34,4646.7,4648.11,57346008
2004-11-18,4655.73,4647.96,4601.4,4631.82,117991986
2004-11-19,4730.39,4711.66,4704.05,4705.4,68996918
2004-11-22,4712.36,4806.45,4705.33,4716.05,168877044
2004-11-23,4850.57,4884.59,4837.7,4858.2,207105529
2004-11-24,4849.19,4903.44,4861.06,4884.66,158566448
2004-11-25,4912.47,4972.31,4833.78,4898.83,179011430
2004-11-26,4914.4,4927.32,4878.64,4882.11,165017383
2004-11-29,4880.19,4970.19,4797.31,4892.66,192404622
2004-11-30,4883.32,4887.1,4833.42,4885.6,98700869
2004-12-01,4940.29,4964.03,4928.36,4931.73,88137024
2004-12-02,5028.35,5038.13,4916.33,4993.91,247932264
2004-12-03,4951.01,4963.47,4903.36,4947.06,150080902
2004-12-06,4870.9,4904.6,4847.1,4867.09,186171965
2004-12-07,4761.47,4831.6,4750.21,4758.05,154824885
2004-12-08,4763.58,4858.22,4790.8,4790.89,130528051
2004-12-09,4699.64,4774.99,4698.71,4727.0,138840114
2004-12-10,4587.82,4635.43,4599.96,4602.7,117608832
2004-12-13,4646.24,4633.4,4617.12,4627.49,237420008
2004-12-14,4771.01,4816.17,4773.1,4777.41,75789249
2004-12-15,4769.2,4792.28,4750.71,4779.32,59551087
2004-12-16,4821.8,4841.36,4783.03,4832.38,148478561
2004-12-17,4837.0,4840.08,4838.07,4839.67,102762274
2004-12-20,4868.87,4880.06,4769.59,4835.95,92893293
2004-12-21,4891.64,4940.81,4891.38,4894.6,290548300
2004-12-22,4863.71,4895.4,4866.11,4879.05,299293648
2004-12-23,4898.34,4898.4,4868.3,4897.85,153818377
2004-12-24,4954.62,4933.21,4913.85,4920.08,165559874
2004-12-27,4871.35,4915.74,4808.22,4881.17,294364611
2004-12-28,4921.55,4979.69,4944.76,4944.91,269698916
2004-12-29,4926.48,4973.75,4908.71,4936.37,71841898
2004-12-30,4894.44,4899.05,4862.39,4891.93,281548517
2004-12-31,4941.01,4938.53,4907.62,4927.45,126933312
2005-01-03,4893.94,4884.95,4863.58,4874.31,158521778
2005-01-04,4857.96,4901.19,4876.16,4878.36,206417565
2005-01-05,4861.56,4891.1,4860.53,4880.12,68530086
2005-01-06,4943.3,5022.27,4924.44,4949.7,155394934
2005-01-07,4995.41,5042.75,4970.51,4981.77,81900553
2005-01-10,4957.46,4987.45,4957.5,4982.57,178342236
2005-01-11,5024.33,5073.17,5031.44,5036.57,217033003
2005-01-12,5115.84,5152.78,5116.22,5128.0,182580511
2005-01-13,5186.09,5233.47,5165.06,5166.62,262740267
2005-01-14,5180.68,5184.08,5165.69,5169.76,280618174
2005-01-17,5105.83,5113.08,5079.28,5087.44,83074748
2005-01-18,5048.91,5051.51,5021.3,5022.02,141128896
2005-01-19,4999.01,5063.05,4897.09,5005.13,101414184
2005-01-20,4945.6,4987.69,4956.82,4969.2,271104208
2005-01-21,4936.44,5002.91,4934.27,4959.87,147391883
2005-01-24,4929.27,4966.78,4948.38,4965.78,242466299
2005-01-25,4992.23,5026.52,4990.89,5001.41,255319937
2005-01-26,4991.67,5065.93,4947.6,4999.35,218671304
2005-01-27,5048.34,5043.1,5020.76,5032.48,84373963
2005-01-28,5039.31,5061.5,4996.44,5038.97,96507195
2005-01-31,4907.8,4935.83,4904.3,4917.45,212317336
2005-02-01,4859.65,4883.08,4824.57,4861.91,242819192
2005-02-02,4835.22,4875.0,4841.21,4855.4,138380533
2005-02-03,4803.86,4842.41,4741.96,4784.24,280948284
2005-02-04,4807.67,4858.57,4802.17,4822.84,204514539
2005-02-07,4896.66,4934.28,4872.1,4919.09,131533169
2005-02-08,5013.94,5004.87,4984.83,4997.59,122795746
2005-02-09,4997.99,5027.87,4929.42,4986.54,169205397
2005-02-10,5048.45,5101.23,4968.65,5083.5,256511584
2005-02-11,5112.88,5126.51,5028.03,5095.46,101741174
2005-02-14,5061.22,5082.03,5075.88,5076.28,275971697
2005-02-15,5032.06,5074.99,4993.5,5039.6,243045559
2005-02-16,5026.58,5054.6,4981.18,5022.82,105942292
2005-02-17,5012.43,5001.58,4966.64,5000.7,86726070
2005-02-18,5022.77,5084.75,5001.11,5013.83,93471399
2005-02-21,5025.38,5146.72,4972.05,5026.38,281788466
2005-02-22,5020.42,5099.2,4992.22,5028.97,254078741
2005-02-23,5067.48,5088.38,5050.54,5059.13,141091867
2005-02-24,5135.61,5169.0,5128.15,5138.04,262930680
2005-02-25,5239.93,5207.08,5189.71,5202.36,131467139
2005-02-28,5120.35,5130.58,5071.19,5108.37,205428889
2005-03-01,4930.69,4999.01,4899.99,4948.97,148496470
2005-03-02,5000.39,5020.48,4957.36,5009.96,272221423
2005-03-03,4927.71,4957.67,4891.92,4926.76,172943998
2005-03-04,4940.72,4933.68,4909.13,4915.17,157248496
2005-03-07,4872.9,4889.01,4839.99,4845.55,87502907
2005-03-08,4731.53,4799.7,4737.8,4739.04,123490454
2005-03-09,4755.92,4832.12,4771.3,4773.75,160517928
2005-03-10,4801.45,4851.13,4785.4,4821.92,185817017
2005-03-11,4794.14,4798.99,4760.68,4789.31,272158087
2005-03-14,4680.43,4757.96,4606.3,4637.7,144185587
2005-03-15,4618.02,4619.04,4562.5,4608.08,247329375
2005-03-16,4603.55,4633.16,4615.95,4633.09,176437682
2005-03-17,4536.52,4554.83,4503.76,4549.73,164289340
2005-03-18,4551.04,4564.39,4544.72,4562.43,194091627
2005-03-21,4548.71,4612.14,4551.67,4563.72,90948480
2005-03-22,4592.2,4619.85,4542.12,4599.34,129610999
2005-03-23,4615.28,4631.78,4574.37,4608.47,73955741
2005-03-24,4566.91,4579.34,4512.67,4554.48,261473371
2005-03-25,4646.07,4660.9,4595.52,4625.87,91344784
2005-03-28,4628.52,4641.15,4583.87,4618.83,261967382
2005-03-29,4583.34,4634.6,4594.02,4619.45,157279717
2005-03-30,4548.3,4570.21,4560.37,4567.62,137866233
2005-03-31,4541.47,4547.66,4508.36,4544.35,67716375
2005-04-01,4498.76,4499.99,4488.54,4496.11,229030613
2005-04-04,4503.93,4524.31,4463.9,4488.46,281101764
2005-04-05,4589.29,4612.12,4583.55,4588.49,130329560
2005-04-06,4512.93,4587.0,4464.67,4512.01,138971187
2005-04-07,4427.53,4501.4,4382.93,4423.32,106804166
2005-04-08,4503.62,4511.09,4490.18,4508.22,53726581
2005-04-11,4500.05,4636.56,4453.56,4498.49,298178489
2005-04-12,4482.95,4507.01,4459.49,4462.85,272207999
2005-04-13,4522.34,4543.42,4497.07,4523.86,222143509
2005-04-14,4491.07,4520.41,4483.9,4491.61,223436218
2005-04-15,4597.71,4612.99,4578.06,4598.33,169772075
2005-04-18,4664.07,4656.56,4604.36,4639.98,76946340
2005-04-19,4593.3,4636.34,4552.34,4613.74,93649185
2005-04-20,4776.81,4802.29,4721.98,4743.12,161344227
2005-04-21,4687.15,4749.91,4643.6,4709.31,64886256
2005-04-22,4743.36,4768.86,4717.91,4755.81,285547832
2005-04-25,4790.27,4799.85,4729.35,4776.05,90752056
2005-04-26,4877.35,4882.26,4855.65,4857.33,181008423
2005-04-27,4928.37,4987.4,4903.24,4956.2,245035411
2005-04-28,4938.88,4999.38,4915.66,4960.56,146467940
2005-04-29,4921.5,4935.96,4915.41,4916.04,99828368
2005-05-02,4993.35,4956.46,4930.96,4946.96,119166515
2005-05-03,4931.7,4965.56,4855.7,4907.24,56614275
2005-05-04,5030.71,5118.19,4967.46,5035.71,216519742
2005-05-05,4997.94,5055.69,5012.59,5046.78,110423412
2005-05-06,5027.64,5079.58,5018.2,5026.0,195227089
2005-05-09,5047.41,5106.72,5039.85,5040.1,245243995
2005-05-10,4950.06,4996.0,4937.77,4957.64,193675441
2005-05-11,4882.99,4921.01,4891.75,4899.66,119745935
2005-05-12,4979.86,4994.59,4935.29,4976.69,230172010
2005-05-13,4919.42,4974.41,4922.46,4938.03,113617607
2005-05-16,4912.16,4894.36,4870.91,4875.64,141322172
2005-05-17,4940.85,4928.06,4874.6,4911.06,175900331
2005-05-18,5000.47,5074.56,4949.05,4987.35,251251729
2005-05-19,5036.93,5045.06,5026.07,5035.13,186830965
2005-05-20,5087.67,5131.14,5092.93,5101.14,259071409
2005-05-23,5054.72,5055.4,5005.11,5055.14,291746407
2005-05-24,5000.33,5041.21,4951.07,4967.76,244758735
2005-05-25,5082.63,5147.88,4980.95,5065.03,237602205
2005-05-26,5050.99,5070.26,4969.68,5046.88,257936048
2005-05-27,5051.95,5075.88,4995.61,5033.35,90148065
2005-05-30,5131.9,5153.02,5055.75,5120.73,230000221
2005-05-31,5167.37,5196.92,5157.62,5159.19,280328212
2005-06-01,5211.74,5232.38,5167.92,5191.38,289053205
2005-06-02,5348.51,5406.47,5316.6,5337.47,83976238
2005-06-03,5315.09,5337.78,5288.09,5296.9,81783448
2005-06-06,5365.19,5370.86,5333.83,5361.73,95625045
2005-06-07,5362.68,5368.59,5339.6,5368.14,148147895
2005-06-08,5377.09,5396.4,5355.5,5388.9,169247102
2005-06-09,5481.63,5555.16,5480.1,5496.3,101020735
2005-06-10,5498.68,5565.43,5512.94,5534.21,209366811
2005-06-13,5554.19,5634.71,5503.43,5574.53,222661222
2005-06-14,5631.78,5653.96,5629.39,5653.05,119506720
2005-06-15,5618.38,5647.81,5581.05,5629.8,126188163
2005-06-16,5608.07,5723.83,5501.19,5573.24,92893775
2005-06-17,5499.51,5532.76,5489.55,5502.98,263657488
2005-06-20,5376.08,5388.47,5337.95,5370.88,252923511
2005-06-21,5520.49,5561.05,5439.59,5514.46,241852579
2005-06-22,5475.49,5522.78,5395.6,5440.94,298176655
2005-06-23,5415.88,5472.9,5350.37,5428.38,146497638
2005-06-24,5407.24,5417.03,5397.31,5412.05,124941334
2005-06-27,5433.33,5497.71,5425.89,5435.64,127961159
2005-06-28,5519.39,5543.72,5491.36,5494.41,153511928
2005-06-29,5586.82,5567.13,5555.35,5556.95,119433992
2005-06-30,5529.38,5533.17,5512.8,5518.9,57013965
2005-07-01,5537.09,5521.76,5403.45,5509.92,240653238
2005-07-04,5536.13,5555.15,5531.55,5532.2,287635656
2005-07-05,5513.71,5593.37,5419.11,5517.52,84082111
2005-07-06,5659.63,5641.6,5600.08,5633.07,153688110
2005-07-07,5681.79,5674.64,5645.54,5670.73,94006644
2005-07-08,5709.35,5827.71,5627.39,5726.2,89815001
2005-07-11,5800.02,5786.01,5739.34,5776.97,235115363
2005-07-12,5860.92,5905.06,5839.06,5865.81,290399093
2005-07-13,5874.22,5932.25,5825.97,5882.0,51233801
2005-07-14,5810.12,5824.21,5780.33,5789.44,164928634
2005-07-15,5819.37,5858.35,5805.39,5821.43,85298392
2005-07-18,5785.59,5844.85,5722.02,5776.61,265420675
2005-07-19,5756.2,5789.58,5736.58,5741.0,57398173
2005-07-20,5768.2,5810.95,5751.41,5786.32,102172785
2005-07-21,5889.15,5898.38,5847.93,5880.1,206437642
2005-07-22,5916.24,5937.38,5823.91,5884.48,132142770
2005-07-25,5887.62,5928.11,5840.59,5910.23,258645778
2005-07-26,6052.1,6160.11,5972.58,6041.23,80877425
2005-07-27,6042.35,6100.37,6017.97,6062.46,246646284
2005-07-28,6293.06,6310.79,6191.39,6267.46,197897272
2005-07-29,6340.84,6372.65,6284.9,6315.28,59538019
2005-08-01,6170.91,6195.32,6087.62,6179.67,127212034
2005-08-02,6296.74,6310.2,6230.93,6241.57,247449071
2005-08-03,6302.38,6315.09,6261.73,6274.6,120348621
2005-08-04,6398.47,6530.66,6349.27,6380.43,134300233
2005-08-05,6454.59,6489.55,6420.87,6437.84,245275173
2005-08-08,6454.99,6478.26,6336.15,6429.68,259471719
2005-08-09,6309.05,6341.97,6324.54,6334.28,79456922
2005-08-10,6325.55,6372.4,6304.44,6320.63,79010639
2005-08-11,6265.83,6287.95,6229.2,6256.24,220138761
2005-08-12,6203.66,6308.37,6167.23,6213.61,202003957
2005-08-15,6274.48,6267.27,6231.39,6262.84,219891252
2005-08-16,6430.57,6512.21,6381.09,6399.04,212496666
2005-08-17,6423.15,6475.44,6408.9,6434.0,238414470
2005-08-18,6339.43,6451.92,6307.42,6340.81,87792882
2005-08-19,6358.53,6424.5,6272.35,6379.47,175297755
2005-08-22,6433.14,6532.72,6426.06,6479.46,127346137
2005-08-23,6452.97,6534.52,6425.38,6432.93,203079377
2005-08-24,6424.48,6444.53,6394.68,6425.14,91152012
2005-08-25,6430.61,6439.02,6396.98,6429.39,144848090
2005-08-26,6344.01,6421.77,6366.17,6369.15,127595323
2005-08-29,6419.68,6499.17,6412.08,6424.45,283905549
2005-08-30,6445.87,6442.36,6394.54,6417.72,178430184
2005-08-31,6454.82,6492.06,6441.04,6454.8,60738475
2005-09-01,6386.82,6393.17,6372.84,6386.07,128650309
2005-09-02,6359.27,6396.26,6274.6,6354.0,253498067
2005-09-05,6383.42,6456.1,6391.13,6415.14,246396021
2005-09-06,6404.09,6460.9,6329.53,6388.12,60904091
2005-09-07,6498.95,6631.64,6496.88,6531.75,143011222
2005-09-08,6477.6,6535.39,6500.31,6502.04,157020299
2005-09-09,6496.2,6537.41,6504.85,6523.58,193140759
2005-09-12,6599.19,6651.51,6509.76,6603.82,107954667
2005-09-13,6480.8,6630.05,6462.05,6489.95,240317205
2005-09-14,6350.55,6362.88,6311.23,6350.58,130721213
2005-09-15,6210.08,6275.08,6217.39,6232.65,148161177
2005-09-16,6361.08,6379.39,6269.91,6335.6,250470841
2005-09-19,6315.7,6333.43,6265.68,6294.7,295257670
2005-09-20,6499.46,6513.75,6451.51,6503.98,83564046
2005-09-21,6448.62,6504.44,6371.93,6460.99,210896751
2005-09-22,6464.1,6521.89,6462.98,6479.11,129946973
2005-09-23,6601.17,6635.43,6581.43,6609.37,75231939
2005-09-26,6743.79,6890.84,6728.59,6781.78,158224773
2005-09-27,6936.81,7037.29,6892.92,6963.54,217690735
2005-09-28,7098.07,7176.02,7064.62,7073.73,270576366
2005-09-29,7177.65,7263.14,7082.53,7169.0,284197121
2005-09-30,7273.39,7229.96,7202.53,7226.16,181937047
2005-10-03,7292.11,7397.97,7266.37,7300.84,99560866
2005-10-04,7243.28,7263.06,7247.84,7253.77,97404846
2005-10-05,7171.08,7196.79,7108.71,7182.8,176105118
2005-10-06,7176.74,7189.17,7143.68,7185.92,201980120
2005-10-07,7155.0,7181.11,7111.12,7173.94,267387975
2005-10-10,7144.23,7148.78,7135.26,7136.49,187286987
2005-10-11,7203.65,7268.7,7183.13,7202.81,113693429
2005-10-12,7278.62,7302.26,7241.39,7293.5,157176441
2005-10-13,7341.66,7346.74,7243.26,7305.1,237260033
2005-10-14,7502.39,7507.34,7422.62,7445.91,88354015
2005-10-17,7377.33,7365.87,7293.73,7343.07,61028286
2005-10-18,7345.02,7385.55,7298.7,7328.66,228779381
2005-10-19,7288.37,7344.88,7054.92,7266.23,69846602
2005-10-20,7153.46,7109.19,6981.89,7100.73,264078608
2005-10-21,7118.3,7106.44,7065.46,7096.72,178949557
2005-10-24,7072.62,7094.17,7045.7,7089.22,244004604
2005-10-25,7240.47,7230.06,7164.09,7229.13,82235412
2005-10-26,7308.55,7440.96,7261.38,7290.28,188897941
2005-10-27,7171.6,7276.87,7158.95,7200.25,185110012
2005-10-28,7365.53,7491.32,7262.31,7373.93,213724640
2005-10-31,7524.79,7511.73,7483.33,7491.81,92865523
2005-11-01,7495.48,7573.29,7443.6,7550.55,268600374
2005-11-02,7494.95,7551.67,7464.29,7532.62,174985628
2005-11-03,7440.41,7480.44,7440.87,7445.66,59536206
2005-11-04,7424.85,7490.53,7283.67,7414.36,106422292
2005-11-07,7479.5,7611.02,7482.31,7520.34,105853313
2005-11-08,7700.8,7739.02,7696.94,7704.71,293955703
2005-11-09,7895.99,7886.68,7827.86,7859.72,143442857
2005-11-10,7817.32,7863.35,7790.12,7815.18,162048179
2005-11-11,7738.34,7844.66,7629.23,7709.38,264649381
2005-11-14,7708.46,7785.83,7702.07,7726.76,73373698
2005-11-15,7535.61,7563.54,7441.61,7560.11,290450200
2005-11-16,7620.35,7648.67,7570.79,7594.57,222531532
2005-11-17,7595.27,7618.3,7525.41,7584.07,262133079
2005-11-18,7507.49,7579.03,7526.29,7543.26,61320765
2005-11-21,7373.04,7435.51,7381.41,7396.74,175332702
2005-11-22,7494.92,7463.62,7376.95,7448.3,187976462
2005-11-23,7374.63,7480.39,7360.83,7402.0,204831813
2005-11-24,7324.45,7322.62,7281.81,7297.18,154256616
2005-11-25,7027.72,7090.62,7041.02,7041.19,176243337
2005-11-28,7042.01,7061.91,6982.45,7042.1,214746184
2005-11-29,7213.02,7237.31,7078.82,7204.53,290465649
2005-11-30,7298.56,7382.97,7353.75,7360.42,50226280
2005-12-01,7278.8,7416.9,7275.09,7321.64,294974455
2005-12-02,7272.27,7283.49,7263.46,7269.76,266116606
2005-12-05,7295.11,7338.9,7285.0,7316.3,119164145
2005-12-06,7257.11,7281.25,7201.43,7228.29,230945640
2005-12-07,7212.65,7273.78,7254.45,7259.28,209472708
2005-12-08,7349.76,7476.36,7234.28,7333.18,228670956
2005-12-09,7409.95,7461.95,7377.48,7450.96,183714987
2005-12-12,7434.63,7457.37,7387.96,7445.11,232257320
2005-12-13,7397.94,7510.67,7384.53,7429.57,207081810
2005-12-14,7407.28,7405.93,7275.46,7351.34,274114963
2005-12-15,7239.62,7325.76,7240.01,7278.62,66846816
2005-12-16,7257.79,7274.74,7239.47,7261.34,100828394
2005-12-19,7248.08,7304.44,7263.09,7298.5,241416228
2005-12-20,7433.77,7404.61,7357.4,7386.5,271522398
2005-12-21,7327.36,7321.04,7289.12,7315.62,221161804
2005-12-22,7462.14,7532.2,7296.9,7458.05,166396150
2005-12-23,7480.01,7443.5,7431.63,7436.16,138433125
2005-12-26,7442.08,7524.46,7381.98,7437.7,140630252
2005-12-27,7377.99,7467.65,7343.74,7371.52,259045957
2005-12-28,7156.95,7174.37,7107.94,7153.18,190061934
2005-12-29,7253.06,7270.86,7182.36,7236.74,60851335
2005-12-30,7293.32,7380.99,7286.41,7307.72,250790527
2006-01-02,7279.08,7308.4,7188.04,7285.33,189109418
2006-01-03,7318.6,7301.79,7243.35,7294.95,183922185
2006-01-04,7354.17,7438.53,7317.39,7346.02,223127464
2006-01-05,7202.96,7226.2,7194.01,7206.25,148431107
2006-01-06,7121.67,7209.77,7111.32,7161.79,255766349
2006-01-09,7280.63,7289.13,7226.87,7237.26,130344963
2006-01-10,7108.33,7179.94,7053.88,7127.19,243472279
2006-01-11,7185.27,7166.66,7119.12,7157.0,116300654
2006-01-12,7044.02,7077.16,6974.84,7039.07,110735252
2006-01-13,7047.28,7086.07,7066.47,7083.93,271026697
2006-01-16,7119.61,7097.38,7079.75,7084.12,216620717
2006-01-17,6951.8,7009.46,6914.57,6944.73,289718360
2006-01-18,7088.41,7086.02,7049.2,7050.75,118731077
2006-01-19,6984.02,6998.59,6970.11,6989.12,97095247
2006-01-20,6940.93,6996.32,6917.29,6921.43,125201656
2006-01-23,6893.31,7073.59,6940.65,6942.25,272588203
2006-01-24,7032.7,7162.49,7029.61,7046.8,204448091
2006-01-25,6925.06,7055.5,6949.19,6960.5,88933347
2006-01-26,6958.79,7004.2,6946.73,6969.23,264480989
2006-01-27,7023.55,7012.62,6962.28,7010.32,144525592
2006-01-30,7058.07,7083.47,7064.19,7075.18,133028492
2006-01-31,7118.81,7151.42,6966.22,7094.3,111038502
2006-02-01,7040.73,7124.72,7055.85,7064.93,108030798
2006-02-02,7019.75,7009.58,6964.16,6994.98,119882622
2006-02-03,7042.62,7038.32,6856.23,7005.91,277341733
2006-02-06,6943.24,6931.54,6892.33,6915.21,140563741
2006-02-07,6659.31,6671.95,6615.67,6668.49,139001229
2006-02-08,6651.43,6713.45,6676.69,6708.47,78687153
2006-02-09,6804.34,6818.4,6754.7,6788.53,190976384
2006-02-10,6589.25,6619.46,6564.3,6592.55,198581052
2006-02-13,6486.83,6527.29,6454.9,6512.32,238320258
2006-02-14,6551.83,6616.02,6547.14,6566.44,77606252
2006-02-15,6780.78,6774.36,6670.64,6742.09,87812145
2006-02-16,6716.38,6793.97,6737.66,6747.07,79358524
2006-02-17,6701.19,6721.48,6649.83,6688.66,275081251
2006-02-20,6682.26,6678.18,6657.35,6676.44,269498115
2006-02-21,6786.62,6841.49,6778.16,6796.33,139348266
2006-02-22,6761.84,6793.33,6718.5,6744.46,86772109
2006-02-23,6723.68,6775.16,6664.71,6680.07,233323224
2006-02-24,6634.86,6671.05,6610.48,6642.73,223348454
2006-02-27,6560.16,6606.8,6552.83,6566.54,282039036
2006-02-28,6596.21,6583.98,6531.38,6579.83,287008962
2006-03-01,6743.78,6753.33,6661.7,6719.1,116579206
2006-03-02,6746.27,6789.73,6687.8,6749.72,186437767
2006-03-03,6723.28,6747.02,6649.06,6731.5,235157163
2006-03-06,6650.47,6718.07,6670.97,6709.99,151735871
2006-03-07,6561.79,6590.57,6527.23,6582.27,115683590
2006-03-08,6628.74,6669.47,6594.36,6659.08,245718903
2006-03-09,6673.95,6657.01,6606.49,6655.73,254274479
2006-03-10,6637.29,6670.91,6627.44,6643.77,266298301
2006-03-13,6911.96,6963.84,6818.24,6919.79,238846104
2006-03-14,6948.94,7026.99,6926.1,6949.19,148863568
2006-03-15,6862.99,6899.99,6808.64,6886.96,199346265
2006-03-16,6895.91,6925.24,6798.57,6853.33,172974581
2006-03-17,6992.65,6966.99,6905.87,6956.52,245520707
2006-03-20,7014.89,7017.24,6959.18,6969.78,185223999
2006-03-21,6866.6,6884.33,6845.97,6847.88,226185200
2006-03-22,6930.13,7053.46,6925.17,6930.94,239716881
2006-03-23,6920.53,6919.39,6825.71,6876.12,169826553
2006-03-24,7024.5,7062.42,7020.66,7043.69,102327171
2006-03-27,7118.7,7243.92,6975.79,7143.59,102811664
2006-03-28,7089.73,7132.63,7032.19,7106.83,193913518
2006-03-29,7241.01,7277.1,7099.45,7225.9,99196917
2006-03-30,7213.47,7271.69,7225.37,7235.52,236549456
2006-03-31,7312.62,7381.63,7303.09,7317.16,118070700
2006-04-03,7318.3,7408.63,7348.8,7365.49,166749912
2006-04-04,7304.87,7349.59,7234.91,7290.84,176591929
2006-04-05,7191.5,7236.76,7196.39,7235.41,191403650
2006-04-06,7306.06,7384.12,7291.38,7333.4,123909131
2006-04-07,7341.59,7398.92,7232.65,7306.02,235450458
2006-04-10,7306.75,7316.08,7187.12,7272.42,110614288
2006-04-11,7199.62,7313.19,7188.85,7188.85,225597429
2006-04-12,7238.74,7257.28,7127.12,7230.76,286852757
2006-04-13,7408.89,7490.28,7323.69,7424.65,161383590
2006-04-14,7306.3,7386.92,7295.92,7328.95,236570534
2006-04-17,7324.05,7357.05,7291.85,7334.68,95944825
2006-04-18,7424.68,7505.98,7416.91,7469.91,236409578
2006-04-19,7473.51,7549.68,7438.95,7465.97,97120367
2006-04-20,7513.69,7584.87,7466.09,7512.22,218156771
2006-04-21,7388.18,7449.44,7288.67,7415.87,63358863
2006-04-24,7506.35,7464.06,7453.44,7459.55,94608228
2006-04-25,7463.6,7537.11,7408.01,7445.52,139250738
2006-04-26,7563.03,7581.88,7536.34,7542.16,235034613
2006-04-27,7644.55,7695.91,7518.58,7659.48,186104732
2006-04-28,7917.22,7947.55,7906.51,7917.26,266633549
2006-05-01,7999.11,8015.94,7823.91,7979.09,157085822
2006-05-02,8020.62,8025.51,7945.96,8015.73,251896518
2006-05-03,8090.72,8138.99,8005.64,8039.21,264103720
2006-05-04,8000.8,8149.18,7989.48,8007.33,251253560
2006-05-05,8029.14,8132.12,8009.16,8045.38,290466331
2006-05-08,8039.66,8039.95,7956.56,8019.31,211508684
2006-05-09,7999.5,8042.27,8035.52,8040.18,179994959
2006-05-10,8208.89,8303.8,8126.65,8178.65,262312468
2006-05-11,8037.4,8165.07,7879.44,8079.44,188569190
2006-05-12,8221.16,8330.34,8170.87,8200.21,151932413
2006-05-15,8319.76,8391.92,8339.88,8341.39,83100642
2006-05-16,8348.84,8360.76,8319.87,8332.96,159574003
2006-05-17,8146.47,8180.95,8022.39,8117.01,247111800
2006-05-18,8063.87,8095.75,7986.47,8058.93,211474996
2006-05-19,8156.27,8243.03,8154.87,8195.6,199226329
2006-05-22,8167.73,8280.2,8071.5,8197.14,124710445
2006-05-23,8074.83,8161.35,8000.59,8098.44,274984710
2006-05-24,7989.91,8058.22,8035.07,8050.93,279207697
2006-05-25,8177.24,8176.69,8111.98,8140.53,210287064
2006-05-26,8204.31,8265.49,8197.26,8200.7,291299428
2006-05-29,8142.79,8228.46,8138.31,8179.94,108259604
2006-05-30,8193.54,8181.0,8123.47,8146.1,218533383
2006-05-31,8087.11,8188.3,7938.07,8109.86,106283322
2006-06-01,8028.01,8134.17,7990.85,8019.98,74264723
2006-06-02,8161.74,8258.48,8158.29,8188.77,275105233
2006-06-05,8093.59,8323.01,8122.82,8159.47,162200052
2006-06-06,8244.26,8319.45,8263.45,8289.5,82648146
2006-06-07,8438.77,8582.11,8352.37,8453.94,122261363
2006-06-08,8595.79,8583.05,8562.29,8565.02,135672002
2006-06-09,8534.44,8616.2,8469.21,8522.63,194078262
2006-06-12,8574.97,8591.12,8528.11,8570.17,295632061
2006-06-13,8502.72,8643.51,8516.27,8571.64,250076773
2006-06-14,8521.71,8535.49,8375.81,8478.63,236221329
2006-06-15,8525.03,8558.31,8420.21,8517.41,285994970
2006-06-16,8391.81,8435.68,8256.93,8395.82,270116942
2006-06-19,8565.07,8526.66,8447.81,8526.45,196266733
2006-06-20,8523.04,8520.39,8376.21,8480.72,182947511
2006-06-21,8545.58,8522.48,8480.01,8506.29,247642324
2006-06-22,8532.33,8573.54,8516.13,8540.77,68474389
2006-06-23,8482.83,8546.47,8502.05,8517.02,256388999
2006-06-26,8618.25,8600.2,8505.11,8584.29,250328586
2006-06-27,8490.53,8600.48,8489.93,8537.15,283932299
2006-06-28,8702.75,8724.5,8581.94,8635.49,87007535
2006-06-29,8495.28,8537.43,8391.63,8494.33,165687782
2006-06-30,8475.8,8588.79,8480.89,8511.92,111651774
2006-07-03,8683.56,8742.87,8675.11,8726.56,248444570
2006-07-04,8577.32,8635.31,8604.7,8621.38,283509154
2006-07-05,8556.95,8586.01,8488.92,8552.14,117913857
2006-07-06,8611.58,8681.79,8503.53,8611.8,190168930
2006-07-07,8592.72,8755.95,8521.74,8635.41,170488414
2006-07-10,8665.4,8751.04,8650.61,8677.78,272511751
2006-07-11,8687.78,8758.22,8673.46,8735.58,267307667
2006-07-12,8830.68,8824.85,8773.5,8809.91,129823111
2006-07-13,8936.25,9010.45,8922.51,8938.2,238439486
2006-07-14,8975.15,9020.81,8936.98,8988.75,146067395
2006-07-17,8919.55,9029.0,8936.5,8965.74,53903134
2006-07-18,9035.48,9150.75,8986.72,9046.34,185272950
2006-07-19,9254.53,9305.51,9243.84,9269.9,208432415
2006-07-20,9270.6,9361.29,9201.86,9258.84,62135308
2006-07-21,9156.32,9242.9,9081.84,9150.21,162836437
2006-07-24,9312.56,9335.87,9163.36,9283.15,155211417
2006-07-25,9255.52,9320.87,9268.34,9273.49,251299024
2006-07-26,8960.21,9149.99,8986.32,9027.39,299718172
2006-07-27,9164.82,9152.88,9058.07,9128.63,213756506
2006-07-28,9037.63,9118.48,8966.55,9071.59,250489847
2006-07-31,9025.43,9088.83,9026.25,9065.57,275331157
2006-08-01,9106.33,9207.14,8975.8,9107.9,136325265
2006-08-02,9145.18,9184.1,9065.47,9134.13,240893124
2006-08-03,9200.95,9221.21,9203.08,9220.53,191583243
2006-08-04,9154.68,9178.91,9085.21,9174.45,80048385
2006-08-07,9223.9,9380.71,9138.69,9238.35,91853865
2006-08-08,9264.77,9218.56,9098.54,9212.57,143474438
2006-08-09,9303.05,9390.89,9290.42,9303.15,106312622
2006-08-10,9343.71,9412.67,9370.0,9380.03,120588121
2006-08-11,9239.01,9297.67,9148.68,9274.54,233594293
2006-08-14,9397.35,9506.8,9379.79,9406.79,95471206
2006-08-15,9356.83,9403.45,9261.38,9347.93,58847374
2006-08-16,9466.38,9487.92,9361.2,9448.09,248456815
2006-08-17,9501.14,9497.0,9445.65,9496.43,181147765
2006-08-18,9690.81,9796.9,9635.69,9723.55,131515705
2006-08-21,9684.38,9714.9,9676.53,9700.83,191757856
2006-08-22,9691.2,9690.08,9611.23,9662.83,295412846
2006-08-23,9620.76,9831.18,9526.32,9665.07,81744706
2006-08-24,9614.86,9640.04,9546.4,9632.81,248017726
2006-08-25,9758.28,9825.59,9665.85,9735.02,246203241
2006-08-28,9576.74,9573.96,9476.44,9543.32,89786927
2006-08-29,9414.69,9475.44,9305.23,9421.96,246197441
2006-08-30,9285.18,9369.53,9241.33,9300.48,264678608
2006-08-31,9367.18,9432.69,9409.81,9416.99,68626496
2006-09-01,9646.96,9808.05,9566.58,9626.72,110870691
2006-09-04,9669.38,9620.05,9569.82,9618.64,112444266
2006-09-05,9701.31,9697.3,9553.21,9602.78,150489232
2006-09-06,9630.7,9656.41,9550.92,9615.83,86100609
2006-09-07,9760.29,9797.1,9734.84,9762.28,114567328
2006-09-08,9617.96,9786.48,9652.11,9653.48,106793436
2006-09-11,9614.32,9742.96,9636.87,9687.12,58735227
2006-09-12,9818.49,9843.84,9681.91,9811.55,134308613
2006-09-13,9971.26,9910.82,9868.89,9878.39,67836970
2006-09-14,9957.09,10003.0,9833.66,9906.73,118947811
2006-09-15,10082.07,10048.88,9979.76,10037.24,214483927
2006-09-18,9715.31,9737.29,9695.93,9705.78,101498250
2006-09-19,9807.77,9794.97,9734.66,9793.68,152228484
2006-09-20,9623.72,9794.67,9614.09,9717.94,89437085
2006-09-21,9529.87,9672.35,9360.46,9500.89,236742665
2006-09-22,9544.67,9599.82,9543.21,9566.84,56775268
2006-09-25,9711.15,9752.03,9702.14,9738.48,236203482
2006-09-26,9713.69,9774.36,9718.7,9726.26,234225370
2006-09-27,9834.36,9975.99,9846.9,9848.42,157375255
2006-09-28,10026.44,10105.96,10043.37,10055.3,168858170
2006-09-29,10228.7,10249.9,10144.86,10228.14,216451577
2006-10-02,10423.31,10493.18,10445.98,10446.64,251688693
2006-10-03,10554.03,10707.12,10485.06,10549.79,51762293
2006-10-04,10502.01,10745.85,10528.19,10564.86,197989442
2006-10-05,10349.83,10416.67,10342.48,10358.69,166711996
2006-10-06,10286.24,10348.86,10265.1,10331.55,160866789
2006-10-09,10201.0,10346.27,10127.71,10227.24,283003545
2006-10-10,10521.87,10653.5,10445.69,10515.83,212378348
2006-10-11,10430.2,10660.13,10470.26,10497.55,250791919
2006-10-12,10484.27,10530.3,10492.37,10518.87,74340262
2006-10-13,10621.37,10605.39,10567.25,10597.26,173976913
2006-10-16,10548.16,10624.94,10546.81,10608.13,71507842
2006-10-17,10919.37,10880.11,10814.8,10842.27,190342053
2006-10-18,10814.52,10852.92,10642.65,10762.67,250438825
2006-10-19,10772.88,10886.5,10723.55,10794.23,183038895
2006-10-20,10665.14,10728.39,10684.33,10698.82,237891672
2006-10-23,10535.88,10559.73,10462.04,10527.38,85518476
2006-10-24,10391.01,10515.25,10416.33,10451.53,256796376
2006-10-25,10367.92,10667.85,10450.29,10451.63,111075031
2006-10-26,10381.09,10435.07,10387.3,10400.2,224627639
2006-10-27,10309.25,10365.38,10216.71,10314.78,77240936
2006-10-30,10142.29,10230.74,10085.38,10138.46,188986682
2006-10-31,10107.76,10247.89,10085.13,10132.67,151764158
2006-11-01,9997.81,10086.57,9885.93,9947.12,117453482
2006-11-02,9987.53,10249.29,10038.56,10047.62,206732136
2006-11-03,10017.03,10124.74,9966.6,10062.85,165562217
2006-11-06,9903.69,9920.75,9832.06,9884.45,243960010
2006-11-07,9804.94,9896.55,9844.24,9850.71,60384184
2006-11-08,9715.58,9779.53,9620.73,9762.45,128197908
2006-11-09,9811.29,9819.54,9798.55,9806.46,216801374
2006-11-10,9936.18,9979.18,9846.14,9978.22,184491829
2006-11-13,9744.7,9826.18,9732.71,9749.89,51806542
2006-11-14,9741.34,9885.69,9738.43,9768.68,246016820
2006-11-15,9720.02,9810.33,9633.53,9753.64,174526252
2006-11-16,9758.42,9895.79,9806.77,9841.17,182973808
2006-11-17,9877.85,9997.48,9821.58,9872.34,95374115
2006-11-20,9735.1,9845.75,9747.08,9783.91,96310269
2006-11-21,9742.74,9803.34,9726.48,9749.3,288730474
2006-11-22,9636.83,9678.53,9502.95,9656.61,197859580
2006-11-23,9784.99,9886.34,9719.75,9793.08,180238720
2006-11-24,9794.5,9880.5,9714.53,9800.37,296049883
2006-11-27,10050.51,10059.7,9895.07,10042.73,192144224
2006-11-28,10010.61,10067.11,10005.93,10039.84,260419394
2006-11-29,10004.86,10031.9,9935.56,9955.37,51806198
2006-11-30,9699.75,9822.54,9706.69,9771.96,186002766
2006-12-01,9548.36,9609.35,9492.05,9557.02,61048352
2006-12-04,9403.98,9472.19,9249.79,9372.63,241852831
2006-12-05,9426.65,9430.43,9405.35,9408.71,79123798
2006-12-06,9436.78,9588.57,9461.17,9473.72,192098105
2006-12-07,9261.24,9376.5,9238.09,9291.28,242232061
2006-12-08,9363.26,9484.78,9360.7,9401.12,250034073
2006-12-11,9370.94,9435.87,9232.74,9348.53,151892862
2006-12-12,9342.56,9465.85,9312.12,9370.3,79338111
2006-12-13,9576.89,9654.05,9522.14,9567.13,233288380
2006-12-14,9690.68,9719.89,9635.14,9680.45,227656175
2006-12-15,9743.79,9699.92,9641.68,9652.35,285845008
2006-12-18,9561.09,9672.66,9432.02,9549.13,259884360
2006-12-19,9267.98,9355.46,9233.29,9298.15,222973636
2006-12-20,9164.83,9303.0,9173.9,9218.67,89364892
2006-12-21,9188.41,9212.17,9155.21,9198.56,141613246
2006-12-22,9084.87,9107.53,9025.23,9089.19,269247237
2006-12-25,8998.22,9221.6,9038.46,9078.5,166441838
2006-12-26,9065.66,9251.85,9018.88,9091.62,119683963
2006-12-27,9081.01,9086.22,8991.61,9070.22,210813416
2006-12-28,8981.36,9018.31,8905.27,9000.53,131419450
2006-12-29,9058.93,9105.2,8960.51,9023.97,80100962
2007-01-01,9022.09,9157.75,9065.2,9078.68,209058290
2007-01-02,8983.33,8999.32,8957.88,8959.08,267289748
2007-01-03,9157.45,9165.18,9059.58,9124.1,179618860
2007-01-04,9152.0,9127.16,8999.73,9117.12,166329388
2007-01-05,9066.48,9180.57,9000.6,9123.62,175010774
2007-01-08,9221.37,9296.29,9186.34,9209.78,57899938
2007-01-09,9216.56,9267.59,9221.61,9241.28,89521587
2007-01-10,9304.75,9480.74,9252.52,9357.38,188704941
2007-01-11,9380.21,9400.9,9359.3,9395.76,276164929
2007-01-12,9294.22,9337.41,9296.06,9327.98,196977848
2007-01-15,9409.56,9547.97,9354.13,9375.03,260724393
2007-01-16,9264.28,9348.81,9131.06,9245.31,87725640
2007-01-17,9219.67,9321.39,9049.4,9262.37,160063948
2007-01-18,9236.07,9386.21,9243.18,9262.9,77812586
2007-01-19,9228.97,9267.07,9234.79,9243.05,141411297
2007-01-22,9229.81,9295.98,9151.39,9232.49,84745359
2007-01-23,9056.77,9091.33,9001.65,9020.46,247907076
2007-01-24,8987.35,9011.82,8950.81,8962.58,295519872
2007-01-25,8979.19,9005.0,8841.72,8977.35,143403879
2007-01-26,8990.35,9057.23,8922.67,8999.73,183456021
2007-01-29,8825.14,8967.89,8831.67,8888.19,191679597
2007-01-30,9082.06,9148.82,8894.84,9035.36,237192953
2007-01-31,8925.56,8946.38,8915.29,8941.55,71770009
2007-02-01,9112.07,9142.22,8975.83,9055.75,177775601
2007-02-02,9116.1,9133.9,9097.6,9108.95,80251833
2007-02-05,9112.63,9104.63,9033.14,9039.4,51463508
2007-02-06,9270.69,9263.61,9167.54,9248.26,173869574
2007-02-07,9062.35,9147.06,8993.32,9114.56,169597336
2007-02-08,9202.44,9256.37,9129.09,9225.11,256413752
2007-02-09,9340.27,9466.58,9266.86,9346.59,268998411
2007-02-12,9239.96,9355.76,9267.4,9272.37,52004638
2007-02-13,9426.73,9448.71,9420.01,9440.97,271888494
2007-02-14,9364.27,9542.85,9396.2,9415.76,212654746
2007-02-15,9454.78,9517.44,9425.23,9454.57,140728789
2007-02-16,9499.16,9556.32,9427.85,9490.15,295580449
2007-02-19,9440.54,9503.42,9402.57,9478.61,56590069
2007-02-20,9654.85,9666.42,9451.28,9580.5,216544720
2007-02-21,9683.82,9788.26,9655.85,9681.36,176757882
2007-02-22,9443.98,9629.35,9371.54,9474.93,110402762
2007-02-23,9573.7,9647.85,9608.89,9636.51,190834908
2007-02-26,9443.52,9479.82,9298.98,9441.26,52305569
2007-02-27,9559.47,9584.88,9532.92,9569.44,250894578
2007-02-28,9741.29,9752.07,9657.51,9710.87,281769508
2007-03-01,9577.37,9592.04,9529.53,9582.87,66920505
2007-03-02,9492.4,9540.58,9523.33,9537.94,56023280
2007-03-05,9473.36,9478.66,9409.95,9410.47,152389103
2007-03-06,9405.86,9565.69,9320.13,9389.5,177407163
2007-03-07,9348.07,9462.39,9186.78,9357.58,115473817
2007-03-08,9460.68,9462.31,9370.36,9454.45,240044396
2007-03-09,9634.64,9707.22,9586.38,9616.41,203901693
2007-03-12,9735.69,9916.37,9705.69,9791.66,145639468
2007-03-13,9733.32,9772.92,9719.16,9727.18,170249388
2007-03-14,9688.72,9818.26,9665.89,9706.2,288425887
2007-03-15,9526.32,9555.57,9439.26,9507.03,62637924
2007-03-16,9387.6,9546.86,9366.0,9415.47,218377540
2007-03-19,9512.1,9585.79,9431.55,9535.17,160572243
2007-03-20,9800.63,9751.82,9653.04,9735.87,188590706
2007-03-21,9637.42,9621.59,9543.7,9590.2,69838534
2007-03-22,9397.88,9631.21,9411.0,9523.42,207501162
2007-03-23,9568.86,9591.4,9497.99,9524.79,151078806
2007-03-26,9560.2,9571.57,9414.04,9563.02,253502016
2007-03-27,9443.65,9504.78,9385.48,9470.48,123574054
2007-03-28,9487.37,9614.75,9408.58,9525.75,64106818
2007-03-29,9437.59,9498.45,9469.35,9473.56,242231084
2007-03-30,9450.57,9560.32,9448.82,9476.35,90826050
2007-04-02,9503.3,9589.61,9488.13,9546.34,270815934
2007-04-03,9499.9,9600.89,9375.2,9551.66,108681925
2007-04-04,9464.26,9514.95,9496.3,9503.81,89769822
2007-04-05,9507.5,9534.97,9435.38,9495.22,92334517
2007-04-06,9491.07,9549.95,9429.67,9489.17,70731674
2007-04-09,9470.55,9472.93,9422.72,9449.54,262760412
2007-04-10,9420.76,9437.74,9413.18,9423.26,77251278
2007-04-11,9569.28,9640.92,9618.86,9619.56,270631587
2007-04-12,9711.56,9717.22,9623.85,9692.4,92688900
2007-04-13,9622.16,9671.67,9643.96,9660.98,59690818
2007-04-16,9776.05,9780.27,9613.74,9750.83,248718898
2007-04-17,9669.22,9959.94,9690.36,9714.53,112359256
2007-04-18,9836.75,9935.43,9638.48,9863.87,256733972
2007-04-19,9900.3,9947.4,9891.67,9914.64,218318447
2007-04-20,9932.68,9924.44,9833.11,9905.96,55344016
2007-04-23,9973.75,10002.71,9882.27,9966.74,139849032
2007-04-24,9776.86,9786.31,9720.05,9776.08,144220821
2007-04-25,9715.6,9665.46,9553.71,9642.87,180687272
2007-04-26,9433.6,9646.39,9251.94,9503.43,227772013
2007-04-27,9485.53,9644.68,9513.56,9525.09,101272506
2007-04-30,9697.8,9789.55,9515.85,9739.93,102419286
2007-05-01,9951.4,10039.0,10012.91,10022.39,266678730
2007-05-02,10079.0,10127.44,10107.51,10108.09,214108921
2007-05-03,10204.92,10297.26,9974.8,10176.92,225517449
2007-05-04,9929.78,10071.37,9800.07,9953.33,128918486
2007-05-07,9877.05,9949.67,9867.59,9890.22,178541956
2007-05-08,9729.71,9916.35,9730.67,9797.21,194581686
2007-05-09,9694.52,9735.71,9611.49,9725.51,55739801
2007-05-10,9691.62,9778.28,9570.07,9709.55,118082435
2007-05-11,9681.38,9815.03,9561.61,9656.57,253689754
2007-05-14,9360.09,9475.53,9249.88,9423.23,182788965
2007-05-15,9499.65,9524.53,9379.85,9516.97,207456353
2007-05-16,9434.52,9414.16,9368.71,9393.68,64264957
2007-05-17,9409.75,9573.93,9376.8,9426.53,260627001
2007-05-18,9598.79,9704.75,9657.4,9680.71,150392194
2007-05-21,9622.77,9641.26,9529.83,9573.78,127694513
2007-05-22,9305.08,9317.93,9272.02,9277.81,131768159
2007-05-23,9281.01,9294.65,9228.8,9248.84,102169596
2007-05-24,9317.05,9410.68,9374.42,9382.49,298919833
2007-05-25,9679.65,9671.95,9574.6,9621.45,241092881
2007-05-28,9448.75,9574.3,9474.53,9478.06,204104198
2007-05-29,9522.66,9580.07,9521.22,9542.1,172515828
2007-05-30,9464.17,9513.17,9482.45,9490.85,50898444
2007-05-31,9518.62,9495.09,9370.59,9482.7,100092293
2007-06-01,9801.56,9923.31,9703.07,9808.61,253568034
2007-06-04,9647.77,9704.04,9545.8,9629.21,197080670
2007-06-05,9667.58,9764.79,9640.91,9664.65,106378089
2007-06-06,9722.69,9818.8,9680.89,9726.39,297892532
2007-06-07,9827.7,9910.74,9778.86,9865.06,280885098
2007-06-08,9953.58,9887.03,9765.49,9881.95,288104259
2007-06-11,9867.0,9961.24,9858.12,9925.1,166819881
2007-06-12,9897.24,9961.23,9863.36,9880.95,253553283
2007-06-13,9934.18,9934.11,9866.45,9919.23,176494267
2007-06-14,9926.76,9885.29,9778.86,9881.14,115663660
2007-06-15,10018.89,10025.73,9949.26,9963.57,245337799
2007-06-18,9916.55,9951.78,9775.24,9922.0,58120805
2007-06-19,9995.16,10099.16,9941.73,9974.0,204013258
2007-06-20,10045.49,10037.96,9782.55,9975.07,158288833
2007-06-21,10119.78,10175.61,10036.9,10122.42,191384145
2007-06-22,10077.51,10236.77,9998.46,10120.68,197259857
2007-06-25,9886.6,10010.93,9883.56,9901.83,135936149
2007-06-26,10012.78,10092.95,10002.92,10065.3,190626315
2007-06-27,9970.65,10046.81,9785.18,9955.84,82924880
2007-06-28,9920.94,9970.33,9765.1,9878.88,145041074
2007-06-29,9804.94,9823.14,9751.47,9809.69,261263632
2007-07-02,9921.04,10044.48,9975.61,9985.79,215042595
2007-07-03,9765.06,9799.69,9706.28,9725.31,188452316
2007-07-04,10050.37,10218.13,10052.37,10122.29,272030128
2007-07-05,10199.29,10358.38,10260.36,10262.75,103143311
2007-07-06,10289.22,10395.73,10212.14,10296.56,135266378
2007-07-09,10304.71,10312.89,10235.25,10294.34,256442602
2007-07-10,10353.82,10388.41,10336.0,10336.37,180555485
2007-07-11,10406.66,10434.31,10306.61,10409.41,290928007
2007-07-12,10573.29,10556.43,10463.43,10499.37,57610477
2007-07-13,10580.92,10638.26,10512.71,10578.16,180675729
2007-07-16,10639.0,10774.39,10540.19,10595.15,213541741
2007-07-17,10607.16,10609.73,10541.14,10573.87,242650575
2007-07-18,10504.16,10564.11,10483.55,10558.77,226109806
2007-07-19,10530.73,10561.14,10324.85,10537.89,86863861
2007-07-20,10785.42,10793.71,10663.88,10694.58,86754131
2007-07-23,10758.24,10936.57,10710.86,10779.99,182696806
2007-07-24,10364.85,10435.64,10330.92,10392.9,62742983
2007-07-25,10491.28,10559.42,10474.71,10484.13,110261213
2007-07-26,10495.18,10620.56,10512.4,10514.89,184739237
2007-07-27,10484.02,10617.35,10501.12,10517.41,216163868
2007-07-30,10450.8,10539.39,10264.72,10471.04,253760076
2007-07-31,10686.32,10723.52,10599.39,10625.45,81671376
2007-08-01,10752.3,10800.92,10707.67,10758.18,123110782
2007-08-02,10602.38,10713.16,10494.42,10659.01,204485479
2007-08-03,10654.1,10753.23,10681.87,10718.91,134953450
2007-08-06,10687.05,10764.23,10496.75,10593.54,98852688
2007-08-07,10406.65,10488.19,10371.99,10415.96,220702280
2007-08-08,10356.93,10341.41,10131.33,10338.96,290063361
2007-08-09,10424.62,10497.64,10453.65,10456.88,159912506
2007-08-10,10601.84,10653.25,10586.79,10588.25,177403817
2007-08-13,10724.23,10674.3,10600.23,10661.99,222262261
2007-08-14,10736.88,10793.45,10591.79,10764.97,177548375
2007-08-15,10860.25,10847.72,10807.4,10840.36,243203732
2007-08-16,10697.73,10817.23,10684.53,10758.23,123012461
2007-08-17,10909.65,10849.17,10721.05,10822.08,209793025
2007-08-20,10948.72,10942.72,10919.64,10936.97,280715652
2007-08-21,11028.42,11070.38,11004.3,11046.66,109176208
2007-08-22,11205.35,11226.01,11169.74,11218.72,176415127
2007-08-23,11301.56,11368.57,11254.12,11324.67,72609799
2007-08-24,11359.45,11404.69,11337.97,11380.34,297389105
2007-08-27,11427.33,11575.47,11536.32,11540.31,56376597
2007-08-28,11537.43,11665.93,11458.63,11541.95,175695802
2007-08-29,11413.47,11444.08,11375.84,11419.86,249860375
2007-08-30,11424.14,11461.05,11180.22,11401.85,73714585
2007-08-31,11277.08,11380.61,11279.41,11300.73,205977276
2007-09-03,11175.77,11332.87,11207.98,11210.34,154261255
2007-09-04,11194.93,11292.13,11178.4,11195.28,203467915
2007-09-05,11017.82,11119.14,11044.6,11089.34,279668877
2007-09-06,11058.0,11097.32,11017.55,11051.66,125507229
2007-09-07,10715.86,10903.8,10786.73,10796.26,82383926
2007-09-10,10879.02,10863.64,10826.25,10830.47,183639010
2007-09-11,10865.45,10888.33,10714.06,10835.79,293878332
2007-09-12,10690.17,10771.7,10679.82,10729.92,215438781
2007-09-13,10853.19,10906.28,10820.2,10824.57,61631390
2007-09-14,10963.29,11020.34,10893.9,10958.41,56480603
2007-09-17,10700.45,10745.45,10669.88,10743.81,266731885
2007-09-18,10559.99,10692.63,10590.04,10646.13,225014426
2007-09-19,10561.84,10662.38,10530.23,10548.49,280285283
2007-09-20,10396.14,10547.77,10419.55,10429.28,142455680
2007-09-21,10590.04,10593.8,10480.91,10543.86,185236392
2007-09-24,10523.74,10582.64,10447.32,10523.15,81616653
2007-09-25,10463.77,10553.54,10434.88,10493.14,236309369
2007-09-26,10310.03,10242.16,10063.95,10236.41,281655497
2007-09-27,10347.41,10347.32,10224.98,10323.6,298812977
2007-09-28,10019.85,10203.92,10044.27,10168.51,63188393
2007-10-01,10161.23,10241.43,10141.77,10181.04,291247942
2007-10-02,10164.96,10249.66,10202.2,10221.55,244670887
2007-10-03,10369.95,10413.34,10329.1,10403.24,79687821
2007-10-04,10232.04,10278.88,10078.39,10237.97,184943331
2007-10-05,9874.47,9913.29,9802.23,9860.51,78044890
2007-10-08,9898.42,10035.93,9845.35,9888.08,193626634
2007-10-09,10163.4,10180.83,10091.04,10119.76,212881726
2007-10-10,10310.05,10420.85,10204.97,10283.86,260376553
2007-10-11,10339.69,10481.17,10255.45,10315.97,211663792
2007-10-12,10265.42,10269.5,10256.25,10257.16,181562916
2007-10-15,10420.29,10421.93,10303.05,10366.93,168978665
2007-10-16,10232.46,10262.46,10200.88,10245.43,204303881
2007-10-17,10300.03,10322.95,10255.77,10312.01,175112326
2007-10-18,10303.69,10516.0,10185.11,10382.83,299824336
2007-10-19,10571.94,10680.31,10432.66,10527.46,72842108
2007-10-22,10901.76,10930.93,10883.9,10905.11,266569843
2007-10-23,11093.04,10976.26,10909.97,10964.38,158970635
2007-10-24,10881.81,10936.62,10873.87,10899.49,86280804
2007-10-25,10905.03,11045.68,10872.68,10901.17,63788516
2007-10-26,10689.28,10706.19,10622.16,10665.96,96724406
2007-10-29,10531.43,10685.69,10511.73,10578.05,192981625
2007-10-30,10543.76,10552.07,10410.9,10528.66,282241670
2007-10-31,10465.8,10535.3,10443.89,10464.35,205819671
2007-11-01,10476.71,10493.19,10442.8,10489.45,140522401
2007-11-02,10434.99,10499.78,10362.37,10386.27,252489469
2007-11-05,10500.92,10628.22,10521.59,10539.02,63685184
2007-11-06,10555.66,10550.97,10532.44,10544.07,245565852
2007-11-07,10609.23,10697.06,10477.34,10547.85,236989849
2007-11-08,10479.67,10534.65,10410.68,10509.37,299178185
2007-11-09,10522.45,10574.0,10449.16,10534.96,119707712
2007-11-12,10750.02,10678.49,10623.0,10650.11,52625580
2007-11-13,10559.41,10562.67,10504.53,10539.41,185742992
2007-11-14,10436.19,10559.8,10378.0,10457.36,160627560
2007-11-15,10455.85,10469.62,10416.29,10422.39,280492835
2007-11-16,10228.73,10305.22,10177.43,10252.03,98846280
2007-11-19,10088.04,10326.72,10038.62,10151.59,84801638
2007-11-20,10151.09,10125.66,10003.7,10095.67,186041022
2007-11-21,10167.3,10292.52,10158.94,10212.36,227661334
2007-11-22,10351.61,10282.81,10150.69,10251.08,160989404
2007-11-23,10260.89,10423.96,10169.34,10281.01,208759233
2007-11-26,10485.48,10432.45,10264.42,10396.77,194468433
2007-11-27,10326.89,10411.87,10338.64,10383.73,86962907
2007-11-28,10482.73,10450.63,10428.19,10439.91,118885364
2007-11-29,10452.16,10437.01,10376.52,10431.31,114494574
2007-11-30,10506.32,10493.29,10395.2,10471.23,265595561
2007-12-03,10439.85,10424.73,10331.01,10399.58,122407792
2007-12-04,10069.61,10132.55,10025.64,10089.7,150884806
2007-12-05,10024.69,10152.89,10007.1,10077.44,252135370
2007-12-06,10262.51,10352.95,10211.67,10264.6,57528234
2007-12-07,10399.29,10483.39,10327.0,10390.03,268696407
2007-12-10,10502.32,10694.38,10449.46,10522.18,214329270
2007-12-11,10704.29,10737.79,10641.31,10692.42,203488951
2007-12-12,10723.59,10735.56,10619.54,10709.47,286020302
2007-12-13,10702.14,10832.11,10702.85,10741.24,50181662
2007-12-14,10679.9,10716.23,10649.67,10663.06,75292274
2007-12-17,10614.38,10635.65,10553.54,10625.74,102233042
2007-12-18,10683.6,10731.95,10596.09,10713.59,214938167
2007-12-19,10916.79,10967.54,10673.4,10882.51,260312824
2007-12-20,10834.8,10882.52,10800.87,10868.58,53005129
2007-12-21,10792.51,10848.92,10768.18,10812.26,247226823
2007-12-24,10820.6,10883.74,10571.37,10817.48,177268096
2007-12-25,10964.87,10968.96,10783.12,10904.92,175232769
2007-12-26,10721.71,10845.24,10659.85,10713.45,93731804
2007-12-27,10434.92,10459.96,10410.39,10412.91,246900393
2007-12-28,10333.54,10402.52,10215.66,10345.86,141509833
2007-12-31,10189.62,10264.55,10066.82,10192.82,274773353
2008-01-01,10130.62,10199.09,10097.49,10132.6,161298056
2008-01-02,10130.44,10136.62,10093.21,10118.57,230078449
2008-01-03,10053.82,10088.45,10060.43,10065.74,166553246
2008-01-04,10311.49,10269.06,10038.66,10256.52,172728031
2008-01-07,10288.35,10339.47,10188.78,10303.73,57358231
2008-01-08,10277.07,10493.68,10339.4,10347.74,260602212
2008-01-09,10548.61,10476.52,10382.72,10434.14,198565236
2008-01-10,10276.92,10431.6,10266.55,10290.4,289404458
2008-01-11,10485.76,10499.89,10356.49,10430.97,238579525
2008-01-14,10484.57,10566.38,10347.79,10425.98,245820999
2008-01-15,10559.2,10552.49,10394.68,10519.43,115499879
2008-01-16,10375.05,10473.63,10305.36,10383.27,254443096
2008-01-17,10198.52,10196.94,10106.2,10186.84,231386217
2008-01-18,10244.76,10389.4,10251.19,10297.26,81822634
2008-01-21,10433.54,10404.37,10262.04,10351.13,162184882
2008-01-22,10204.15,10349.72,10227.1,10239.04,92800856
2008-01-23,10122.0,10156.61,10090.82,10132.29,298668333
2008-01-24,10285.94,10364.48,10251.81,10281.87,252318922
2008-01-25,10129.41,10144.05,10123.92,10133.77,136459490
2008-01-28,10323.41,10380.94,10279.4,10350.61,122821248
2008-01-29,10295.81,10253.18,10231.97,10238.7,158133499
2008-01-30,10365.55,10328.14,10244.78,10326.3,69660118
2008-01-31,10301.79,10369.74,10252.19,10288.53,221224770
2008-02-01,10355.38,10423.97,10297.83,10371.95,133973352
2008-02-04,10349.88,10310.02,10245.23,10306.0,128006400
2008-02-05,10270.67,10371.16,10265.18,10289.79,239475189
2008-02-06,10364.69,10484.65,10185.56,10299.99,285748926
2008-02-07,10180.13,10214.39,10146.66,10175.61,110453099
2008-02-08,10326.46,10288.52,10151.82,10275.92,114304971
2008-02-11,10209.9,10330.2,10179.08,10214.55,200409957
2008-02-12,10192.94,10340.17,10188.73,10190.03,241666365
2008-02-13,10117.31,10079.66,9996.45,10067.96,218652476
2008-02-14,9838.36,9779.88,9745.89,9752.77,174180647
2008-02-15,9794.72,9810.9,9718.1,9733.96,257797854
2008-02-18,10074.38,10050.98,9938.1,10039.16,223336220
2008-02-19,10167.63,10159.87,10126.06,10143.72,198390178
2008-02-20,10125.51,10161.09,10080.84,10146.09,142450651
2008-02-21,10129.3,10144.29,10069.93,10117.36,167202260
2008-02-22,10088.06,10170.39,10019.23,10125.04,276608522
2008-02-25,10215.26,10219.32,10099.81,10199.93,211682905
2008-02-26,10071.79,10151.48,9916.37,10054.1,57780490
2008-02-27,10121.09,10277.69,10190.61,10201.1,109102398
2008-02-28,10299.96,10343.38,10218.03,10298.36,59422788
2008-02-29,10414.17,10420.39,10333.89,10396.91,117314231
2008-03-03,10455.99,10547.41,10422.13,10459.49,124536454
2008-03-04,10482.05,10564.44,10460.21,10467.06,268846258
2008-03-05,10504.51,10591.39,10527.04,10561.19,178404446
2008-03-06,10612.27,10726.46,10575.75,10645.3,69037734
2008-03-07,10646.87,10628.41,10541.56,10602.97,88529321
2008-03-10,10531.66,10570.43,10507.52,10531.64,51371207
2008-03-11,10564.53,10561.96,10428.93,10550.18,86669695
2008-03-12,10739.7,10785.34,10715.78,10763.23,291910068
2008-03-13,10602.38,10620.93,10499.3,10601.55,266189018
2008-03-14,10316.42,10467.86,10316.23,10412.3,167459092
2008-03-17,10474.23,10567.93,10339.31,10438.9,278293661
2008-03-18,10526.15,10480.95,10350.55,10450.57,69268045
2008-03-19,10433.77,10503.27,10284.23,10478.41,216965882
2008-03-20,10476.12,10560.57,10463.27,10515.67,188526080
2008-03-21,10509.64,10616.44,10465.63,10491.13,144097132
2008-03-24,10758.06,10728.47,10676.39,10695.01,71369468
2008-03-25,10486.36,10610.57,10460.07,10486.45,155726597
2008-03-26,10331.45,10437.24,10363.26,10382.5,270787205
2008-03-27,10365.29,10484.21,10311.48,10373.95,239159294
2008-03-28,10124.35,10232.71,10046.18,10166.23,110237172
2008-03-31,10121.41,10222.72,10028.71,10148.56,224247108
2008-04-01,10355.56,10393.64,10331.27,10368.17,228958525
2008-04-02,10337.27,10380.09,10322.54,10375.84,69361570
2008-04-03,10378.6,10463.1,10347.73,10411.0,248999935
2008-04-04,10254.95,10270.21,10167.93,10251.89,248893291
2008-04-07,10186.19,10202.45,10094.62,10177.44,272867534
2008-04-08,10076.54,10245.26,10053.93,10134.27,79959714
2008-04-09,10114.6,10106.56,10049.58,10098.59,251376559
2008-04-10,10252.18,10335.75,10194.98,10267.86,216676337
2008-04-11,10374.99,10363.84,10342.31,10345.19,163516392
2008-04-14,10238.06,10342.28,10059.46,10206.19,114172103
2008-04-15,10220.5,10298.4,10099.66,10242.82,189061290
2008-04-16,10337.55,10362.89,10268.5,10312.22,128156578
2008-04-17,10431.36,10594.05,10432.68,10466.4,257073054
2008-04-18,10738.56,10720.02,10660.14,10681.99,86734057
2008-04-21,10517.55,10686.42,10498.51,10551.28,79144734
2008-04-22,10463.75,10523.56,10285.08,10449.01,90073572
2008-04-23,10281.94,10302.39,10153.01,10289.66,182425735
2008-04-24,10222.5,10413.15,10196.43,10264.25,151205765
2008-04-25,10366.88,10331.25,10268.25,10329.66,110673366
2008-04-28,10438.23,10472.44,10452.45,10463.93,253966900
2008-04-29,10387.78,10556.57,10393.03,10458.9,171198671
2008-04-30,10301.66,10554.24,10343.91,10421.8,106647211
2008-05-01,10410.16,10503.97,10331.23,10446.72,94264839
2008-05-02,10399.22,10408.59,10197.53,10342.3,124703423
2008-05-05,10676.69,10688.29,10490.77,10623.25,207594499
2008-05-06,10385.26,10504.64,10320.6,10415.2,125127071
2008-05-07,10428.8,10486.11,10422.57,10444.44,138260404
2008-05-08,10699.31,10885.83,10554.18,10719.25,51700976
2008-05-09,10668.07,10738.61,10698.82,10725.27,150494274
2008-05-12,10664.09,10803.69,10701.99,10704.72,201547710
2008-05-13,10703.54,10678.98,10539.55,10661.7,178800625
2008-05-14,10664.01,10726.0,10616.99,10642.56,167600481
2008-05-15,10845.23,10859.84,10731.26,10833.4,201287116
2008-05-16,10484.4,10637.5,10505.51,10540.69,215967264
2008-05-19,10755.76,10780.82,10633.52,10751.43,231197077
2008-05-20,10467.93,10675.03,10559.31,10565.3,195202046
2008-05-21,10570.39,10747.33,10372.16,10534.88,133799838
2008-05-22,10493.89,10495.53,10421.16,10483.05,254589847
2008-05-23,10509.24,10584.18,10511.59,10566.1,223329410
2008-05-26,10427.4,10441.39,10356.18,10360.42,221668000
2008-05-27,10350.98,10567.73,10354.72,10425.88,96860765
2008-05-28,10723.0,10763.19,10643.08,10700.3,268023905
2008-05-29,10546.47,10539.48,10146.03,10523.11,227695957
2008-05-30,10500.98,10609.53,10467.31,10553.31,73981085
2008-06-02,10469.06,10486.45,10398.52,10470.65,272556578
2008-06-03,10463.04,10667.48,10479.49,10531.99,299605656
2008-06-04,10419.55,10626.87,10407.21,10539.55,115479707
2008-06-05,10415.01,10533.42,10367.7,10459.69,199254752
2008-06-06,10503.23,10533.18,10370.7,10529.2,249974998
2008-06-09,10804.2,10836.31,10618.39,10776.42,57588889
2008-06-10,10758.56,10793.22,10628.39,10755.66,181790967
2008-06-11,10862.87,10951.9,10762.39,10858.8,124674888
2008-06-12,10645.03,10713.64,10602.56,10688.4,236542471
2008-06-13,10543.0,10622.83,10485.62,10565.4,251792868
2008-06-16,10593.98,10634.56,10606.02,10633.54,88115632
2008-06-17,10786.28,10860.17,10790.24,10839.39,284390781
2008-06-18,10867.38,10935.88,10712.63,10893.25,59150983
2008-06-19,10858.78,10958.0,10690.13,10855.54,139511862
2008-06-20,10835.74,10863.16,10860.05,10860.61,97569748
2008-06-23,10682.11,10729.78,10528.64,10695.95,171642169
2008-06-24,10812.83,10785.71,10654.49,10782.86,190517762
2008-06-25,10886.74,11026.13,10869.25,10908.59,75082760
2008-06-26,10793.89,10918.99,10677.37,10851.8,267128435
2008-06-27,10817.19,10793.51,10774.04,10792.86,168489101
2008-06-30,10845.75,10853.01,10778.36,10834.23,292015461
2008-07-01,10794.09,10805.42,10762.11,10779.92,168640730
2008-07-02,10803.05,10810.84,10768.38,10776.07,258784787
2008-07-03,11090.43,11231.9,11064.63,11070.21,221126264
2008-07-04,11042.34,11067.7,10994.81,11041.07,117420163
2008-07-07,11101.76,11127.16,10889.9,10996.57,86006909
2008-07-08,10856.33,11024.01,10876.51,10912.42,103640855
2008-07-09,10994.61,11025.83,10981.7,11020.46,189594970
2008-07-10,11043.13,11017.58,10982.97,11000.56,110534347
2008-07-11,10922.36,10994.45,10832.52,10916.13,299688859
2008-07-14,11138.32,11142.17,10995.88,11104.66,86237154
2008-07-15,11318.12,11412.56,11284.99,11310.44,206102871
2008-07-16,11292.27,11236.92,11219.9,11230.55,74097950
2008-07-17,10930.53,11004.18,10929.6,10974.75,99716986
2008-07-18,11179.96,11275.44,11040.19,11120.24,222025410
2008-07-21,11081.65,11090.9,10966.42,11029.99,51783517
2008-07-22,11091.76,11162.08,11096.19,11145.71,174433087
2008-07-23,10905.09,10887.65,10815.87,10877.65,178651994
2008-07-24,11004.01,11136.41,10909.75,11005.91,165580276
2008-07-25,10818.09,10944.32,10801.68,10844.4,174491792
2008-07-28,10867.2,10958.86,10909.62,10949.92,187695109
2008-07-29,10912.8,10960.4,10783.92,10957.1,256858734
2008-07-30,10862.04,10866.08,10824.88,10831.36,232740433
2008-07-31,10816.19,10849.06,10685.18,10781.09,122702395
2008-08-01,10870.73,10919.62,10734.42,10879.9,152233826
2008-08-04,10935.23,10931.62,10810.04,10899.61,171941978
2008-08-05,11026.93,11064.18,10983.91,10985.39,251258064
2008-08-06,11274.7,11319.42,11209.85,11267.73,273771402
2008-08-07,11021.17,11185.01,10939.27,11053.11,162195749
2008-08-08,11305.91,11351.44,11215.57,11286.0,65915241
2008-08-11,11328.25,11389.71,11251.54,11306.23,130366753
2008-08-12,11214.4,11230.83,10983.77,11184.25,136866094
2008-08-13,11041.69,11144.23,10932.07,11003.6,182310687
2008-08-14,10922.8,11113.56,10909.94,10982.64,222377450
2008-08-15,11093.53,11298.91,11023.37,11116.2,296095223
2008-08-18,11019.31,11240.68,11053.91,11103.64,87147320
2008-08-19,11356.28,11352.87,11309.53,11322.45,157889837
2008-08-20,11113.17,11225.36,11025.92,11122.62,196163949
2008-08-21,11145.4,11221.08,11066.47,11126.22,223358242
2008-08-22,10892.58,11104.85,10836.26,10957.26,138191989
2008-08-25,11074.53,11022.28,10941.69,11012.82,95461397
2008-08-26,11088.64,11284.99,11020.17,11141.87,212024335
2008-08-27,11122.59,11100.8,11070.2,11088.24,58701165
2008-08-28,10740.51,10761.41,10633.45,10735.45,84730613
2008-08-29,10759.36,10886.01,10754.62,10767.51,101373287
2008-09-01,10659.28,10705.31,10588.21,10670.81,188912331
2008-09-02,10543.68,10742.79,10545.01,10570.66,155137668
2008-09-03,10636.54,10750.35,10499.77,10581.72,127258457
2008-09-04,10289.87,10300.15,10242.8,10289.35,59806617
2008-09-05,10176.35,10275.53,10211.83,10228.28,208560076
2008-09-08,10217.68,10290.48,10191.51,10233.39,273148951
2008-09-09,9867.41,9889.77,9736.89,9862.35,230597995
2008-09-10,9794.42,9849.67,9758.01,9759.37,56585666
2008-09-11,9534.63,9655.71,9512.89,9557.75,80103071
2008-09-12,9390.02,9501.84,9361.45,9410.26,148105750
2008-09-15,9316.17,9326.88,9305.41,9315.29,68028720
2008-09-16,9156.67,9216.98,9084.61,9124.79,60083827
2008-09-17,8868.17,9004.7,8818.39,8916.99,184866916
2008-09-18,8809.97,8799.74,8708.63,8792.2,54178038
2008-09-19,8531.67,8581.72,8466.72,8547.54,200193341
2008-09-22,8299.05,8332.5,8276.93,8309.83,242062053
2008-09-23,8326.55,8327.95,8196.81,8260.41,77736428
2008-09-24,8018.02,8071.39,8019.06,8024.32,243360357
2008-09-25,7999.37,8063.22,7965.7,7975.29,271329356
2008-09-26,7928.98,7968.9,7867.73,7906.24,298116302
2008-09-29,7588.65,7645.58,7552.93,7624.64,151806401
2008-09-30,7395.83,7496.07,7448.35,7450.83,288342282
2008-10-01,7479.19,7481.43,7430.61,7454.71,63966671
2008-10-02,7225.5,7345.92,7216.99,7256.96,225558033
2008-10-03,7063.26,7134.52,7072.76,7110.59,145300833
2008-10-06,7077.92,7153.2,6986.91,7048.98,76690825
2008-10-07,6987.64,7046.56,6945.57,7016.25,199389535
2008-10-08,6871.91,6951.78,6871.09,6893.21,143139515
2008-10-09,6796.12,6760.31,6703.62,6742.86,293018503
2008-10-10,6720.89,6766.58,6699.75,6765.8,95067206
2008-10-13,6781.7,6865.62,6792.58,6815.95,298223279
2008-10-14,6788.52,6888.79,6742.88,6801.03,188758736
2008-10-15,6703.73,6749.32,6690.19,6710.18,225518504
2008-10-16,6523.01,6550.77,6464.43,6546.42,52439034
2008-10-17,6355.28,6455.23,6356.84,6384.87,189396095
2008-10-20,6372.63,6445.45,6314.4,6334.37,219854471
2008-10-21,6282.64,6347.44,6217.79,6276.03,213240796
2008-10-22,6310.48,6330.07,6273.31,6295.74,120452979
2008-10-23,6252.59,6256.73,6209.35,6256.02,105494308
2008-10-24,6057.16,6079.46,5960.18,6050.15,284336090
2008-10-27,6065.02,6045.58,6029.93,6042.47,134983204
2008-10-28,5857.49,5907.79,5880.04,5880.93,108515263
2008-10-29,5774.27,5805.74,5728.68,5768.16,173611322
2008-10-30,5718.82,5728.97,5649.12,5702.94,215818616
2008-10-31,5799.44,5809.68,5739.97,5763.82,293526782
2008-11-03,6043.72,6055.55,5966.81,5996.99,70393047
2008-11-04,6047.58,6143.28,6021.34,6045.89,130149548
2008-11-05,6062.31,6046.61,5994.55,6034.82,236847119
2008-11-06,6013.57,6091.81,6034.15,6078.49,152872857
2008-11-07,6187.97,6224.72,6116.88,6149.78,63345791
2008-11-10,6110.11,6153.96,6058.44,6127.9,289941877
2008-11-11,6265.02,6280.75,6241.9,6271.07,181906462
2008-11-12,6303.37,6345.14,6213.07,6292.27,140914202
2008-11-13,6330.98,6365.83,6327.16,6334.86,261819737
2008-11-14,6396.3,6432.0,6368.41,6391.28,107728426
2008-11-17,6469.2,6428.46,6365.71,6428.38,166152334
2008-11-18,6489.79,6508.99,6479.35,6499.78,188301183
2008-11-19,6424.45,6465.35,6395.34,6452.5,281850809
2008-11-20,6456.82,6430.38,6383.95,6410.32,79264560
2008-11-21,6338.42,6346.81,6274.5,6325.1,245743054
2008-11-24,6412.17,6450.03,6258.36,6363.25,263439000
2008-11-25,6451.27,6441.81,6374.13,6429.06,133255787
2008-11-26,6435.08,6494.17,6454.21,6469.33,71145891
2008-11-27,6627.47,6637.69,6465.04,6610.41,76736756
2008-11-28,6587.06,6635.14,6609.57,6613.09,67457743
2008-12-01,6672.42,6707.37,6668.92,6672.22,120159022
2008-12-02,6582.22,6596.44,6542.68,6584.21,288869223
2008-12-03,6512.88,6607.5,6553.14,6555.3,97152954
2008-12-04,6594.63,6646.61,6525.78,6616.14,86898260
2008-12-05,6749.5,6706.28,6629.88,6690.49,58758195
2008-12-08,6675.29,6693.62,6562.07,6668.93,65558183
2008-12-09,6661.41,6682.77,6643.86,6666.09,221573930
2008-12-10,6590.38,6572.97,6479.73,6542.94,183849716
2008-12-11,6506.34,6589.55,6498.09,6516.67,194635575
2008-12-12,6590.92,6656.16,6556.74,6593.33,98624208
2008-12-15,6670.78,6673.23,6597.71,6644.44,126697986
2008-12-16,6678.95,6695.13,6644.12,6689.67,237479622
2008-12-17,6677.06,6733.01,6631.58,6697.06,94061323
2008-12-18,6640.44,6758.1,6686.13,6700.84,285587776
2008-12-19,6623.59,6698.44,6638.77,6648.49,72195882
2008-12-22,6685.09,6713.91,6643.72,6710.48,95056100
2008-12-23,6753.66,6817.09,6714.99,6749.38,120911045
2008-12-24,6777.99,6848.88,6769.34,6794.59,128722221
2008-12-25,6811.21,6767.65,6733.48,6752.92,286464571
2008-12-26,6547.49,6593.31,6559.98,6575.31,211042108
2008-12-29,6707.37,6728.63,6644.9,6670.0,142185008
2008-12-30,6638.87,6635.41,6569.88,6633.04,61146454
2008-12-31,6585.64,6597.61,6549.61,6564.46,149320344
2009-01-01,6644.99,6686.24,6590.52,6625.22,100184792
2009-01-02,6537.19,6654.02,6565.89,6595.72,246716162
2009-01-05,6687.26,6707.77,6640.53,6687.57,241204035
2009-01-06,6735.9,6810.81,6740.85,6742.97,62919102
2009-01-07,6773.69,6833.57,6754.87,6804.53,81669533
2009-01-08,6703.92,6746.58,6666.86,6691.62,71690592
2009-01-09,6844.49,6822.73,6779.17,6797.81,170486275
2009-01-12,6750.52,6828.67,6724.21,6823.47,117097421
2009-01-13,6780.51,6816.15,6768.72,6795.04,255563718
2009-01-14,6776.63,6822.33,6766.72,6810.56,226139924
2009-01-15,6664.93,6680.82,6645.53,6663.02,151418487
2009-01-16,6691.87,6709.78,6694.68,6700.6,280449222
2009-01-19,6601.38,6620.91,6537.19,6617.41,234603776
2009-01-20,6526.65,6597.69,6468.9,6508.69,128971323
2009-01-21,6429.9,6408.11,6324.65,6388.09,81243553
2009-01-22,6550.35,6485.98,6451.67,6481.36,213508822
2009-01-23,6414.21,6516.11,6368.59,6433.24,107123202
2009-01-26,6514.09,6611.2,6554.43,6561.88,241690769
2009-01-27,6535.43,6615.17,6460.91,6520.84,298583722
2009-01-28,6426.24,6416.68,6343.28,6385.11,292324555
2009-01-29,6319.42,6316.38,6263.47,6298.92,81328077
2009-01-30,6441.93,6452.44,6349.89,6400.81,122405544
2009-02-02,6385.52,6469.51,6390.38,6391.29,139958363
2009-02-03,6334.83,6428.42,6224.56,6350.31,246242281
2009-02-04,6369.1,6438.18,6324.19,6366.16,214328812
2009-02-05,6401.11,6537.13,6397.1,6409.59,121478551
2009-02-06,6520.8,6527.39,6461.11,6503.55,84816279
2009-02-09,6652.19,6714.71,6574.8,6626.48,231404418
2009-02-10,6627.33,6624.79,6581.95,6599.66,115623482
2009-02-11,6506.67,6518.89,6468.02,6493.41,163558457
2009-02-12,6469.1,6477.37,6376.21,6462.75,199320008
2009-02-13,6507.68,6545.23,6410.97,6487.06,55506583
2009-02-16,6361.48,6499.27,6379.35,6411.82,229136961
2009-02-17,6343.32,6391.35,6278.21,6337.99,183746038
2009-02-18,6369.87,6462.42,6334.28,6368.53,243375527
2009-02-19,6373.09,6380.25,6303.69,6367.66,69230171
2009-02-20,6371.09,6418.53,6344.62,6373.32,281217990
2009-02-23,6326.63,6389.04,6259.02,6315.72,236272136
2009-02-24,6285.93,6347.0,6276.49,6300.41,93352172
2009-02-25,6258.59,6290.91,6227.86,6230.44,239387110
2009-02-26,6315.65,6330.58,6268.27,6303.71,92476475
2009-02-27,6393.36,6421.06,6384.69,6389.51,232852518
2009-03-02,6228.15,6305.65,6236.1,6245.58,173030816
2009-03-03,6195.95,6235.42,6124.79,6175.8,281820705
2009-03-04,6068.35,6076.39,6020.38,6063.34,239333821
2009-03-05,5998.57,6060.08,6004.1,6016.75,285241812
2009-03-06,6011.93,6033.18,6011.14,6013.29,294036924
2009-03-09,5922.14,5920.81,5875.96,5907.28,176521692
2009-03-10,5854.73,5850.66,5799.39,5841.85,208156826
2009-03-11,5782.41,5814.52,5710.38,5771.17,72667901
2009-03-12,5791.16,5859.86,5757.8,5789.01,85697040
2009-03-13,5820.62,5866.13,5726.44,5796.83,258337211
2009-03-16,5775.55,5755.41,5688.02,5747.1,68824873
2009-03-17,5779.65,5785.32,5755.47,5762.66,156714670
2009-03-18,5712.37,5754.55,5654.94,5725.83,279683567
2009-03-19,5684.82,5789.73,5687.04,5708.98,269523414
2009-03-20,5820.71,5834.32,5815.71,5833.4,54061876
2009-03-23,5981.97,5938.09,5910.29,5935.58,294962668
2009-03-24,5848.55,5872.51,5841.03,5841.97,96477204
2009-03-25,5956.41,5909.43,5871.2,5906.17,250520583
2009-03-26,5966.83,5976.03,5960.04,5969.7,97330376
2009-03-27,5880.67,5942.19,5842.63,5886.76,62561529
2009-03-30,5948.87,6013.12,5936.4,5950.64,236658656
2009-03-31,6067.71,6096.0,6001.25,6069.95,232726841
2009-04-01,5969.03,6067.61,5906.84,5987.56,245271491
2009-04-02,5894.35,5961.28,5825.87,5921.56,189462974
2009-04-03,6012.87,6059.05,5948.46,6000.83,165895226
2009-04-06,6049.68,6061.95,6012.21,6024.26,126460625
2009-04-07,6128.51,6072.33,6024.29,6069.15,173485151
2009-04-08,6087.58,6098.81,6071.3,6098.15,122287773
2009-04-09,6122.52,6185.45,6044.43,6131.16,78762904
2009-04-10,6013.81,6046.89,6004.22,6032.42,298352376
2009-04-13,6143.0,6152.81,6069.42,6115.46,208296416
2009-04-14,6229.44,6228.25,6140.24,6209.2,283738345
2009-04-15,6172.5,6243.34,6128.9,6194.23,205053879
2009-04-16,6171.43,6259.68,6164.01,6193.78,120103457
2009-04-17,6101.5,6159.82,6071.56,6078.34,128458801
2009-04-20,6130.15,6160.26,6082.45,6120.77,90120961
2009-04-21,6186.69,6250.74,6134.96,6167.98,200612172
2009-04-22,6144.31,6187.55,6145.32,6166.08,239669940
2009-04-23,6210.03,6322.85,6253.5,6257.03,258539005
2009-04-24,6211.9,6244.64,6208.21,6233.72,200650152
2009-04-27,6298.49,6305.09,6270.64,6281.21,191993238
2009-04-28,6256.37,6245.47,6155.98,6203.98,158574908
2009-04-29,6194.44,6259.5,6185.71,6205.1,229857110
2009-04-30,6250.82,6331.62,6141.15,6194.43,185776798
2009-05-01,6235.63,6227.51,6174.4,6215.0,202919489
2009-05-04,6154.59,6284.42,6125.64,6189.08,172847489
2009-05-05,6187.07,6255.65,6176.16,6181.78,219621956
2009-05-06,6271.02,6279.97,6237.37,6249.42,226350779
2009-05-07,6157.76,6256.22,6133.55,6218.09,113625293
2009-05-08,6112.11,6141.91,6008.25,6096.4,182908054
2009-05-11,6264.49,6268.83,6228.05,6235.24,193792630
2009-05-12,6357.86,6360.27,6307.63,6347.73,58177848
2009-05-13,6246.65,6344.47,6214.64,6248.2,81517218
2009-05-14,6301.37,6395.89,6221.48,6305.73,295944301
2009-05-15,6263.08,6290.65,6232.02,6268.88,210884328
2009-05-18,6263.12,6368.01,6246.99,6292.72,59332399
2009-05-19,6301.72,6383.73,6317.54,6319.1,272117936
2009-05-20,6292.96,6353.95,6178.56,6303.47,188633383
2009-05-21,6247.34,6296.12,6182.43,6244.5,71595965
2009-05-22,6179.56,6225.64,6167.18,6193.36,252878734
2009-05-25,6103.9,6216.67,6109.38,6125.2,150552349
2009-05-26,6082.66,6084.83,6029.93,6064.23,297105556
2009-05-27,6070.97,6081.27,6000.53,6061.98,69325319
2009-05-28,5997.46,6032.67,5991.85,6010.42,289725446
2009-05-29,6077.46,6080.08,6010.89,6065.18,94676200
2009-06-01,6171.64,6239.41,6072.98,6182.84,219080440
2009-06-02,6142.3,6145.98,6137.49,6140.75,287573823
2009-06-03,6186.27,6203.8,6123.54,6162.23,213997097
2009-06-04,6189.12,6238.95,6174.8,6204.1,215576932
2009-06-05,6214.8,6253.95,6243.12,6244.08,227731567
2009-06-08,6249.4,6379.17,6244.19,6253.03,88702260
2009-06-09,6280.38,6336.46,6274.56,6314.82,55603679
2009-06-10,6349.28,6376.26,6295.07,6356.33,187857248
2009-06-11,6253.94,6261.98,6255.48,6260.97,178602053
2009-06-12,6270.51,6378.1,6255.22,6332.92,93016425
2009-06-15,6420.76,6441.63,6328.73,6407.16,123982217
2009-06-16,6344.22,6365.96,6305.85,6348.86,279262169
2009-06-17,6384.97,6434.59,6328.69,6354.93,235514297
2009-06-18,6418.45,6433.81,6381.54,6412.92,50795500
2009-06-19,6417.91,6499.06,6357.49,6399.08,120057177
2009-06-22,6520.15,6540.91,6439.99,6489.26,237721938
2009-06-23,6685.09,6729.27,6623.78,6688.62,225203948
2009-06-24,6625.84,6663.5,6589.99,6625.86,209724931
2009-06-25,6473.67,6521.45,6458.33,6514.68,101956056
2009-06-26,6575.22,6598.42,6499.67,6542.78,137362812
2009-06-29,6601.82,6627.93,6604.76,6605.67,203136007
2009-06-30,6563.11,6634.27,6519.32,6589.62,51241611
2009-07-01,6734.45,6743.29,6653.27,6714.58,153061621
2009-07-02,6547.84,6698.89,6529.6,6605.44,115137239
2009-07-03,6655.08,6719.6,6588.62,6666.53,256000983
2009-07-06,6643.03,6668.62,6611.38,6618.99,87120208
2009-07-07,6755.3,6812.1,6704.42,6767.15,239269400
2009-07-08,6922.55,6963.19,6884.03,6942.49,183431776
2009-07-09,6867.58,6891.14,6764.18,6879.03,187169818
2009-07-10,6779.87,6891.27,6775.56,6834.82,110982913
2009-07-13,6932.31,7018.9,6908.72,6912.53,95990216
2009-07-14,6878.79,6934.64,6851.36,6882.17,181910838
2009-07-15,6874.02,6940.87,6871.6,6881.51,231548985
2009-07-16,6879.59,6891.74,6859.85,6886.99,291770912
2009-07-17,6726.01,6732.6,6709.27,6725.63,94768338
2009-07-20,6745.24,6810.36,6667.28,6727.66,53787005
2009-07-21,6671.24,6687.83,6669.78,6672.63,81458224
2009-07-22,6598.32,6687.39,6586.77,6634.46,265779332
2009-07-23,6775.01,6784.53,6744.8,6759.45,111745454
2009-07-24,6669.73,6714.93,6584.95,6656.45,104453203
2009-07-27,6733.74,6752.37,6713.64,6728.2,160173719
2009-07-28,6736.64,6729.59,6612.76,6707.79,80107256
2009-07-29,6688.19,6692.55,6610.78,6687.38,184539870
2009-07-30,6787.56,6844.81,6726.2,6757.52,260470315
2009-07-31,6827.98,6868.28,6729.41,6789.76,228727875
2009-08-03,6857.94,6861.82,6839.13,6842.01,204708703
2009-08-04,6908.55,6973.48,6865.34,6929.28,82218862
2009-08-05,6900.09,6963.05,6876.63,6903.7,236545378
2009-08-06,6887.88,6866.27,6804.12,6853.92,164308749
2009-08-07,6723.55,6796.9,6698.68,6764.07,58671139
2009-08-10,6686.78,6772.86,6655.81,6697.28,257390258
2009-08-11,6944.57,6971.34,6916.5,6954.11,89371141
2009-08-12,7042.93,7099.87,7027.09,7067.39,61800208
2009-08-13,6975.68,6999.89,6942.97,6951.41,54776785
2009-08-14,6850.12,6867.69,6802.27,6839.81,244338631
2009-08-17,6865.15,6895.05,6865.34,6884.74,93541298
2009-08-18,6952.47,7012.88,6931.76,6935.67,262938763
2009-08-19,6982.7,6998.99,6899.66,6987.13,62720464
2009-08-20,6943.22,6969.86,6925.36,6968.04,296336094
2009-08-21,6940.5,6961.53,6933.69,6960.35,277588224
2009-08-24,7004.68,7044.77,6836.77,6992.49,87163018
2009-08-25,7029.7,7007.74,7002.05,7003.39,169513577
2009-08-26,6800.26,6889.66,6773.11,6813.53,218642831
2009-08-27,6811.87,6821.26,6705.23,6797.07,75132388
2009-08-28,6770.32,6729.42,6696.24,6727.75,219945968
2009-08-31,6711.86,6754.56,6686.59,6745.83,222469339
2009-09-01,7017.68,7026.26,6979.24,7007.71,147032200
2009-09-02,7066.99,7085.83,7006.37,7043.58,112475126
2009-09-03,7016.49,7053.37,6975.39,7019.16,87839994
2009-09-04,7139.72,7123.4,7075.58,7104.53,252623751
2009-09-07,7214.17,7169.85,7091.75,7151.27,218261912
2009-09-08,7202.53,7220.26,7108.79,7192.65,77593161
2009-09-09,7244.53,7309.73,7151.18,7251.3,55987239
2009-09-10,7474.28,7455.2,7410.67,7445.18,245901890
2009-09-11,7368.09,7470.32,7327.83,7343.35,79171318
2009-09-14,7316.36,7419.35,7390.62,7390.82,172314429
2009-09-15,7308.46,7347.15,7278.97,7308.54,280529814
2009-09-16,7351.76,7407.42,7306.04,7363.38,62722987
2009-09-17,7293.67,7305.13,7238.07,7282.11,155070647
2009-09-18,7241.76,7265.29,7226.14,7247.37,109974339
2009-09-21,7221.45,7306.21,7194.63,7223.92,75704826
2009-09-22,7291.5,7399.51,7305.7,7316.76,95235701
2009-09-23,7427.2,7407.17,7395.92,7405.44,150254705
2009-09-24,7341.88,7301.73,7293.21,7293.6,175784086
2009-09-25,7277.36,7367.02,7259.15,7302.12,53935476
2009-09-28,7200.12,7327.51,7212.37,7240.58,77996931
2009-09-29,7130.65,7148.5,7044.05,7130.08,274824737
2009-09-30,7113.18,7190.0,7036.72,7113.99,236142950
2009-10-01,7122.98,7145.09,7068.8,7089.77,103334225
2009-10-02,7277.41,7334.97,7206.38,7313.36,131188001
2009-10-05,7341.04,7445.49,7306.75,7356.87,59545080
2009-10-06,7171.58,7236.61,7221.68,7233.73,274344929
2009-10-07,7225.38,7219.77,7155.03,7185.86,158807337
2009-10-08,7289.69,7301.68,7250.11,7282.39,229508098
2009-10-09,7466.24,7528.54,7469.44,7480.11,87625170
2009-10-12,7296.82,7395.82,7253.42,7335.62,132108193
2009-10-13,7132.06,7285.73,7141.19,7167.33,193066585
2009-10-14,7353.95,7413.54,7294.59,7341.78,256185698
2009-10-15,7348.73,7405.03,7218.84,7381.42,116380648
2009-10-16,7307.63,7313.78,7300.0,7304.59,163510762
2009-10-19,7417.59,7357.59,7323.49,7357.46,209886814
2009-10-20,7110.64,7181.35,7040.1,7120.54,64444074
2009-10-21,7096.84,7196.0,7097.5,7124.24,213652058
2009-10-22,7168.07,7214.69,7061.92,7157.13,296935746
2009-10-23,7208.89,7286.32,7193.95,7244.41,143289380
2009-10-26,7205.1,7176.85,7074.0,7155.87,265897099
2009-10-27,7207.25,7212.63,7155.48,7167.01,153206382
2009-10-28,7082.65,7186.33,7014.1,7087.3,290711638
2009-10-29,7088.0,7171.98,7005.3,7113.53,119160912
2009-10-30,7025.1,7082.6,6973.33,7037.09,70355855
2009-11-02,6996.05,7011.04,6932.85,7004.33,52243645
2009-11-03,6930.92,7004.14,6842.3,6920.3,270221968
2009-11-04,7009.66,6992.8,6922.15,6980.63,137269646
2009-11-05,7030.63,7061.66,7014.52,7059.9,92818073
2009-11-06,7070.89,7051.99,7014.04,7042.41,107767468
2009-11-09,7066.58,7088.74,7047.3,7049.16,253855745
2009-11-10,6910.91,6960.26,6915.72,6924.98,215214272
2009-11-11,6872.16,6928.4,6894.09,6902.17,289082333
2009-11-12,6904.3,6930.51,6868.44,6901.09,185903005
2009-11-13,7105.91,7172.69,7098.0,7136.15,223593065
2009-11-16,7069.06,7080.51,6978.6,7040.23,116354243
2009-11-17,7142.47,7197.3,7070.25,7174.72,190365611
2009-11-18,7284.78,7361.15,7267.62,7268.86,227569375
2009-11-19,7295.72,7310.18,7267.65,7298.08,203315899
2009-11-20,7448.4,7502.37,7428.5,7465.14,297014370
2009-11-23,7500.7,7612.17,7435.1,7503.79,52540288
2009-11-24,7576.85,7616.56,7503.3,7544.26,236627090
2009-11-25,7506.83,7568.55,7482.5,7542.81,155669152
2009-11-26,7651.0,7687.5,7656.02,7663.63,171967570
2009-11-27,7750.56,7858.25,7698.79,7773.93,118035491
2009-11-30,7715.38,7718.72,7624.6,7716.57,256725210
2009-12-01,7572.19,7648.1,7590.03,7592.99,212134988
2009-12-02,7523.61,7611.07,7507.98,7577.2,75802714
2009-12-03,7473.11,7529.08,7437.03,7504.78,141050221
2009-12-04,7551.5,7575.84,7495.69,7502.35,287812173
2009-12-07,7631.38,7678.31,7501.33,7623.86,263752855
2009-12-08,7590.11,7688.87,7577.31,7583.67,193647570
2009-12-09,7574.62,7606.5,7574.78,7583.19,223383036
2009-12-10,7590.78,7598.9,7436.41,7592.35,203385866
2009-12-11,7664.4,7692.95,7650.12,7677.6,170304392
2009-12-14,7482.6,7484.31,7415.97,7466.86,296774329
2009-12-15,7416.52,7430.15,7320.78,7413.53,140835555
2009-12-16,7401.99,7454.22,7387.44,7436.84,234681081
2009-12-17,7561.39,7560.67,7525.79,7553.73,169553380
2009-12-18,7436.77,7562.84,7447.73,7510.63,188906780
2009-12-21,7350.79,7340.0,7337.98,7338.64,265835848
2009-12-22,7357.97,7457.58,7264.52,7399.69,113063264
2009-12-23,7341.36,7380.17,7329.66,7344.19,163001430
2009-12-24,7203.79,7352.97,7194.28,7238.38,203520590
2009-12-25,7185.16,7301.59,7130.62,7185.08,186662794
2009-12-28,7188.4,7221.31,7157.23,7171.81,94814998
2009-12-29,7163.57,7168.05,7054.94,7120.77,220413977
2009-12-30,6886.2,6944.54,6786.45,6928.92,279752064
2009-12-31,7038.37,7046.74,6953.41,7011.01,67400797
2010-01-01,7131.67,7215.89,7127.71,7127.93,290191056
2010-01-04,7177.14,7271.77,7098.2,7190.1,109341230
2010-01-05,7112.7,7097.65,7042.52,7091.15,66964461
2010-01-06,7069.86,7082.69,7056.49,7076.54,213324328
2010-01-07,7099.65,7126.16,7074.62,7079.33,80549398
2010-01-08,7108.01,7142.28,7104.01,7136.34,115881699
2010-01-11,7181.88,7301.38,7144.42,7200.11,244031720
2010-01-12,7164.15,7151.55,7118.79,7137.21,223054203
2010-01-13,7190.47,7203.59,7084.77,7147.99,222456580
2010-01-14,7191.71,7197.3,7175.65,7192.72,281314530
2010-01-15,7247.64,7413.44,7270.88,7329.35,199110961
2010-01-18,7392.33,7501.17,7394.38,7398.22,293873032
2010-01-19,7476.66,7523.55,7463.42,7475.69,104858883
2010-01-20,7480.18,7520.26,7415.19,7487.16,84565824
2010-01-21,7635.28,7648.3,7543.48,7625.02,88765263
2010-01-22,7653.51,7713.54,7640.69,7668.14,258899128
2010-01-25,7614.48,7599.55,7564.34,7589.01,239684603
2010-01-26,7692.0,7753.77,7717.81,7728.06,155738648
2010-01-27,7838.62,7839.08,7777.58,7800.03,222125113
2010-01-28,7808.42,7774.58,7665.9,7760.31,290859397
2010-01-29,7689.06,7765.26,7639.34,7717.24,74808165
2010-02-01,7721.5,7795.22,7673.11,7749.82,148457717
2010-02-02,7811.7,7847.64,7765.65,7798.89,178101860
2010-02-03,7784.88,7825.3,7768.83,7822.02,228011082
2010-02-04,7841.02,7922.21,7818.67,7856.5,159342016
2010-02-05,8065.82,8043.35,8027.74,8030.41,167518643
2010-02-08,8167.46,8168.27,8069.32,8143.43,195515840
2010-02-09,8231.59,8169.55,8122.31,8166.9,175278964
2010-02-10,8273.92,8274.63,8234.09,8268.27,172060668
2010-02-11,8145.34,8182.21,8147.2,8165.29,100978147
2010-02-12,8211.92,8245.5,8098.34,8210.24,272034567
2010-02-15,8398.48,8487.55,8357.37,8403.54,254046943
2010-02-16,8379.9,8480.64,8315.66,8384.48,97921888
2010-02-17,8298.58,8422.84,8292.16,8299.37,105479815
2010-02-18,8204.69,8280.5,8167.41,8235.39,191465101
2010-02-19,8136.15,8133.1,8032.9,8126.97,167379095
2010-02-22,8005.48,8077.41,7957.22,8050.85,105121087
2010-02-23,7994.18,8118.26,8006.14,8017.17,195236720
2010-02-24,7876.45,7997.35,7833.91,7880.2,270859368
2010-02-25,7814.24,7917.53,7784.56,7885.51,236421596
2010-02-26,8004.0,8115.22,7934.35,7979.46,64094360
2010-03-01,7827.66,7894.47,7881.67,7892.47,182066693
2010-03-02,8070.39,8066.33,8037.84,8048.83,111357696
2010-03-03,8062.74,8207.8,8046.25,8104.66,168457334
2010-03-04,8201.18,8222.41,8193.51,8214.48,274571990
2010-03-05,8167.49,8218.64,8118.84,8150.56,285874024
2010-03-08,8315.19,8281.21,8236.08,8242.71,120734624
2010-03-09,8137.75,8162.29,8090.4,8133.97,268454925
2010-03-10,8164.36,8322.39,8128.62,8229.63,131290174
2010-03-11,8282.87,8269.55,8071.28,8251.39,186414775
2010-03-12,8305.35,8412.3,8222.39,8313.07,277161115
2010-03-15,8197.04,8279.66,8182.85,8194.75,268991132
2010-03-16,8124.81,8117.23,7991.79,8106.72,196442730
2010-03-17,8099.09,8249.97,8041.28,8171.84,52701799
2010-03-18,8078.84,8109.66,8072.3,8078.62,218485654
2010-03-19,8116.46,8147.26,8118.44,8129.78,57090347
2010-03-22,8033.83,8008.14,7914.07,7994.75,247466149
2010-03-23,8108.01,8087.41,8058.65,8084.49,129048624
2010-03-24,7911.89,7991.28,7954.17,7963.71,239583658
2010-03-25,8063.66,8048.33,7962.19,8023.14,111832457
2010-03-26,8105.03,8150.43,7993.46,8090.48,228637850
2010-03-29,7973.93,8101.22,7963.97,8023.59,184668935
2010-03-30,8088.3,8166.89,8005.87,8086.49,104604523
2010-03-31,8150.53,8164.15,8114.47,8116.94,68941379
2010-04-01,8026.69,8070.11,8056.56,8065.86,213263956
2010-04-02,8011.72,8073.95,7945.78,7967.81,69649620
2010-04-05,7729.86,7793.57,7728.89,7776.91,68740125
2010-04-06,7790.23,7897.66,7762.97,7814.96,156850316
2010-04-07,7637.14,7676.82,7654.37,7666.05,176443065
2010-04-08,7721.22,7741.88,7661.67,7678.92,206530946
2010-04-09,7642.09,7770.33,7565.3,7657.12,195069011
2010-04-12,7690.66,7787.84,7668.94,7726.6,296998115
2010-04-13,7714.63,7708.38,7696.46,7700.92,256725735
2010-04-14,7692.97,7717.31,7572.67,7672.68,225334660
2010-04-15,7768.13,7772.46,7726.12,7747.44,144529813
2010-04-16,7775.47,7835.55,7740.45,7783.92,72016953
2010-04-19,7826.67,7968.27,7646.41,7818.71,184229057
2010-04-20,7848.35,7933.01,7852.96,7868.82,249642712
2010-04-21,7773.45,7782.21,7695.98,7721.72,135691175
2010-04-22,7835.11,7814.99,7785.63,7799.41,127022807
2010-04-23,7897.63,7876.63,7806.49,7863.57,210722297
2010-04-26,7791.86,7850.87,7757.98,7767.19,169379460
2010-04-27,7763.13,7861.55,7660.76,7747.03,84482831
2010-04-28,7708.32,7820.66,7719.21,7746.88,284759284
2010-04-29,7757.05,7749.87,7677.68,7737.45,60193678
2010-04-30,7777.31,7798.93,7723.62,7773.76,157323890
2010-05-03,7959.01,7984.22,7870.92,7918.99,149301580
2010-05-04,8057.42,8158.86,8031.38,8031.48,174523082
2010-05-05,7920.96,7963.86,7881.3,7903.56,143529167
2010-05-06,7915.85,8108.0,7969.08,7969.54,188775569
2010-05-07,8105.07,8167.78,8066.34,8107.95,125990744
2010-05-10,8133.25,8204.88,7984.01,8151.44,168067118
2010-05-11,8276.54,8346.84,8174.28,8268.2,144896741
2010-05-12,8470.43,8514.52,8456.22,8484.53,194786051
2010-05-13,8589.27,8610.84,8458.19,8598.76,63609780
2010-05-14,8645.77,8640.41,8593.29,8629.92,151642297
2010-05-17,8733.35,8805.11,8744.67,8748.47,227882223
2010-05-18,8772.89,8855.07,8710.53,8768.63,185639636
2010-05-19,8722.11,8882.55,8726.9,8775.45,56438730
2010-05-20,8711.74,8782.59,8721.85,8740.84,134391737
2010-05-21,8942.37,8977.48,8846.95,8918.96,86589171
2010-05-24,8788.22,8864.72,8763.96,8831.68,258709946
2010-05-25,9053.01,9065.65,8966.68,9008.12,276869409
2010-05-26,9104.7,9143.25,9016.3,9069.35,291444637
2010-05-27,8905.54,9007.08,8742.41,8915.11,251267125
2010-05-28,9068.25,8982.38,8950.61,8960.76,190046659
2010-05-31,8774.36,8753.9,8665.66,8730.95,289233741
2010-06-01,8770.79,8844.63,8732.61,8804.22,237312707
2010-06-02,8933.78,8963.0,8845.15,8907.2,123437081
2010-06-03,8847.51,8885.44,8756.61,8845.18,160080898
2010-06-04,8835.64,8963.06,8861.65,8863.18,94880631
2010-06-07,9049.53,9097.57,9028.13,9088.43,140075637
2010-06-08,9070.96,9083.52,9023.81,9035.0,249098424
2010-06-09,8898.18,8972.75,8898.87,8919.52,107529508
2010-06-10,9088.2,9137.55,9008.86,9091.91,54902053
2010-06-11,9289.61,9477.13,9268.83,9323.96,247159208
2010-06-14,9300.92,9355.76,9312.42,9328.84,247194755
2010-06-15,9448.18,9458.44,9329.36,9452.98,290712089
2010-06-16,9633.61,9661.45,9603.53,9618.68,127189926
2010-06-17,9434.95,9550.94,9437.0,9533.66,61474796
2010-06-18,9480.7,9512.7,9429.29,9480.06,146171113
2010-06-21,9604.05,9787.58,9560.5,9632.8,58028779
2010-06-22,9899.39,9960.13,9816.04,9844.17,76361513
2010-06-23,10035.71,9977.19,9847.86,9918.95,299451274
2010-06-24,9800.18,9859.4,9793.01,9814.29,113845130
2010-06-25,9998.52,10094.92,10008.59,10067.88,253557429
2010-06-28,10010.19,10030.9,9835.55,10005.51,94817381
2010-06-29,9959.91,10032.17,9943.65,9968.1,54419749
2010-06-30,10094.94,10061.73,10004.06,10015.96,221398397
2010-07-01,10287.0,10332.56,10176.55,10218.87,114768787
2010-07-02,10370.1,10373.19,10278.69,10334.33,97276697
2010-07-05,10369.05,10402.03,10328.62,10393.44,105550079
2010-07-06,10487.61,10541.8,10425.67,10459.26,136707685
2010-07-07,10481.08,10513.27,10342.75,10469.98,190185675
2010-07-08,10559.07,10730.86,10547.94,10548.88,150275062
2010-07-09,10159.15,10254.0,10188.14,10222.86,280896860
2010-07-12,10232.86,10220.23,10163.37,10189.59,225217421
2010-07-13,10229.89,10271.38,10099.21,10225.48,208595505
2010-07-14,10079.0,10122.55,10005.03,10083.07,231355130
2010-07-15,10112.75,10359.72,10063.42,10137.09,106413720
2010-07-16,10083.71,10148.6,10058.3,10115.82,112971318
2010-07-19,10360.1,10416.97,10331.91,10346.97,86486578
2010-07-20,10485.23,10695.13,10508.67,10559.1,183754473
2010-07-21,10535.49,10565.6,10427.23,10502.32,221120233
2010-07-22,10443.15,10578.15,10351.44,10487.37,209036006
2010-07-23,10396.28,10511.0,10399.7,10482.6,185619545
2010-07-26,10504.08,10550.42,10422.76,10428.08,278941577
2010-07-27,10422.82,10576.62,10349.25,10458.71,145570445
2010-07-28,10334.27,10491.28,10351.3,10364.21,95024388
2010-07-29,10268.88,10244.51,10201.51,10222.49,298377784
2010-07-30,10384.37,10402.7,10249.44,10307.91,240027285
2010-08-02,10331.2,10525.86,10282.35,10394.94,230681290
2010-08-03,10255.66,10328.61,10287.2,10295.04,212402076
2010-08-04,10380.01,10465.2,10241.7,10416.79,125880838
2010-08-05,10377.81,10509.47,10193.63,10339.15,65704307
2010-08-06,10445.16,10443.41,10342.31,10377.12,286170385
2010-08-09,10444.59,10563.49,10422.91,10489.92,121704990
2010-08-10,10549.84,10516.64,10330.41,10490.47,191072810
2010-08-11,10525.84,10661.53,10538.74,10555.77,147856723
2010-08-12,10506.42,10587.7,10370.0,10492.31,194879864
2010-08-13,10418.1,10480.0,10457.84,10471.36,203725986
2010-08-16,10444.11,10486.95,10446.3,10449.21,232225734
2010-08-17,10351.71,10436.92,10263.64,10356.32,271493500
2010-08-18,10325.17,10341.3,10213.51,10338.2,292156381
2010-08-19,10158.9,10189.51,10069.56,10143.28,152454066
2010-08-20,10044.88,10111.66,10077.59,10085.51,230933469
2010-08-23,10018.62,10230.91,9971.41,10054.16,183393693
2010-08-24,10044.1,10128.3,9991.9,10026.53,222478301
2010-08-25,10054.52,10016.05,9894.25,10000.84,214998836
2010-08-26,9996.9,10028.18,9900.44,9997.82,262713681
2010-08-27,10083.45,10132.19,9959.18,10063.18,133089386
2010-08-30,10210.38,10303.67,10140.6,10179.51,237549805
2010-08-31,10134.89,10327.76,9981.98,10101.33,259832077
2010-09-01,9916.13,9988.68,9909.11,9954.1,265605923
2010-09-02,9798.4,9941.13,9779.48,9828.95,80054486
2010-09-03,9746.48,9812.48,9654.34,9773.46,101206283
2010-09-06,9809.95,9744.82,9720.81,9734.85,125482443
2010-09-07,9665.07,9694.52,9593.87,9645.46,125610785
2010-09-08,9511.35,9531.67,9383.77,9493.76,198693017
2010-09-09,9457.69,9585.38,9428.45,9443.85,261135109
2010-09-10,9419.94,9504.09,9415.73,9469.97,276443108
2010-09-13,9619.78,9576.85,9321.74,9545.78,241596146
2010-09-14,9501.66,9560.52,9382.17,9483.49,148287284
2010-09-15,9466.07,9527.25,9412.06,9438.76,79985678
2010-09-16,9267.73,9410.34,9280.13,9333.65,144196073
2010-09-17,9363.51,9382.78,9303.58,9334.4,53807078
2010-09-20,9226.38,9266.34,9112.21,9239.55,261142290
2010-09-21,9261.67,9348.92,9271.16,9310.94,137896423
2010-09-22,9073.37,9121.39,9102.1,9108.12,242956334
2010-09-23,9025.37,9135.99,9068.93,9071.26,267189590
2010-09-24,9063.37,9199.5,9030.81,9110.08,216249443
2010-09-27,9137.76,9185.24,9079.86,9135.55,99274956
2010-09-28,9440.7,9469.32,9310.01,9455.33,194394334
2010-09-29,9514.32,9684.17,9489.92,9501.62,186676284
2010-09-30,9449.58,9451.47,9334.74,9386.65,290282596
2010-10-01,9374.97,9532.92,9365.69,9379.83,269939033
2010-10-04,9094.22,9323.78,9146.11,9176.62,181649386
2010-10-05,9162.8,9178.82,9097.14,9171.68,75528687
2010-10-06,9123.59,9101.9,8973.67,9080.24,124274867
2010-10-07,9186.79,9240.82,9189.32,9189.94,67739025
2010-10-08,9186.74,9135.87,9013.31,9130.88,221279803
2010-10-11,9138.33,9224.46,9104.28,9121.8,257663790
2010-10-12,8986.8,9058.89,8985.93,9053.37,236403640
2010-10-13,9262.36,9369.17,9221.77,9258.3,83270631
2010-10-14,9236.25,9270.39,9154.75,9225.29,298928899
2010-10-15,9486.08,9463.45,9384.08,9445.26,85217832
2010-10-18,9616.68,9677.12,9485.68,9547.19,129123218
2010-10-19,9644.82,9638.68,9608.37,9609.93,273087622
2010-10-20,9676.29,9679.71,9540.87,9659.27,208429922
2010-10-21,9738.21,9716.89,9690.98,9711.94,114866073
2010-10-22,9477.05,9499.88,9464.24,9483.43,191022955
2010-10-25,9399.34,9476.81,9319.68,9454.67,98836438
2010-10-26,9562.01,9598.81,9529.63,9560.43,142493153
2010-10-27,9573.06,9561.29,9511.28,9559.09,211820594
2010-10-28,9350.58,9419.5,9308.29,9395.82,132918071
2010-10-29,9443.94,9410.25,9321.6,9394.09,51740998
2010-11-01,9641.15,9688.84,9589.85,9602.53,200045386
2010-11-02,9705.67,9812.08,9569.86,9759.22,184429106
2010-11-03,9809.55,9771.3,9750.07,9756.24,50773255
2010-11-04,9866.42,9998.6,9790.37,9878.6,257785868
2010-11-05,9807.14,9870.85,9761.93,9837.77,196968863
2010-11-08,9675.01,9734.0,9519.51,9633.43,152493985
2010-11-09,9524.46,9572.67,9502.75,9526.41,127639313
2010-11-10,9794.32,9863.71,9709.06,9720.48,104041294
2010-11-11,9658.53,9792.76,9666.01,9691.59,263273142
2010-11-12,9599.57,9676.98,9608.21,9666.52,250082218
2010-11-15,9623.85,9638.67,9548.57,9634.66,273881623
2010-11-16,9904.46,9895.51,9835.69,9873.29,155220078
2010-11-17,10045.04,10110.26,10074.55,10082.43,111158292
2010-11-18,10318.0,10392.03,10274.86,10373.19,60491793
2010-11-19,10366.84,10406.4,10206.78,10357.36,168176653
2010-11-22,10340.06,10506.99,10284.75,10400.96,244406137
2010-11-23,10221.49,10218.24,10138.71,10208.97,284588084
2010-11-24,10391.48,10437.51,10322.06,10405.66,134778770
2010-11-25,10278.86,10334.48,10225.01,10258.57,248959820
2010-11-26,10234.56,10313.66,10274.24,10291.53,96334776
2010-11-29,10207.79,10170.26,10103.68,10155.06,221083455
2010-11-30,10077.42,10116.14,10038.23,10084.8,99519951
2010-12-01,10014.23,10065.78,9926.19,9983.73,211715201
2010-12-02,9950.34,10039.26,9869.76,9912.29,128006456
2010-12-03,9804.27,9899.17,9769.1,9849.88,272018209
2010-12-06,9821.27,9902.97,9715.91,9786.73,265619120
2010-12-07,9838.33,9975.98,9820.89,9894.73,118885081
2010-12-08,9709.1,9886.74,9708.27,9762.6,144510517
2010-12-09,9871.37,9816.67,9720.7,9794.43,278754170
2010-12-10,9994.87,9951.18,9908.26,9950.62,133853333
2010-12-13,9973.24,9922.66,9794.99,9891.2,166639955
2010-12-14,9792.28,9915.43,9768.52,9806.8,234498652
2010-12-15,9787.03,9860.32,9781.39,9783.02,137069137
2010-12-16,9955.2,9995.88,9909.59,9934.24,170196329
2010-12-17,9962.82,10025.47,9952.44,9963.31,202268971
2010-12-20,9872.01,9980.14,9812.38,9901.57,234720986
2010-12-21,9931.13,10117.0,9867.78,9966.86,299461410
2010-12-22,9842.49,9953.95,9827.88,9834.08,111920028
2010-12-23,9881.24,9925.03,9917.25,9923.59,78190213
2010-12-24,9935.85,10002.97,9978.65,9979.56,99541363
2010-12-27,9961.32,9984.23,9891.87,9945.67,270209572
2010-12-28,9842.08,9869.6,9828.86,9845.83,119925242
2010-12-29,9777.61,9938.28,9697.22,9741.09,60857944
2010-12-30,9794.94,9829.51,9800.27,9811.62,177144276
2010-12-31,9946.29,9987.87,9824.04,9969.47,278432825
2011-01-03,9911.21,9957.53,9888.06,9894.45,290805823
2011-01-04,9924.16,9966.37,9770.05,9956.5,122325790
2011-01-05,9677.19,9750.46,9675.41,9702.73,231215354
2011-01-06,9612.28,9728.9,9619.64,9636.12,245154791
2011-01-07,9628.85,9751.75,9567.59,9636.93,228299313
2011-01-10,9599.23,9550.41,9421.63,9531.65,67579983
2011-01-11,9372.44,9458.02,9349.59,9424.34,168773947
2011-01-12,9398.28,9393.74,9284.04,9349.83,224453773
2011-01-13,9416.49,9389.28,9359.13,9388.79,60227781
2011-01-14,9429.85,9411.78,9331.67,9371.11,216326922
2011-01-17,9229.25,9173.88,9101.26,9114.89,57982490
2011-01-18,8929.64,8989.46,8787.75,8878.81,132288485
2011-01-19,8848.02,8885.38,8809.18,8815.38,57916110
2011-01-20,8824.01,8966.02,8723.03,8870.58,120438693
2011-01-21,8532.18,8646.59,8492.21,8572.85,84175293
2011-01-24,8535.39,8594.49,8512.84,8523.11,83503668
2011-01-25,8413.28,8516.76,8434.27,8470.82,234305231
2011-01-26,8645.62,8713.03,8559.78,8624.39,207826193
2011-01-27,8513.42,8609.49,8432.89,8586.75,266633056
2011-01-28,8672.18,8663.79,8532.73,8632.39,114733410
2011-01-31,8640.75,8656.47,8644.46,8651.89,152020477
2011-02-01,8431.01,8444.2,8322.16,8426.75,126920822
2011-02-02,8487.27,8585.34,8497.37,8512.75,53094707
2011-02-03,8475.1,8580.59,8447.62,8539.95,89682583
2011-02-04,8641.38,8641.09,8516.55,8598.91,107574498
2011-02-07,9087.56,9062.74,8918.28,9039.26,89320966
2011-02-08,8796.81,8825.95,8765.42,8809.2,210616717
2011-02-09,9030.84,9014.42,8939.05,9007.0,166956081
2011-02-10,8964.67,8980.43,8872.59,8978.71,143541469
2011-02-11,9025.97,9069.7,8942.64,9015.56,263464855
2011-02-14,9042.06,9036.29,8922.81,9014.69,186809934
2011-02-15,8990.82,8971.06,8902.72,8970.91,264516370
2011-02-16,8958.77,9009.0,8802.25,8910.97,220883356
2011-02-17,8970.89,8985.43,8942.77,8952.31,103787669
2011-02-18,8787.98,8814.25,8763.44,8786.99,111208678
2011-02-21,8847.68,8965.4,8848.82,8874.71,172910668
2011-02-22,8815.59,8914.22,8728.05,8832.5,184245411
2011-02-23,8740.01,8800.27,8590.95,8711.78,158066597
2011-02-24,8614.59,8752.99,8607.05,8666.66,275437969
2011-02-25,8848.18,8904.89,8731.93,8809.21,296750258
2011-02-28,8744.32,8764.22,8694.23,8754.16,67671310
2011-03-01,8769.17,8827.43,8764.55,8797.98,277513215
2011-03-02,8683.15,8756.13,8664.69,8721.48,236463714
2011-03-03,8833.12,8874.4,8766.37,8809.35,230987827
2011-03-04,8889.48,8918.88,8787.19,8890.0,268030096
2011-03-07,9161.67,9163.11,9100.87,9103.81,169654255
2011-03-08,9042.11,9172.74,9031.85,9088.02,118077132
2011-03-09,9148.07,9276.39,9111.59,9169.27,292095381
2011-03-10,9181.59,9198.79,9137.95,9184.98,60858106
2011-03-11,9312.53,9383.4,9214.47,9340.62,109440565
2011-03-14,9261.04,9309.04,9233.68,9260.82,216060467
2011-03-15,9364.55,9361.43,9313.64,9352.6,234201191
2011-03-16,9352.22,9420.53,9229.58,9334.13,197311999
2011-03-17,9387.24,9381.94,9284.17,9331.03,258898004
2011-03-18,9297.54,9432.43,9234.99,9346.27,164783065
2011-03-21,9393.16,9416.85,9365.47,9380.49,108315907
2011-03-22,9346.97,9381.97,9264.57,9371.22,234180998
2011-03-23,9417.25,9481.98,9216.52,9401.08,61258249
2011-03-24,9610.99,9620.27,9482.72,9594.44,237145998
2011-03-25,9680.56,9754.51,9550.67,9718.92,144394265
2011-03-28,9795.18,9912.93,9825.7,9830.61,298551631
2011-03-29,9799.02,9839.53,9735.94,9779.01,149058471
2011-03-30,9675.58,9713.04,9639.11,9674.67,148958561
2011-03-31,9787.87,9806.41,9727.28,9796.48,274771772
2011-04-01,9936.0,9953.61,9813.55,9909.92,112310864
2011-04-04,10129.88,10215.01,9894.83,10100.31,197201167
2011-04-05,10007.28,10097.31,9965.08,10028.52,172849633
2011-04-06,9970.23,10020.19,9887.84,10004.32,190936442
2011-04-07,9754.98,9829.98,9688.54,9804.47,149201399
2011-04-08,9762.06,9772.35,9618.97,9760.75,215577692
2011-04-11,9832.49,9912.66,9777.8,9888.79,66596212
2011-04-12,9839.43,9908.94,9733.88,9835.52,126824593
2011-04-13,9968.21,9924.97,9844.43,9919.93,145340234
2011-04-14,9886.86,9956.56,9776.52,9900.86,79330123
2011-04-15,9924.77,10087.24,9915.05,9946.1,239731841
2011-04-18,9886.37,10115.76,9762.47,9807.99,240016437
2011-04-19,9882.52,9845.5,9764.42,9823.2,124561911
2011-04-20,9435.46,9572.29,9371.37,9464.41,152810513
2011-04-21,9451.9,9462.7,9439.18,9446.65,119902901
2011-04-22,9271.16,9281.36,9208.17,9258.98,279366949
2011-04-25,9412.88,9524.66,9369.6,9405.22,257997792
2011-04-26,9571.29,9532.72,9485.83,9502.31,197678536
2011-04-27,9566.23,9575.59,9521.95,9562.9,77033230
2011-04-28,9761.81,9817.86,9735.92,9752.56,128022079
2011-04-29,9667.81,9669.67,9484.21,9641.25,256900315
2011-05-02,9907.48,9896.65,9827.66,9860.55,125939335
2011-05-03,10019.2,10067.35,9898.66,9981.79,277300603
2011-05-04,9978.26,10045.22,9910.35,9956.83,258584621
2011-05-05,10042.11,10131.25,10093.51,10105.12,52728547
2011-05-06,9950.53,10093.43,9857.12,9970.0,227300518
2011-05-09,9904.02,9887.77,9695.44,9871.66,120754739
2011-05-10,9810.74,9816.06,9773.29,9800.93,148132615
2011-05-11,9772.65,9871.1,9711.02,9740.46,210835945
2011-05-12,9688.83,9736.64,9603.95,9616.24,127598641
2011-05-13,9724.23,9817.19,9634.99,9770.22,118356657
2011-05-16,9787.4,9807.17,9612.12,9743.05,93024466
2011-05-17,9778.14,9817.34,9769.46,9791.08,239892349
2011-05-18,9761.99,9739.63,9563.2,9725.6,141137050
2011-05-19,9508.02,9582.33,9499.8,9509.59,76154572
2011-05-20,9627.77,9591.67,9452.2,9546.54,267718565
2011-05-23,9328.59,9416.6,9277.61,9323.73,83779454
2011-05-24,9296.23,9323.95,9304.69,9320.11,277905556
2011-05-25,9180.58,9192.7,9067.61,9165.18,134964569
2011-05-26,9414.21,9410.69,9376.5,9402.03,104015020
2011-05-27,9558.45,9605.19,9452.21,9515.13,96248889
2011-05-30,9549.44,9603.57,9422.9,9532.36,114277173
2011-05-31,9785.89,9728.96,9578.04,9689.95,199881629
2011-06-01,9587.47,9768.67,9554.7,9591.75,257849950
2011-06-02,9658.4,9740.75,9551.09,9662.25,74017758
2011-06-03,9667.81,9754.99,9685.88,9691.22,260260623
2011-06-06,9731.47,9830.21,9705.58,9728.14,88395443
2011-06-07,9899.19,9902.5,9868.05,9890.05,248361850
2011-06-08,9997.73,10064.51,9897.88,9986.5,216371945
2011-06-09,10030.36,10193.89,9978.71,10027.66,60694440
2011-06-10,9801.46,9841.54,9771.33,9825.43,126165456
2011-06-13,9677.68,9755.69,9647.37,9711.93,140722071
2011-06-14,9686.98,9756.02,9547.62,9701.54,154086675
2011-06-15,9761.96,9747.54,9655.37,9717.59,155762406
2011-06-16,9636.78,9670.69,9517.1,9584.76,125101594
2011-06-17,9882.12,9895.7,9841.69,9885.16,63958657
2011-06-20,10042.66,10097.2,10074.2,10080.63,247557819
2011-06-21,10158.93,10171.53,10135.66,10162.23,168340402
2011-06-22,10261.45,10176.45,10157.8,10176.3,203516416
2011-06-23,10194.54,10242.46,10065.39,10153.97,288114273
2011-06-24,10059.81,10126.71,9908.14,10037.7,262760154
2011-06-27,10090.99,10076.02,9980.43,10052.29,131001572
2011-06-28,10151.96,10121.66,9980.09,10089.79,234061041
2011-06-29,9892.06,10002.01,9895.89,9937.89,127652988
2011-06-30,9968.92,10021.26,9951.31,9984.58,235396645
2011-07-01,9948.73,9983.86,9954.07,9969.81,257635509
2011-07-04,9760.54,9857.18,9649.79,9737.67,79535419
2011-07-05,9643.44,9767.42,9547.82,9637.27,140910234
2011-07-06,9620.77,9637.85,9576.94,9591.75,197957487
2011-07-07,9807.35,9868.36,9707.94,9827.28,294283983
2011-07-08,9955.48,9952.88,9760.18,9901.14,272049469
2011-07-11,9737.88,9819.97,9697.26,9740.58,246881214
2011-07-12,9832.32,9868.98,9757.35,9805.08,240416738
2011-07-13,9666.37,9655.41,9589.08,9620.37,118027994
2011-07-14,9800.66,9784.76,9639.19,9757.14,249700002
2011-07-15,9718.02,9872.13,9622.09,9704.02,153611449
2011-07-18,9728.97,9779.01,9583.06,9697.19,240355958
2011-07-19,9933.95,9946.1,9847.8,9865.23,82534716
2011-07-20,9731.11,9801.94,9692.17,9711.16,253585276
2011-07-21,9518.4,9622.54,9466.93,9546.26,291922917
2011-07-22,9502.95,9573.56,9472.76,9480.84,197967579
2011-07-25,9608.83,9695.36,9561.45,9610.26,107534007
2011-07-26,9343.95,9533.25,9430.42,9432.55,221764290
2011-07-27,9123.07,9146.11,9103.9,9106.24,299615672
2011-07-28,9063.17,9149.63,9052.75,9058.94,81450280
2011-07-29,9168.7,9157.95,9112.68,9126.48,199748510
2011-08-01,9242.14,9287.65,9144.88,9269.95,166652162
2011-08-02,9164.87,9240.2,9163.73,9220.4,122946341
2011-08-03,9183.3,9195.53,9159.13,9177.1,190022708
2011-08-04,9330.09,9377.65,9297.36,9315.93,254207667
2011-08-05,9106.79,9153.31,9092.03,9103.38,184049943
2011-08-08,9063.99,9109.58,9039.79,9063.24,174171161
2011-08-09,9050.48,9100.7,9026.54,9089.34,295015656
2011-08-10,9140.2,9195.52,9109.2,9145.28,122232302
2011-08-11,9078.39,9137.73,9068.74,9091.05,58430683
2011-08-12,9138.38,9140.78,9098.96,9099.33,91538248
2011-08-15,8836.08,8864.45,8794.93,8822.69,156885924
2011-08-16,8744.26,8814.06,8741.35,8754.0,295507956
2011-08-17,8869.09,8835.47,8735.79,8808.35,200142682
2011-08-18,8694.79,8742.85,8606.8,8704.16,51601967
2011-08-19,8734.22,8857.98,8533.69,8714.78,166258370
2011-08-22,8762.3,8810.62,8688.9,8768.15,74628904
2011-08-23,8791.54,8767.58,8698.31,8734.55,143095216
2011-08-24,8760.54,8794.69,8721.28,8757.5,69075099
2011-08-25,8660.07,8730.36,8631.05,8656.04,78804383
2011-08-26,8632.82,8645.64,8601.66,8637.65,86540770
2011-08-29,8715.3,8710.53,8677.61,8708.46,118675398
2011-08-30,8771.74,8752.31,8713.19,8729.85,219600980
2011-08-31,8699.04,8677.79,8665.45,8669.71,127082143
2011-09-01,8699.35,8724.8,8676.65,8698.37,216431397
2011-09-02,8840.98,8803.1,8763.98,8781.22,274976275
2011-09-05,8591.31,8565.42,8489.13,8561.41,53180679
2011-09-06,8676.25,8776.86,8689.94,8691.49,112667843
2011-09-07,8611.06,8681.03,8657.79,8658.87,123464133
2011-09-08,8695.1,8806.46,8635.13,8709.56,190837679
2011-09-09,8860.76,8868.7,8778.1,8846.14,223409375
2011-09-12,8719.5,8700.17,8588.49,8698.72,226352452
2011-09-13,8672.31,8756.26,8504.23,8625.42,264864941
2011-09-14,8560.57,8691.82,8535.95,8598.21,191362361
2011-09-15,8502.82,8593.39,8476.79,8517.78,59429445
2011-09-16,8669.13,8829.51,8648.45,8710.16,299100610
2011-09-19,8574.59,8623.92,8603.4,8620.75,73288092
2011-09-20,8543.19,8581.32,8492.68,8564.7,180759305
2011-09-21,8603.47,8673.29,8533.89,8590.88,87385542
2011-09-22,8491.89,8496.09,8435.8,8465.77,238508908
2011-09-23,8395.72,8464.4,8368.94,8427.69,89973312
2011-09-26,8438.09,8539.61,8392.96,8465.49,107659712
2011-09-27,8374.04,8443.54,8424.48,8434.08,235439376
2011-09-28,8435.4,8450.8,8407.88,8428.17,184820117
2011-09-29,8351.61,8393.3,8322.79,8376.14,200760035
2011-09-30,8276.44,8295.37,8163.92,8221.75,288617613
2011-10-03,8272.6,8341.78,8250.14,8259.06,257424773
2011-10-04,8441.93,8509.62,8393.55,8447.73,187052573
2011-10-05,8432.03,8478.27,8410.17,8453.71,96770669
2011-10-06,8431.06,8496.46,8423.32,8481.77,264331438
2011-10-07,8513.36,8569.54,8515.54,8560.2,240783200
2011-10-10,8407.43,8480.88,8372.04,8428.4,89421843
2011-10-11,8591.16,8645.81,8504.27,8615.24,156119823
2011-10-12,8606.81,8660.03,8615.97,8641.35,193408323
2011-10-13,8838.36,8938.92,8745.77,8825.05,81399201
2011-10-14,8766.08,8814.34,8702.18,8748.09,259877760
2011-10-17,8938.61,9022.0,8954.93,8955.04,71999564
2011-10-18,9117.26,9074.01,9017.07,9047.23,140720687
2011-10-19,9051.14,9196.3,9086.41,9114.83,218809991
2011-10-20,9148.23,9149.13,9138.14,9146.1,168353685
2011-10-21,9113.87,9192.67,9043.88,9121.85,77747651
2011-10-24,9244.87,9358.54,9239.48,9265.28,165234593
2011-10-25,9260.18,9333.39,9270.08,9286.1,95710267
2011-10-26,9062.85,9231.51,8965.15,9063.11,277130796
2011-10-27,8932.62,9016.64,8880.72,8940.69,181193208
2011-10-28,8910.04,9024.98,8894.72,8924.03,200900246
2011-10-31,8916.66,8978.87,8962.54,8963.22,246875347
2011-11-01,8903.1,9030.49,8938.96,8961.1,238018430
2011-11-02,9093.61,9156.4,9037.73,9104.11,186279412
2011-11-03,8872.99,8943.86,8775.17,8887.28,92105879
2011-11-04,8900.59,8954.24,8847.9,8907.61,225214554
2011-11-07,8706.27,8730.26,8692.52,8710.05,164201484
2011-11-08,8779.62,8890.64,8763.67,8798.01,230017476
2011-11-09,8784.26,8829.63,8789.18,8791.73,297570255
2011-11-10,8812.35,8855.78,8810.17,8842.54,215298491
2011-11-11,8804.33,8757.67,8655.06,8750.99,260796069
2011-11-14,8868.97,8970.72,8896.96,8897.43,285362223
2011-11-15,9005.89,9035.64,8933.35,9019.27,239128924
2011-11-16,9063.83,9215.15,8962.05,9090.15,188827673
2011-11-17,9052.76,9155.7,9070.21,9079.65,181025109
2011-11-18,9151.49,9154.0,9147.53,9150.58,146329175
2011-11-21,9070.06,9111.58,8913.25,9073.77,234763212
2011-11-22,9159.61,9237.73,9093.16,9176.47,166557290
2011-11-23,9363.01,9391.22,9327.34,9373.63,56784084
2011-11-24,9478.08,9557.79,9458.38,9505.45,85895680
2011-11-25,9438.1,9464.25,9350.85,9422.96,265569411
2011-11-28,9548.33,9523.93,9393.88,9470.48,69056322
2011-11-29,9289.25,9384.96,9240.75,9321.87,217840881
2011-11-30,9408.61,9443.18,9368.69,9393.81,254752086
2011-12-01,9453.49,9506.41,9412.64,9451.79,80283087
2011-12-02,9260.83,9240.56,9217.16,9236.13,295795692
2011-12-05,9131.64,9115.27,9060.38,9106.26,80808716
2011-12-06,9085.61,9100.82,8971.98,9078.15,141546790
2011-12-07,9046.68,9110.24,9030.26,9048.12,98886046
2011-12-08,8900.04,9005.61,8886.22,8915.53,73615383
2011-12-09,8936.17,9100.65,8957.85,8963.6,95338094
2011-12-12,8992.84,9037.16,8982.43,8996.33,189487615
2011-12-13,8932.47,9108.01,8904.56,8978.61,157658233
2011-12-14,8876.62,9041.7,8857.55,8897.75,224156622
2011-12-15,9060.33,9152.53,8975.79,9020.39,218671748
2011-12-16,9218.51,9229.11,9152.57,9214.88,149711102
2011-12-19,9196.0,9293.92,9098.33,9163.28,135837232
2011-12-20,9150.69,9267.73,8969.43,9097.21,200651989
2011-12-21,9151.56,9203.03,9013.92,9158.04,95561429
2011-12-22,9128.73,9135.62,9013.87,9121.17,219576330
2011-12-23,9098.5,9204.28,9010.28,9109.5,297098412
2011-12-26,9169.26,9263.03,9197.97,9199.16,50440265
2011-12-27,8950.54,9001.14,8948.76,8984.79,138687214
2011-12-28,9170.44,9204.68,9100.39,9139.62,200096161
2011-12-29,9159.98,9222.69,9148.23,9152.35,275126282
2011-12-30,9176.64,9127.88,9103.91,9109.36,269671224
2012-01-02,9138.85,9154.22,9027.39,9103.46,96564586
2012-01-03,9076.86,9132.02,9092.85,9103.48,82903573
2012-01-04,8941.27,8985.07,8811.57,8911.32,62000928
2012-01-05,9073.99,9132.36,9039.95,9085.07,158508664
2012-01-06,9138.4,9125.12,9049.19,9094.13,63760199
2012-01-09,9131.59,9227.76,9113.0,9149.39,283446521
2012-01-10,9225.15,9322.27,9210.23,9264.15,232527920
2012-01-11,9120.95,9200.48,9060.95,9150.08,121494879
2012-01-12,9181.78,9226.48,9179.37,9209.21,110639207
2012-01-13,9151.72,9299.32,9123.92,9182.58,64140268
2012-01-16,9264.22,9322.71,9261.73,9285.49,122358934
2012-01-17,9075.23,9079.45,9037.21,9044.24,240523588
2012-01-18,9102.18,9038.0,9015.96,9037.26,209959518
2012-01-19,8925.41,8977.7,8837.49,8973.15,294775196
2012-01-20,9072.07,9079.05,8960.52,9026.45,98999941
2012-01-23,9067.03,9150.71,9082.43,9084.39,276320728
2012-01-24,9020.58,9058.59,8906.55,9008.05,266960600
2012-01-25,8872.74,8992.24,8896.11,8931.84,197205116
2012-01-26,8942.35,8966.75,8872.88,8923.64,283307102
2012-01-27,8756.8,8934.62,8744.9,8827.6,178862073
2012-01-30,8937.2,8964.68,8773.11,8926.0,250680208
2012-01-31,8897.95,9007.86,8887.78,8888.8,196752975
2012-02-01,8579.78,8635.02,8569.88,8573.23,248988571
2012-02-02,8511.8,8606.06,8491.37,8536.9,90595208
2012-02-03,8448.47,8548.63,8396.44,8429.94,107463922
2012-02-06,8275.31,8291.86,8185.85,8262.39,113126139
2012-02-07,8131.62,8171.25,7997.5,8138.45,81392193
2012-02-08,8175.47,8187.86,8067.63,8153.56,156248963
2012-02-09,8291.97,8311.33,8229.82,8295.14,199587347
2012-02-10,8349.53,8411.42,8239.22,8331.9,142736035
2012-02-13,8268.25,8298.41,8258.82,8272.42,183875940
2012-02-14,8331.25,8348.77,8243.52,8324.03,244844293
2012-02-15,8299.0,8397.61,8240.68,8279.97,152467648
2012-02-16,8198.66,8276.18,8145.9,8211.73,103652716
2012-02-17,8057.06,8146.96,8054.91,8097.03,231090239
2012-02-20,7932.8,8014.93,7895.4,7924.05,179844226
2012-02-21,7926.5,7901.05,7850.89,7888.97,79566451
2012-02-22,7917.92,7950.35,7811.74,7908.46,266788004
2012-02-23,7912.66,7997.35,7781.15,7902.6,66977516
2012-02-24,7863.71,7940.18,7823.77,7865.04,295697513
2012-02-27,7798.57,7856.52,7695.19,7775.58,253648249
2012-02-28,7833.3,7964.45,7778.85,7839.13,60803202
2012-02-29,7699.78,7757.31,7589.77,7713.79,232410656
2012-03-01,7827.74,7824.2,7759.06,7793.29,192777274
2012-03-02,7682.83,7738.86,7606.12,7699.17,271035770
2012-03-05,7657.31,7671.57,7613.99,7630.16,55238926
2012-03-06,7527.17,7512.33,7422.17,7494.02,288540535
2012-03-07,7467.27,7485.98,7389.75,7450.37,197649591
2012-03-08,7508.37,7552.75,7471.75,7546.08,120672444
2012-03-09,7599.7,7671.66,7592.55,7598.88,202156227
2012-03-12,7690.57,7744.27,7571.51,7696.79,240852422
2012-03-13,7735.9,7813.34,7700.34,7751.28,210672110
2012-03-14,7652.26,7695.71,7606.12,7647.89,248278851
2012-03-15,7643.15,7671.38,7570.74,7619.71,228901949
2012-03-16,7534.93,7598.21,7510.88,7548.77,296771394
2012-03-19,7674.77,7736.68,7666.72,7680.04,244661910
2012-03-20,7561.41,7620.26,7537.24,7568.71,204802701
2012-03-21,7693.71,7738.67,7616.12,7658.06,84357637
2012-03-22,7740.42,7777.27,7740.45,7748.39,194456992
2012-03-23,7893.68,7985.08,7881.01,7932.85,157287048
2012-03-26,7846.07,7898.39,7760.14,7895.77,237148017
2012-03-27,7982.3,8039.21,7907.08,7970.74,238023036
2012-03-28,8182.13,8237.19,8108.46,8207.1,106196834
2012-03-29,8169.16,8193.95,8140.38,8147.36,269106398
2012-03-30,7952.54,8109.89,7973.82,7995.12,152409906
2012-04-02,7794.85,7908.23,7791.28,7811.69,237672578
2012-04-03,7843.93,7924.01,7868.04,7885.9,58356535
2012-04-04,7718.07,7788.56,7687.96,7704.68,167368877
2012-04-05,7692.18,7676.25,7643.36,7672.27,113002403
2012-04-06,7728.79,7765.6,7672.95,7718.33,105956108
2012-04-09,7706.43,7831.55,7632.71,7740.05,255397689
2012-04-10,7762.13,7800.64,7770.77,7785.35,120567393
2012-04-11,7818.23,7826.85,7806.9,7810.9,219913940
2012-04-12,7887.94,8049.85,7883.95,7941.56,247931425
2012-04-13,7843.01,7855.8,7823.2,7850.58,63270058
2012-04-16,7834.86,7838.91,7746.03,7787.61,264367103
2012-04-17,7710.29,7774.21,7703.97,7715.84,107081499
2012-04-18,7754.24,7832.16,7766.7,7800.68,83016503
2012-04-19,7874.26,7927.62,7874.96,7893.44,260145838
2012-04-20,7922.18,8067.82,7899.59,7942.22,207330637
2012-04-23,8134.42,8097.32,8006.49,8065.37,239619921
2012-04-24,8003.3,7969.69,7893.18,7950.33,187282834
2012-04-25,8146.71,8143.3,8115.3,8122.96,222872274
2012-04-26,8272.93,8325.29,8215.38,8284.3,160130272
2012-04-27,8405.59,8498.31,8324.47,8365.42,83500338
2012-04-30,8520.6,8567.87,8518.65,8559.41,119577570
2012-05-01,8422.72,8401.15,8222.31,8386.6,123219219
2012-05-02,8366.28,8352.63,8312.62,8335.34,64405404
2012-05-03,8257.41,8270.64,8232.28,8262.41,192670207
2012-05-04,8379.84,8397.11,8304.72,8341.83,162404696
2012-05-07,8221.38,8244.03,8171.94,8236.11,126279504
2012-05-08,8276.95,8349.05,8274.04,8319.05,155753408
2012-05-09,8501.1,8482.18,8326.9,8467.98,118610853
2012-05-10,8543.62,8577.82,8454.0,8546.54,242949883
2012-05-11,8601.89,8611.01,8428.13,8581.23,286879348
2012-05-14,8540.89,8599.32,8461.23,8479.13,155889629
2012-05-15,8368.89,8435.9,8314.03,8393.14,173755552
2012-05-16,8525.49,8576.18,8470.03,8530.38,82254732
2012-05-17,8672.77,8694.22,8523.75,8618.66,170094935
2012-05-18,8641.58,8694.68,8604.66,8618.53,166799403
2012-05-21,8553.34,8607.1,8511.11,8577.35,237897956
2012-05-22,8333.23,8380.08,8325.73,8365.19,294838869
2012-05-23,8239.57,8368.12,8206.45,8257.02,74805555
2012-05-24,8437.31,8494.66,8459.35,8462.3,153860862
2012-05-25,8338.76,8426.79,8319.32,8330.85,185118156
2012-05-28,8357.36,8364.08,8228.04,8354.73,206474855
2012-05-29,8474.94,8481.64,8335.7,8465.48,171427403
2012-05-30,8308.62,8395.72,8334.34,8336.66,196293112
2012-05-31,8357.7,8479.22,8338.96,8360.06,225106728
2012-06-01,8393.87,8555.87,8399.38,8463.47,292604848
2012-06-04,8473.74,8472.39,8444.79,8468.83,139333613
2012-06-05,8825.97,8804.08,8743.17,8784.66,155446534
2012-06-06,8556.97,8635.88,8582.25,8606.01,93140899
2012-06-07,8742.6,8740.78,8660.67,8725.73,137021276
2012-06-08,8689.61,8735.47,8626.49,8710.9,272453145
2012-06-11,8828.47,8831.26,8744.0,8800.22,275619098
2012-06-12,8859.12,8932.58,8788.65,8853.5,263272855
2012-06-13,8790.48,8845.63,8687.53,8776.27,252597854
2012-06-14,8808.11,8838.17,8776.4,8805.82,138814790
2012-06-15,8651.92,8669.38,8504.23,8606.19,206267344
2012-06-18,8688.04,8697.53,8649.77,8675.98,81548144
2012-06-19,8688.2,8758.57,8697.51,8712.78,112479776
2012-06-20,8790.82,8863.16,8786.89,8787.35,187751649
2012-06-21,8896.38,8935.11,8907.83,8909.53,152392057
2012-06-22,8960.97,9029.64,8917.94,8955.15,241478673
2012-06-25,8961.07,9108.9,8858.96,8976.15,51252456
2012-06-26,8857.24,8974.2,8860.23,8881.29,123894660
2012-06-27,8813.16,8825.42,8799.47,8806.14,114918144
2012-06-28,8945.05,9055.15,8915.28,8943.05,261327302
2012-06-29,9149.47,9154.36,8893.51,9110.7,144229985
2012-07-02,9072.65,9100.51,9005.46,9087.74,177521538
2012-07-03,9025.25,9167.82,9035.83,9097.34,123185059
2012-07-04,8985.43,9098.0,8899.14,8998.52,76718114
2012-07-05,9077.38,9193.1,9119.82,9136.82,68642866
2012-07-06,9233.45,9329.2,9200.02,9218.13,240912888
2012-07-09,9387.57,9484.03,9415.67,9450.85,95772427
2012-07-10,9314.33,9436.51,9310.92,9351.3,55155854
2012-07-11,9297.81,9494.41,9300.7,9311.3,101888003
2012-07-12,9400.64,9416.25,9305.41,9342.94,54672183
2012-07-13,9383.4,9432.41,9400.45,9423.84,110035552
2012-07-16,9403.21,9523.03,9318.93,9402.74,174525583
2012-07-17,9325.91,9354.43,9253.93,9304.33,254138204
2012-07-18,9468.58,9435.68,9346.36,9412.7,223932421
2012-07-19,9532.7,9533.56,9420.58,9503.14,275520190
2012-07-20,9439.66,9442.39,9377.27,9398.54,291460976
2012-07-23,9598.04,9672.53,9552.83,9564.97,181396068
2012-07-24,9664.68,9727.25,9651.66,9711.65,265661846
2012-07-25,9746.74,9896.45,9702.28,9732.73,241966540
2012-07-26,9780.23,9799.66,9706.3,9747.14,113830955
2012-07-27,9782.52,9887.51,9762.61,9820.09,248236416
2012-07-30,9696.15,9761.16,9691.72,9718.68,103099704
2012-07-31,9695.74,9770.8,9672.77,9726.99,136728267
2012-08-01,9500.55,9479.42,9383.36,9471.27,95148186
2012-08-02,9578.35,9586.89,9471.26,9581.0,229756885
2012-08-03,9386.77,9497.59,9366.73,9398.83,247877758
2012-08-06,9533.99,9636.51,9498.78,9583.12,167048381
2012-08-07,9545.31,9690.28,9514.34,9547.89,63989857
2012-08-08,9505.36,9578.16,9337.69,9526.99,293568273
2012-08-09,9465.65,9463.19,9427.12,9456.45,152060264
2012-08-10,9383.58,9447.89,9402.16,9426.68,159970895
2012-08-13,9608.07,9610.72,9586.48,9601.24,103551452
2012-08-14,9293.06,9342.51,9298.33,9309.4,129928605
2012-08-15,9417.59,9497.74,9405.72,9464.89,58806813
2012-08-16,9459.32,9567.11,9498.92,9509.81,129773267
2012-08-17,9326.63,9454.93,9290.12,9370.75,98887470
2012-08-20,9241.42,9434.27,9225.8,9249.06,91266556
2012-08-21,9455.55,9487.57,9366.97,9450.98,58428713
2012-08-22,9353.6,9395.78,9317.77,9343.51,272344481
2012-08-23,9224.45,9331.6,9172.46,9213.11,167041667
2012-08-24,9322.16,9371.44,9346.57,9350.53,64484465
2012-08-27,9434.74,9404.53,9294.97,9394.97,148980126
2012-08-28,9272.6,9324.16,9277.96,9289.03,189786546
2012-08-29,9335.63,9521.81,9312.28,9318.85,164121265
2012-08-30,9197.53,9215.81,9072.69,9203.58,205656973
2012-08-31,9350.58,9422.43,9271.11,9336.55,181813732
2012-09-03,9458.63,9491.31,9423.27,9466.75,162978500
2012-09-04,9549.97,9614.0,9385.59,9534.95,141500423
2012-09-05,9582.78,9648.65,9545.51,9583.06,177207562
2012-09-06,9834.65,9824.2,9646.95,9802.74,172148350
2012-09-07,9775.26,9889.94,9742.04,9807.37,53190007
2012-09-10,9598.58,9703.8,9543.9,9667.02,139896476
2012-09-11,9688.68,9819.41,9691.38,9726.55,214111542
2012-09-12,10033.04,10136.84,9853.36,9990.33,99868500
2012-09-13,9862.01,9948.48,9831.26,9868.11,114098726
2012-09-14,9831.57,9929.86,9799.35,9827.96,258581004
2012-09-17,9842.7,9898.49,9823.46,9884.36,167701439
2012-09-18,9884.95,9941.88,9854.78,9882.36,254259632
2012-09-19,9725.5,9813.5,9684.79,9765.46,140100754
2012-09-20,9874.47,9974.59,9852.58,9909.18,168263166
2012-09-21,10191.52,10226.43,10163.44,10207.96,59955553
2012-09-24,10256.31,10329.65,10158.99,10238.09,274892133
2012-09-25,10149.31,10221.69,10111.6,10126.95,119567314
2012-09-26,9958.99,9947.91,9910.23,9935.97,274024159
2012-09-27,9909.71,10111.29,9893.56,9973.07,61362798
2012-09-28,10117.28,10149.38,10011.38,10117.55,242171491
2012-10-01,10175.14,10185.94,10143.08,10183.15,143506162
2012-10-02,10125.26,10257.35,10096.16,10187.69,122142182
2012-10-03,10117.8,10154.14,10110.76,10117.16,245870387
2012-10-04,9973.65,10096.12,9947.13,9983.65,211684852
2012-10-05,10114.66,10100.23,10081.44,10094.01,201014477
2012-10-08,10219.07,10302.03,10211.21,10215.75,73771462
2012-10-09,10001.48,10111.48,10004.02,10023.5,231275923
2012-10-10,10269.05,10282.13,10024.23,10231.17,166833631
2012-10-11,10218.73,10351.79,10222.16,10310.34,117899245
2012-10-12,10496.06,10600.56,10427.77,10498.76,220489013
2012-10-15,10254.8,10451.01,10315.18,10327.64,104936056
2012-10-16,10119.22,10169.99,10141.18,10156.28,198206174
2012-10-17,10163.36,10165.04,10090.45,10142.06,142216917
2012-10-18,10159.33,10219.71,10190.33,10211.37,146630148
2012-10-19,10390.58,10657.15,10341.35,10450.09,98220766
2012-10-22,10648.99,10590.77,10426.38,10548.49,78347726
2012-10-23,10464.09,10649.18,10414.24,10521.29,103136829
2012-10-24,10459.67,10400.76,10286.47,10391.06,126741116
2012-10-25,10551.1,10645.47,10530.27,10558.37,143104784
2012-10-26,10413.88,10478.63,10386.08,10435.79,90991991
2012-10-29,10681.34,10808.08,10645.34,10657.18,250388276
2012-10-30,10680.93,10701.47,10534.6,10624.12,163235236
2012-10-31,10794.62,10899.86,10659.54,10844.34,172206738
2012-11-01,10920.37,10973.9,10876.94,10942.7,239761067
2012-11-02,10966.06,10986.84,10903.25,10929.04,157865825
2012-11-05,10875.44,10880.35,10833.39,10862.92,281194544
2012-11-06,10869.22,10828.26,10805.75,10821.52,68609496
2012-11-07,10907.68,10933.11,10766.84,10885.26,204136612
2012-11-08,10979.88,11032.62,10897.13,10901.03,267563449
2012-11-09,10832.67,10921.78,10748.2,10824.94,262046043
2012-11-12,10817.1,10930.23,10667.48,10807.51,270847246
2012-11-13,10837.3,10842.77,10778.95,10823.37,273647123
2012-11-14,10535.96,10604.11,10521.12,10541.97,250046476
2012-11-15,10644.04,10660.57,10553.23,10608.05,83968531
2012-11-16,10492.85,10535.68,10396.86,10482.91,186408618
2012-11-19,10369.19,10577.58,10301.73,10336.61,258720350
2012-11-20,10162.25,10227.44,10113.1,10124.0,272485201
2012-11-21,9919.44,9988.28,9901.15,9902.47,186018856
2012-11-22,9758.99,9757.64,9712.1,9739.44,294145711
2012-11-23,9618.4,9820.97,9639.2,9657.42,291673015
2012-11-26,9880.94,9968.99,9811.52,9902.74,159744347
2012-11-27,9875.24,9862.97,9752.08,9842.04,258505198
2012-11-28,9925.0,9953.85,9830.23,9868.8,193316163
2012-11-29,9846.42,9924.86,9909.78,9923.44,170468439
2012-11-30,9921.99,9971.2,9932.35,9944.58,124371755
2012-12-03,9940.55,9984.59,9870.29,9939.61,73842540
2012-12-04,9761.26,9817.07,9791.85,9795.71,123726920
2012-12-05,9948.34,10063.46,9942.83,9981.18,232228654
2012-12-06,10235.31,10321.45,10157.4,10215.9,89634865
2012-12-07,10069.67,10030.95,9966.0,10006.38,107130995
2012-12-10,9802.49,9905.88,9859.16,9882.81,188701855
2012-12-11,9846.01,9869.6,9832.96,9852.72,68164730
2012-12-12,9756.4,9776.46,9728.02,9738.35,75167583
2012-12-13,9835.9,9809.63,9780.04,9805.3,67271861
2012-12-14,9732.78,9720.42,9683.74,9720.37,228837926
2012-12-17,10064.34,10089.59,9987.39,9993.92,208494676
2012-12-18,10150.96,10272.89,10117.75,10149.79,64671545
2012-12-19,10235.29,10304.65,10180.43,10181.85,272983147
2012-12-20,10292.68,10320.19,10186.94,10319.36,75053417
2012-12-21,10471.56,10526.82,10466.51,10469.13,57402300
2012-12-24,10349.52,10425.84,10394.68,10399.97,152232806
2012-12-25,10335.58,10331.63,10278.48,10298.47,63735021
2012-12-26,10308.56,10368.76,10264.54,10313.52,273263598
2012-12-27,10445.99,10440.42,10331.3,10431.06,112014563
2012-12-28,10441.22,10614.35,10402.09,10454.33,76810055
2012-12-31,10277.6,10332.71,10231.11,10253.55,168676188
2013-01-01,10171.34,10228.03,10141.28,10155.2,292064786
2013-01-02,10110.18,10373.1,10127.71,10150.57,232589252
2013-01-03,10107.71,10242.1,10145.23,10145.73,172682517
2013-01-04,10404.82,10449.37,10368.58,10405.98,287159074
2013-01-07,10257.71,10338.44,10151.49,10230.72,259180041
2013-01-08,10377.76,10317.36,10261.96,10301.0,291134222
2013-01-09,10513.81,10674.26,10450.41,10501.08,235223425
2013-01-10,10854.65,10848.31,10796.9,10811.08,106034548
2013-01-11,10691.84,10871.0,10725.93,10761.27,290669673
2013-01-14,10920.48,10913.4,10782.4,10833.26,277888277
2013-01-15,10942.95,10974.37,10811.36,10916.5,261243631
2013-01-16,10946.46,10956.23,10736.13,10948.63,270598370
2013-01-17,10933.0,10986.85,10894.02,10940.21,200172774
2013-01-18,10956.97,11077.84,10950.82,11005.71,96034642
2013-01-21,10630.17,10746.72,10499.73,10665.21,198336622
2013-01-22,10844.62,10865.48,10694.37,10762.38,290396299
2013-01-23,10741.97,10861.75,10758.71,10784.63,235661308
2013-01-24,10716.18,10854.6,10753.79,10759.57,146290017
2013-01-25,11014.88,11177.59,10972.33,11045.91,133430188
2013-01-28,10905.08,10970.43,10880.3,10957.59,163315257
2013-01-29,10907.95,11008.63,10857.87,10907.28,127237395
2013-01-30,11238.49,11206.3,11143.7,11189.75,161190194
2013-01-31,11051.28,11211.78,10985.97,11078.33,116042886
2013-02-01,10946.59,11081.02,10890.71,11007.06,249477399
2013-02-04,11004.75,11140.15,10905.17,10991.92,158335938
2013-02-05,11111.78,11171.72,11103.56,11114.26,271123141
2013-02-06,11193.42,11191.38,11129.53,11148.7,183961056
2013-02-07,10953.88,11019.1,10901.59,10973.83,77695668
2013-02-08,10894.35,11047.2,10778.01,10905.7,268324641
2013-02-11,10821.24,10872.75,10744.34,10827.72,262481440
2013-02-12,10826.2,10937.7,10818.7,10822.34,132818652
2013-02-13,10868.65,10940.73,10806.74,10885.74,57757462
2013-02-14,10924.17,11018.45,10914.66,10948.46,155559609
2013-02-15,10632.03,10711.83,10691.01,10711.31,125706563
2013-02-18,10836.46,10909.52,10799.04,10861.02,62548420
2013-02-19,10932.01,10987.54,10836.96,10900.83,79395425
2013-02-20,11135.67,11144.81,11027.12,11097.93,222714191
2013-02-21,11144.48,11234.16,11139.16,11165.52,287446055
2013-02-22,11385.8,11331.37,11271.23,11326.92,291098030
2013-02-25,11397.81,11522.39,11297.98,11399.12,107537834
2013-02-26,11537.56,11663.28,11589.91,11599.63,139744316
2013-02-27,11604.56,11706.28,11633.78,11681.77,238843069
2013-02-28,11729.81,11713.61,11547.53,11672.92,140545346
2013-03-01,11999.74,12020.83,11954.75,12017.67,273744566
2013-03-04,12099.78,12162.75,12097.59,12158.82,244874730
2013-03-05,12142.14,12340.59,12247.14,12252.87,205360816
2013-03-06,12044.07,12120.2,11885.44,12063.16,190905065
2013-03-07,11893.82,11889.45,11767.38,11874.59,79436848
2013-03-08,11890.87,11996.99,11661.06,11924.14,103437517
2013-03-11,11901.36,11990.03,11762.01,11951.72,214541302
2013-03-12,11839.17,11905.74,11815.19,11865.25,73587744
2013-03-13,11951.14,11903.87,11841.86,11892.0,177803675
2013-03-14,12070.56,12152.59,12076.28,12138.2,238445752
2013-03-15,12219.4,12300.36,12236.35,12250.84,60746536
2013-03-18,12140.26,12117.22,11837.07,12081.74,237470199
2013-03-19,12094.39,12108.23,12002.26,12070.53,233916919
2013-03-20,11962.99,12142.71,11930.54,11954.42,199138179
2013-03-21,11870.97,11991.32,11897.49,11901.84,269824915
2013-03-22,11847.06,11917.7,11843.64,11845.62,234299892
2013-03-25,11754.81,11833.96,11733.67,11780.16,235656152
2013-03-26,11560.98,11611.85,11598.18,11600.86,140613410
2013-03-27,11537.68,11624.03,11414.01,11587.74,217901427
2013-03-28,11547.77,11524.31,11309.39,11511.66,163269497
2013-03-29,11097.14,11205.46,10993.19,11099.82,151850932
2013-04-01,11410.43,11427.6,11278.94,11396.09,110070950
2013-04-02,11566.01,11564.74,11527.08,11558.99,162098612
2013-04-03,11530.1,11605.77,11488.07,11509.8,292182776
2013-04-04,11506.28,11539.51,11418.61,11518.02,276068565
2013-04-05,11332.77,11365.68,11158.51,11354.65,72065250
2013-04-08,11567.52,11634.52,11559.03,11605.36,297204213
2013-04-09,11824.52,11900.68,11724.28,11891.78,158063477
2013-04-10,11867.45,11921.83,11893.76,11920.95,212772462
2013-04-11,12063.76,12138.13,12035.76,12081.42,211812315
2013-04-12,12036.22,12186.7,12106.18,12113.9,204343305
2013-04-15,11851.38,12012.47,11859.6,11917.27,130388720
2013-04-16,11910.69,11993.33,11789.98,11861.24,112888918
2013-04-17,11897.29,11970.29,11827.71,11886.63,272163026
2013-04-18,11803.02,11840.87,11781.38,11824.39,220419776
2013-04-19,11904.67,11807.21,11745.43,11797.47,228118656
2013-04-22,11711.78,11815.1,11772.83,11789.51,215638829
2013-04-23,11829.1,12005.17,11729.22,11783.11,282698105
2013-04-24,11791.23,11945.09,11785.27,11796.49,252281369
2013-04-25,11682.02,11746.67,11598.76,11645.45,217683457
2013-04-26,11551.26,11587.4,11345.15,11546.22,158572443
2013-04-29,11281.15,11539.72,11330.44,11366.27,202515667
2013-04-30,11517.04,11602.66,11484.17,11512.64,214458985
2013-05-01,11231.64,11385.97,11211.01,11216.58,160144410
2013-05-02,11286.38,11474.14,11372.61,11386.22,271227547
2013-05-03,11682.5,11614.5,11354.38,11592.36,119851515
2013-05-06,11568.19,11671.55,11513.15,11553.81,102232990
2013-05-07,11216.42,11187.67,11026.22,11186.36,239785006
2013-05-08,11088.91,11175.27,11139.7,11140.85,92864006
2013-05-09,11167.92,11150.93,11109.77,11137.15,116166087
2013-05-10,11049.43,11064.32,11000.0,11001.49,202942047
2013-05-13,10946.6,10944.17,10904.47,10935.51,248277066
2013-05-14,11153.27,11200.3,11094.9,11153.69,195802543
2013-05-15,11212.65,11303.9,11232.27,11252.88,280432025
2013-05-16,11118.23,11200.05,11090.03,11127.86,286380854
2013-05-17,10888.96,10968.37,10764.95,10911.31,235527640
2013-05-20,10896.5,10951.24,10784.11,10871.62,160407814
2013-05-21,10810.71,10953.7,10644.5,10847.59,50161235
2013-05-22,10945.48,11066.6,10863.44,10920.81,118385128
2013-05-23,10816.15,10950.94,10707.05,10852.58,95857336
2013-05-24,10916.47,11108.07,10858.82,10927.94,258321650
2013-05-27,11230.59,11225.56,11171.29,11202.98,271282489
2013-05-28,11292.19,11378.34,11257.71,11324.07,227955293
2013-05-29,11352.06,11416.53,11276.33,11322.6,75205623
2013-05-30,11326.88,11326.79,11293.93,11301.88,230629504
2013-05-31,11244.37,11272.98,11174.58,11256.57,210852817
2013-06-03,11483.82,11550.88,11365.75,11430.7,200367175
2013-06-04,11349.65,11358.7,11194.59,11346.12,119704220
2013-06-05,11408.07,11403.25,11232.18,11357.99,194338663
2013-06-06,11452.3,11417.68,11194.29,11370.73,188421909
2013-06-07,11293.54,11400.81,11213.9,11304.46,119166047
2013-06-10,11144.64,11184.86,11107.98,11115.96,132386343
2013-06-11,11138.12,11214.18,11130.63,11166.6,218397501
2013-06-12,11117.21,11332.62,11118.05,11163.33,140042637
2013-06-13,11230.48,11252.78,11227.05,11239.26,121532279
2013-06-14,11108.4,11187.15,11164.94,11169.28,287210497
2013-06-17,11305.24,11353.88,11233.85,11347.8,110643746
2013-06-18,11255.05,11302.29,11051.64,11228.48,96358722
2013-06-19,11455.19,11627.86,11460.46,11478.77,165187580
2013-06-20,11266.07,11281.57,11158.14,11234.14,110434686
2013-06-21,11314.76,11403.15,11251.89,11301.23,218296526
2013-06-24,11458.76,11415.55,11357.88,11374.54,294920170
2013-06-25,11290.09,11446.88,11173.62,11266.46,61617377
2013-06-26,11382.77,11391.31,11225.38,11332.26,175668501
2013-06-27,11540.43,11611.14,11328.6,11521.91,214111121
2013-06-28,11223.86,11265.27,11182.76,11209.9,98089901
2013-07-01,11339.08,11347.3,11211.27,11286.5,149385169
2013-07-02,10971.96,11020.4,10871.2,10942.69,71979582
2013-07-03,10824.6,10936.51,10713.55,10815.51,257556730
2013-07-04,11054.14,11114.08,10948.21,11045.06,155059937
2013-07-05,10993.23,10988.52,10899.14,10969.62,298646307
2013-07-08,10784.68,10825.93,10670.59,10813.72,203888301
2013-07-09,10761.11,10923.59,10770.1,10791.93,199602662
2013-07-10,11145.25,11093.92,10865.59,11082.06,150649198
2013-07-11,10915.21,10908.99,10729.52,10834.41,286127973
2013-07-12,10657.2,10756.36,10670.72,10696.94,296842148
2013-07-15,10876.67,11130.32,10744.5,10905.86,107882355
2013-07-16,11220.48,11214.1,11141.14,11169.43,195430033
2013-07-17,11184.02,11337.97,11113.69,11160.2,297286442
2013-07-18,11022.31,11024.34,10957.04,10992.57,70354919
2013-07-19,11332.57,11303.14,11129.61,11292.07,150627100
2013-07-22,11515.59,11534.75,11448.05,11526.69,269166923
2013-07-23,11646.6,11699.25,11626.9,11631.25,255823633
2013-07-24,11529.91,11540.89,11453.83,11518.29,65380446
2013-07-25,11477.11,11631.14,11374.57,11516.66,76050702
2013-07-26,11513.38,11585.81,11417.43,11498.89,172284218
2013-07-29,11609.62,11612.11,11509.61,11552.42,112746087
2013-07-30,11755.42,11866.8,11744.44,11771.16,237820153
2013-07-31,11915.24,11959.24,11867.31,11907.97,286776797
2013-08-01,11762.74,11881.79,11688.57,11753.02,164009187
2013-08-02,11950.7,12133.24,11868.06,11964.32,185430427
2013-08-05,12049.87,12091.77,12013.72,12017.34,177916980
2013-08-06,12094.6,12149.29,12014.92,12127.59,163721727
2013-08-07,12425.51,12392.32,12200.63,12359.63,236566186
2013-08-08,12224.09,12248.7,12115.96,12193.55,98590624
2013-08-09,12148.16,12207.84,12191.01,12193.85,162151425
2013-08-12,12200.56,12174.03,12092.09,12118.25,141664570
2013-08-13,11894.88,11978.23,11885.78,11886.88,187837575
2013-08-14,11910.06,12020.24,11846.57,11944.61,102101743
2013-08-15,12388.98,12351.43,12332.05,12334.48,153318048
2013-08-16,12081.42,12071.71,11928.8,12057.56,168758818
2013-08-19,11972.93,12285.01,12046.43,12058.4,286798865
2013-08-20,12136.32,12254.32,12002.71,12161.9,277403865
2013-08-21,12200.18,12276.44,12106.35,12186.57,271596143
2013-08-22,12069.84,12184.75,12085.1,12175.01,78241556
2013-08-23,11987.13,12015.18,11976.11,11983.05,288482367
2013-08-26,12031.57,12036.99,11943.71,12023.97,200319003
2013-08-27,11859.14,12032.75,11909.59,11915.55,85014355
2013-08-28,11609.36,11635.02,11500.22,11596.81,148814067
2013-08-29,11778.62,11948.97,11716.74,11778.27,223030060
2013-08-30,11870.19,11982.28,11690.0,11927.03,285349011
2013-09-02,11984.4,12178.44,11826.57,11940.48,146567162
2013-09-03,12020.85,12097.31,11961.14,11980.69,186636547
2013-09-04,12135.66,12255.65,12083.92,12149.74,192419235
2013-09-05,12180.25,12224.97,12170.19,12189.93,293857397
2013-09-06,12371.27,12406.22,12224.17,12335.44,90201452
2013-09-09,12285.28,12379.68,12166.71,12295.14,59115212
2013-09-10,12409.43,12553.07,12405.07,12506.02,126112094
2013-09-11,12587.11,12713.25,12538.42,12562.65,95814195
2013-09-12,12558.41,12626.78,12571.78,12599.39,201189117
2013-09-13,12385.95,12590.86,12282.14,12405.3,198798502
2013-09-16,12528.8,12462.47,12371.82,12456.16,272933318
2013-09-17,12325.54,12339.9,12187.81,12332.15,233792848
2013-09-18,12239.29,12356.54,12215.35,12239.2,263469289
2013-09-19,12144.6,12121.28,12103.63,12119.89,296123147
2013-09-20,11988.05,12004.21,11857.34,11963.86,159268216
2013-09-23,12249.1,12397.09,12192.9,12294.31,284816054
2013-09-24,12505.2,12520.31,12376.27,12508.22,261798010
2013-09-25,12822.49,12897.57,12705.98,12820.64,137777909
2013-09-26,12644.38,12747.35,12551.41,12630.64,95580125
2013-09-27,12662.64,12667.6,12535.28,12648.01,250182447
2013-09-30,12578.33,12449.77,12390.56,12449.48,154584545
2013-10-01,12288.65,12364.29,12196.44,12346.72,176960340
2013-10-02,12258.41,12315.12,12158.51,12210.54,225599880
2013-10-03,12467.37,12461.02,12354.31,12408.64,269799179
2013-10-04,12377.08,12353.08,12175.86,12352.73,209829968
2013-10-07,12493.5,12545.59,12496.41,12526.09,152561231
2013-10-08,12711.88,12756.34,12611.61,12627.8,154323908
2013-10-09,12891.83,13028.48,12967.44,13005.86,50052050
2013-10-10,12736.86,12859.12,12609.22,12771.77,181106232
2013-10-11,13043.03,12983.16,12944.95,12982.18,80893339
2013-10-14,13157.82,13288.68,13134.27,13177.33,252717968
2013-10-15,13106.08,13064.33,12940.19,13022.92,298314389
2013-10-16,13115.7,13196.91,13187.74,13195.5,53450786
2013-10-17,13198.83,13259.22,13154.12,13257.81,50326000
2013-10-18,13198.04,13327.15,13117.3,13226.17,70034234
2013-10-21,13117.68,13148.92,12906.36,13095.81,279160654
2013-10-22,12972.35,12988.06,12969.39,12983.88,115191570
2013-10-23,13303.76,13383.44,13264.85,13329.91,298550894
2013-10-24,13412.15,13454.42,13299.87,13336.37,66800689
2013-10-25,13556.43,13609.63,13397.53,13474.85,288190745
2013-10-28,13325.48,13392.72,13277.1,13347.61,166103483
2013-10-29,13132.96,13332.12,13129.67,13223.4,252798379
2013-10-30,13295.54,13445.13,13408.88,13411.28,113417783
2013-10-31,13204.08,13196.5,13122.66,13191.45,148979810
2013-11-01,13163.32,13155.24,13080.26,13128.88,114455466
2013-11-04,13144.07,13159.62,13069.8,13140.76,281129238
2013-11-05,13161.75,13325.22,13039.36,13165.48,199364681
2013-11-06,13099.77,13178.78,13132.95,13142.06,298718390
2013-11-07,13248.68,13384.94,13135.51,13214.06,197915530
2013-11-08,13425.78,13406.6,13173.12,13336.26,158442934
2013-11-11,13347.26,13500.97,13346.28,13466.68,239419673
2013-11-12,13302.67,13364.45,13187.55,13306.79,272089088
2013-11-13,13214.06,13274.79,13245.11,13265.55,58691187
2013-11-14,13392.83,13536.01,13387.58,13473.16,124528739
2013-11-15,13570.75,13685.45,13609.08,13632.37,294945396
2013-11-18,13425.35,13426.15,13275.3,13404.99,258149693
2013-11-19,13492.71,13554.26,13438.27,13470.89,122944121
2013-11-20,13222.35,13256.08,13118.6,13145.56,289104148
2013-11-21,13160.07,13195.43,13098.15,13159.6,149373063
2013-11-22,13389.62,13508.81,13470.65,13484.46,102508307
2013-11-25,13318.02,13379.32,13249.52,13330.72,298796844
2013-11-26,13124.43,13281.36,13128.3,13197.62,62923472
2013-11-27,13267.26,13429.27,13191.55,13331.61,162753230
2013-11-28,13111.59,13205.37,12928.55,13081.21,116458068
2013-11-29,12993.61,13086.24,12959.49,12983.52,70683072
2013-12-02,13118.45,13139.08,13061.98,13087.69,121260731
2013-12-03,12971.13,13044.98,12931.66,12989.7,261644866
2013-12-04,12998.28,13230.18,12896.08,12957.31,293551838
2013-12-05,13063.96,13130.6,12938.1,13085.6,286009271
2013-12-06,13220.33,13338.18,13074.77,13161.54,234955007
2013-12-09,13230.37,13346.03,13180.11,13212.15,96993017
2013-12-10,13151.19,13266.3,13095.2,13162.09,187858334
2013-12-11,13241.12,13302.57,13150.55,13229.9,71766996
2013-12-12,13214.64,13304.99,13180.26,13215.58,165511382
2013-12-13,13383.26,13326.86,13160.19,13298.36,232079357
2013-12-16,13234.63,13296.62,13039.48,13221.65,235504848
2013-12-17,13197.47,13284.07,13040.65,13197.56,62554773
2013-12-18,13027.75,13161.04,12993.06,13040.19,288442685
2013-12-19,13084.63,13168.32,13017.34,13040.64,285991863
2013-12-20,12950.8,13012.3,12893.86,12914.23,171691733
2013-12-23,12726.34,12793.71,12663.03,12740.3,83986019
2013-12-24,12728.86,12797.46,12608.14,12787.97,204341754
2013-12-25,12782.12,12879.41,12769.86,12828.4,91427399
2013-12-26,12952.18,13060.56,12845.84,12961.73,186722286
2013-12-27,12967.25,12935.11,12737.97,12897.66,115641479
2013-12-30,12957.33,13092.09,12784.87,12970.31,133865917
2013-12-31,13035.79,13170.75,12961.42,13066.85,263334349
2014-01-01,13053.94,13267.79,13120.57,13146.53,128217445
2014-01-02,13095.49,13214.61,12854.19,13016.69,128404247
2014-01-03,13077.11,13088.47,12931.33,13047.41,114467451
2014-01-06,13155.41,13229.73,13023.76,13113.65,272032661
2014-01-07,13171.56,13146.89,13060.75,13121.09,244901518
2014-01-08,12778.33,12923.59,12655.85,12786.75,241223258
2014-01-09,12823.07,12881.51,12670.11,12818.74,287409179
2014-01-10,13265.89,13247.43,13175.43,13187.37,76397982
2014-01-13,13143.37,13141.47,13086.58,13133.94,179579976
2014-01-14,13050.81,13045.45,12784.84,13020.21,116274039
2014-01-15,13133.4,13188.57,13012.32,13087.83,93362046
2014-01-16,13179.5,13249.36,13118.74,13145.7,54518333
2014-01-17,13344.24,13433.73,13205.45,13351.08,131429846
2014-01-20,13145.65,13253.46,13115.67,13147.43,189616580
2014-01-21,13316.75,13284.48,13221.76,13275.46,298497004
2014-01-22,13422.48,13497.4,13372.36,13380.95,277344550
2014-01-23,13425.81,13436.52,13252.33,13363.36,263077584
2014-01-24,13456.5,13502.71,13212.91,13426.9,56282535
2014-01-27,13641.14,13637.03,13577.3,13608.66,62116548
2014-01-28,13741.03,13929.4,13613.29,13765.6,195431734
2014-01-29,13543.69,13584.72,13519.66,13575.25,265708486
2014-01-30,13765.63,13859.71,13553.05,13722.78,144541375
2014-01-31,13686.63,13733.0,13562.87,13718.13,197973895
2014-02-03,13736.14,13906.66,13730.07,13737.27,90073030
2014-02-04,13832.38,13903.31,13693.93,13756.5,92460245
2014-02-05,13804.09,13822.49,13705.44,13737.02,120299179
2014-02-06,13968.31,13959.81,13654.07,13951.47,195025829
2014-02-07,13926.88,13945.91,13734.31,13943.4,183095284
2014-02-10,13747.87,13838.71,13740.86,13754.66,282678548
2014-02-11,13740.67,13736.06,13626.53,13693.15,126612511
2014-02-12,13728.55,13937.33,13717.69,13730.55,233746358
2014-02-13,13920.33,14006.4,13924.27,13951.49,67642427
2014-02-14,14132.99,14191.86,13924.7,14064.59,115708637
2014-02-17,13931.43,14028.47,13912.4,13921.31,238428098
2014-02-18,14337.75,14370.96,14218.9,14370.93,141344900
2014-02-19,14453.46,14436.8,14218.16,14425.82,189251710
2014-02-20,14723.45,14832.16,14569.49,14666.48,81635538
2014-02-21,14586.41,14664.83,14484.37,14645.44,210815943
2014-02-24,14739.38,14865.22,14685.06,14751.21,75034110
2014-02-25,14900.43,15049.79,14713.0,14915.15,238922404
2014-02-26,15180.46,15307.3,15069.36,15153.05,169059934
2014-02-27,15402.41,15555.33,15309.36,15363.57,224578714
2014-02-28,15506.45,15803.97,15502.59,15540.73,58419852
2014-03-03,15394.06,15537.48,15448.5,15486.53,178082921
2014-03-04,15446.19,15400.62,15306.73,15382.7,213532677
2014-03-05,15385.42,15688.58,15368.28,15454.65,76992192
2014-03-06,15661.83,15652.64,15538.63,15644.86,187822621
2014-03-07,15600.22,15636.99,15600.41,15608.46,188441418
2014-03-10,15837.15,15837.78,15654.67,15826.87,211413299
2014-03-11,16233.38,16199.51,16074.85,16126.86,154879912
2014-03-12,16143.18,16070.13,15895.5,15949.35,85080158
2014-03-13,15686.41,15932.38,15762.2,15789.58,227055183
2014-03-14,15831.24,15773.07,15533.63,15769.18,100586382
2014-03-17,15828.06,16033.17,15639.8,15837.96,194964484
2014-03-18,15807.1,15807.42,15461.9,15741.12,223548046
2014-03-19,16080.55,16074.94,15925.56,16019.21,87814272
2014-03-20,16203.56,16217.83,16021.13,16112.7,74486158
2014-03-21,16146.77,16337.8,15992.16,16128.39,244742755
2014-03-24,15790.39,16000.62,15722.42,15846.78,236907579
2014-03-25,15651.53,15730.58,15475.03,15593.67,166540463
2014-03-26,15663.82,15803.21,15598.49,15656.43,78041909
2014-03-27,15234.36,15470.53,15202.63,15248.63,272869478
2014-03-28,15422.34,15682.75,15355.18,15451.77,178203958
2014-03-31,15490.46,15600.39,15375.88,15428.36,71875527
2014-04-01,16182.59,16103.14,16030.71,16079.46,200067572
2014-04-02,16482.56,16570.9,16454.46,16561.75,89713306
2014-04-03,16572.93,16903.52,16353.94,16531.8,230760058
2014-04-04,16492.93,16552.86,16234.4,16517.53,115920737
2014-04-07,16635.77,16794.02,16675.98,16733.99,271756061
2014-04-08,17115.2,17153.57,16977.71,17105.09,122452043
2014-04-09,16707.82,16884.86,16729.41,16763.69,259587705
2014-04-10,16294.93,16449.25,16285.95,16398.42,246459067
2014-04-11,16227.26,16370.94,16015.59,16278.16,253544641
2014-04-14,16338.47,16496.39,16364.51,16405.92,245724973
2014-04-15,16474.08,16703.18,16430.41,16516.81,174766259
2014-04-16,16660.07,16922.78,16567.9,16748.9,290818149
2014-04-17,16479.42,16698.57,16391.67,16505.5,71029333
2014-04-18,15992.7,16168.0,16024.15,16038.46,293147088
2014-04-21,16244.87,16417.03,15821.95,16220.5,71962530
2014-04-22,16097.9,16094.98,15780.04,16059.77,293942131
2014-04-23,15680.27,15697.29,15492.4,15663.97,169241848
2014-04-24,15685.31,15712.99,15650.59,15700.1,194026153
2014-04-25,15848.68,16038.4,15660.08,15865.33,298063671
2014-04-28,15795.43,15904.08,15781.68,15848.5,171642028
2014-04-29,15713.58,15841.98,15729.85,15764.85,290420915
2014-04-30,15785.02,15745.45,15610.07,15740.72,61861142
2014-05-01,15564.53,15693.92,15458.93,15674.86,111440412
2014-05-02,15413.25,15701.92,15242.85,15418.23,240017052
2014-05-05,15267.52,15463.58,15169.24,15287.3,193440440
2014-05-06,15432.26,15554.14,15256.17,15395.36,182103665
2014-05-07,15377.09,15546.46,15416.83,15465.25,168046482
2014-05-08,15506.18,15564.89,15424.21,15505.41,111402320
2014-05-09,15340.53,15519.2,15293.54,15319.51,254984327
2014-05-12,15175.29,15517.89,15204.96,15291.8,87096369
2014-05-13,14821.19,14947.29,14880.74,14885.16,254483974
2014-05-14,14920.29,15070.07,14838.65,14925.77,286978422
2014-05-15,15235.4,15254.26,15079.1,15204.14,108514826
2014-05-16,14942.37,15064.43,14874.24,14931.47,110075714
2014-05-19,14861.96,14880.09,14754.13,14828.71,230001601
2014-05-20,14833.1,14919.64,14875.06,14897.42,215600594
2014-05-21,15045.41,15199.71,14975.97,15141.64,120214043
2014-05-22,15068.64,15110.38,15032.16,15063.55,269470775
2014-05-23,14866.39,14971.96,14903.67,14939.85,250504859
2014-05-26,14530.29,14707.74,14503.71,14580.75,116702631
2014-05-27,14661.19,14934.07,14591.25,14606.72,236937578
2014-05-28,15005.88,15052.97,14984.36,14994.53,50133761
2014-05-29,15019.98,15321.26,14750.64,15054.19,245723851
2014-05-30,15015.09,15158.57,15055.12,15057.13,232257084
2014-06-02,15163.12,15278.9,14904.46,15125.56,100397416
2014-06-03,15143.48,15230.65,14982.86,15130.65,267225957
2014-06-04,14910.79,15022.14,14823.52,14983.59,79482827
2014-06-05,15029.01,15195.34,15020.69,15147.02,79489009
2014-06-06,15311.8,15242.39,15130.67,15197.4,215820312
2014-06-09,15133.65,15242.0,15148.83,15208.02,100431838
2014-06-10,15061.16,15074.03,14949.56,15029.43,211439632
2014-06-11,15377.94,15295.5,15258.37,15285.57,52253743
2014-06-12,15430.56,15524.51,15186.92,15421.46,159929355
2014-06-13,15284.9,15362.89,15311.49,15321.7,169474876
2014-06-16,15435.15,15585.81,15484.18,15523.7,135371357
2014-06-17,15345.14,15495.72,15393.47,15434.04,289336961
2014-06-18,15313.04,15398.19,15282.55,15290.0,72018383
2014-06-19,15239.51,15186.49,15128.5,15151.57,171439808
2014-06-20,14800.84,14866.84,14733.61,14824.29,132290739
2014-06-23,14886.56,15061.61,14731.75,14919.72,103461537
2014-06-24,14627.1,14664.01,14557.89,14586.4,149871020
2014-06-25,14329.8,14467.6,14195.84,14369.23,101056367
2014-06-26,14020.39,14137.88,13846.29,14005.01,138844928
2014-06-27,13998.84,14016.98,13901.22,13996.5,232570226
2014-06-30,13953.78,14183.94,13916.65,13976.67,210199011
2014-07-01,13925.02,13977.38,13741.55,13925.89,230157235
2014-07-02,13847.69,13762.72,13539.74,13750.71,191726530
2014-07-03,13588.36,13678.62,13541.58,13555.58,257885921
2014-07-04,13701.22,13714.94,13535.81,13641.61,97446603
2014-07-07,13503.96,13575.81,13524.46,13553.77,84135863
2014-07-08,13674.06,13736.6,13277.1,13614.38,197297721
2014-07-09,13504.22,13618.84,13300.68,13469.79,193962988
2014-07-10,13425.97,13580.48,13456.14,13506.99,102837082
2014-07-11,13766.8,13757.12,13581.89,13737.14,262453169
2014-07-14,13817.13,13878.17,13831.73,13845.55,110180068
2014-07-15,13695.15,13821.55,13647.77,13780.36,196486390
2014-07-16,13838.85,13860.73,13819.64,13831.67,84577816
2014-07-17,13826.11,13937.79,13581.13,13796.36,171751179
2014-07-18,13812.68,14012.99,13736.1,13804.31,136504818
2014-07-21,13748.34,13800.68,13619.84,13754.34,97117024
2014-07-22,13714.27,13781.64,13690.25,13732.43,82835326
2014-07-23,13911.65,13826.12,13760.84,13775.73,126745800
2014-07-24,13546.5,13758.18,13593.09,13610.88,281583168
2014-07-25,13491.13,13573.06,13424.73,13444.19,295537591
2014-07-28,13218.15,13247.53,13213.3,13217.33,80402353
2014-07-29,12915.4,13094.46,12880.05,12959.69,244999766
2014-07-30,12766.06,12841.47,12642.58,12768.53,231059739
2014-07-31,12728.98,12895.63,12716.94,12800.3,186731394
2014-08-01,12633.0,12846.58,12631.82,12663.16,175002303
2014-08-04,12749.05,12875.38,12659.46,12751.44,289199541
2014-08-05,12683.91,12773.89,12617.93,12763.09,61521059
2014-08-06,12481.61,12489.44,12260.0,12456.38,66617719
2014-08-07,12517.14,12719.24,12542.83,12565.58,194221611
2014-08-08,12626.89,12732.19,12650.21,12700.64,93701291
2014-08-11,12494.34,12660.53,12476.06,12548.58,244924996
2014-08-12,12731.04,12701.27,12562.77,12621.19,223970550
2014-08-13,12392.84,12610.67,12415.71,12491.68,258592220
2014-08-14,12534.84,12559.1,12426.23,12513.01,217221940
2014-08-15,12284.07,12323.87,12252.76,12321.11,110371852
2014-08-18,12034.75,12078.0,11937.81,12051.62,200340523
2014-08-19,12028.34,12057.0,11973.86,11999.35,277945859
2014-08-20,12012.97,12088.9,11899.55,11986.37,199693509
2014-08-21,11899.65,11952.02,11793.23,11932.14,100142130
2014-08-22,11697.19,11835.18,11679.19,11761.07,225296357
2014-08-25,11736.67,11728.73,11658.85,11707.53,101145157
2014-08-26,11778.89,11937.54,11735.2,11752.92,183107978
2014-08-27,11738.47,11783.38,11610.09,11751.87,81111898
2014-08-28,11805.36,11818.74,11714.58,11784.53,122795573
2014-08-29,11670.17,11833.88,11620.31,11691.02,148101613
2014-09-01,11831.27,11891.38,11624.84,11870.54,98803517
2014-09-02,11701.69,11723.5,11516.51,11701.5,218713983
2014-09-03,11803.67,11815.74,11760.26,11779.21,216749370
2014-09-04,11976.41,12120.98,11922.16,11961.62,103103842
2014-09-05,12064.56,12121.97,11980.7,12040.04,146190524
2014-09-08,11978.53,12154.89,11933.42,12015.08,224262439
2014-09-09,12016.62,12078.05,11858.26,11941.06,116852995
2014-09-10,12087.14,12189.57,12088.82,12103.72,136700186
2014-09-11,11888.66,11958.34,11844.64,11894.32,205259601
2014-09-12,11693.42,11866.26,11640.74,11755.42,217137286
2014-09-15,11693.19,11833.73,11638.94,11702.26,186720906
2014-09-16,11917.14,11915.16,11858.35,11891.83,249595719
2014-09-17,11991.01,12045.37,11864.11,11954.55,105886074
2014-09-18,11889.08,11977.38,11718.09,11815.26,54441663
2014-09-19,11799.27,11838.6,11768.29,11774.77,161295155
2014-09-22,11702.5,11690.27,11519.11,11689.55,76900095
2014-09-23,11570.31,11670.0,11490.12,11591.0,159390916
2014-09-24,11709.35,11826.35,11704.53,11740.42,92366840
2014-09-25,11589.57,11550.84,11453.26,11544.76,68916613
2014-09-26,11831.6,11843.41,11735.41,11786.76,97725285
2014-09-29,11864.73,11990.39,11869.06,11916.07,165975931
2014-09-30,12121.68,12092.54,12030.72,12086.72,269533249
2014-10-01,12053.43,12106.1,11943.02,12022.15,101955166
2014-10-02,11951.69,12093.55,11984.47,12005.18,299554150
2014-10-03,11821.48,11935.37,11754.86,11795.98,255320415
2014-10-06,11674.62,11771.7,11607.45,11723.84,235866696
2014-10-07,11687.92,11906.72,11772.41,11802.6,234226510
2014-10-08,11994.94,12019.7,11854.86,12002.62,91937748
2014-10-09,11854.21,11892.19,11755.67,11842.0,191733229
2014-10-10,11787.78,11869.14,11743.82,11793.21,66007195
2014-10-13,11911.41,11854.78,11654.53,11776.36,274616154
2014-10-14,11594.13,11585.42,11552.15,11576.59,151491588
2014-10-15,11675.58,11685.48,11631.87,11668.71,87027940
2014-10-16,11588.15,11640.37,11542.51,11568.27,196204729
2014-10-17,11524.94,11691.0,11442.59,11545.32,269692055
2014-10-20,11527.94,11563.36,11443.43,11485.24,127025694
2014-10-21,11393.43,11526.11,11211.14,11377.0,80989538
2014-10-22,11395.76,11405.05,11282.48,11381.41,201162024
2014-10-23,11327.59,11466.0,11308.42,11355.94,268021352
2014-10-24,11237.49,11353.97,11215.42,11308.25,60366197
2014-10-27,11187.79,11256.08,11194.16,11210.28,194834259
2014-10-28,11273.59,11339.39,11254.4,11260.86,56945130
2014-10-29,11482.94,11601.73,11439.29,11503.4,185726544
2014-10-30,11542.63,11537.35,11470.4,11529.18,171144749
2014-10-31,11669.49,11744.32,11664.5,11680.34,177584009
2014-11-03,11502.78,11581.94,11471.95,11483.01,200663588
2014-11-04,11466.36,11638.23,11444.99,11511.33,267522068
2014-11-05,11367.45,11553.94,11280.67,11358.69,152395924
2014-11-06,11126.0,11201.11,11003.29,11154.59,101999355
2014-11-07,10988.4,11240.79,10875.36,11056.43,127697487
2014-11-10,11221.64,11279.21,11098.32,11229.06,77727968
2014-11-11,11439.55,11425.42,11365.57,11369.68,177475337
2014-11-12,11343.41,11448.45,11318.46,11409.98,218134123
2014-11-13,11202.44,11311.05,11164.5,11197.09,187998161
2014-11-14,11210.41,11227.34,11143.82,11174.76,183512544
2014-11-17,11325.91,11286.08,11172.89,11222.66,161427164
2014-11-18,11230.67,11255.77,11180.03,11252.86,76111070
2014-11-19,10971.9,11078.37,10970.77,10999.71,120443031
2014-11-20,10831.41,10898.09,10792.11,10882.2,291891707
2014-11-21,10928.22,10926.86,10784.21,10878.59,132502027
2014-11-24,10919.54,11060.54,10957.1,10957.56,295138835
2014-11-25,10647.81,10844.13,10592.3,10663.61,245499973
2014-11-26,10568.18,10768.83,10562.17,10646.92,205418247
2014-11-27,10708.94,10835.4,10631.87,10671.21,179201997
2014-11-28,10841.18,10812.35,10757.23,10791.19,246521092
2014-12-01,10927.83,11023.28,10812.85,10890.98,95594677
2014-12-02,10905.96,10980.5,10917.66,10976.44,124186019
2014-12-03,10897.95,10936.68,10719.22,10871.55,148475119
2014-12-04,10547.34,10745.3,10611.19,10618.38,259711525
2014-12-05,10573.42,10587.99,10440.76,10570.96,79855874
2014-12-08,10719.09,10726.86,10607.94,10710.31,52859427
2014-12-09,10918.72,11077.78,10901.38,10905.19,139459989
2014-12-10,11032.03,11010.8,10996.17,11008.49,297905031
2014-12-11,11073.11,11079.78,10898.98,11073.47,179210300
2014-12-12,11044.48,11188.76,11039.38,11131.86,245047293
2014-12-15,11083.08,11122.09,11055.91,11059.4,194039501
2014-12-16,11050.87,11085.0,10952.93,11046.56,82568070
2014-12-17,11245.93,11420.13,11242.19,11286.68,117343427
2014-12-18,11088.7,11363.3,11008.42,11158.75,229582525
2014-12-19,11463.7,11494.56,11289.94,11393.52,291280402
2014-12-22,11408.71,11495.41,11299.48,11352.79,267455466
2014-12-23,11582.07,11580.57,11513.16,11549.46,63324462
2014-12-24,11321.25,11399.02,11349.77,11351.96,118236567
2014-12-25,11326.32,11490.78,11393.97,11441.52,228201039
2014-12-26,11375.89,11430.52,11235.96,11341.2,62321157
2014-12-29,11162.43,11434.32,10998.39,11146.08,129862507
2014-12-30,11165.38,11317.06,11009.94,11182.13,156446983
2014-12-31,11381.63,11421.32,11326.38,11330.65,242973208
2015-01-01,11254.06,11253.02,10998.59,11216.01,183122271
2015-01-02,11019.18,11139.58,10976.27,11011.42,228543561
2015-01-05,11005.47,11089.49,10968.67,11003.93,74011370
2015-01-06,10999.29,11009.66,10871.07,10997.05,50927272
2015-01-07,11108.68,11151.79,11037.87,11078.55,150036281
2015-01-08,11178.76,11252.43,11093.25,11217.23,80529488
2015-01-09,11233.28,11364.73,11069.58,11214.18,76205371
2015-01-12,11442.59,11491.59,11295.54,11484.89,254352365
2015-01-13,11584.47,11539.62,11474.1,11522.86,262374914
2015-01-14,11502.58,11564.59,11461.09,11478.15,61984904
2015-01-15,11221.82,11423.36,11152.63,11252.8,260838707
2015-01-16,11224.59,11235.33,11135.84,11220.97,225384249
2015-01-19,11140.66,11207.94,11108.94,11178.84,124636731
2015-01-20,11388.4,11419.88,11275.81,11320.3,64557777
2015-01-21,11465.82,11596.79,11364.58,11391.87,208805680
2015-01-22,11260.47,11330.27,11133.61,11229.2,126765060
2015-01-23,11329.06,11311.27,11242.87,11258.96,105870909
2015-01-26,11366.92,11360.34,11232.59,11360.03,266086643
2015-01-27,11621.74,11599.8,11546.66,11586.36,228439839
2015-01-28,11779.64,11733.63,11709.98,11722.22,105081204
2015-01-29,11840.49,11879.42,11820.41,11840.76,140539290
2015-01-30,11858.74,11941.04,11818.47,11855.37,254739796
2015-02-02,11963.7,12008.26,11728.85,11919.19,198399767
2015-02-03,12145.4,12156.08,12035.37,12114.08,104236837
2015-02-04,11882.02,11948.53,11897.93,11918.04,204450370
2015-02-05,11767.49,12023.37,11860.41,11871.33,127221775
2015-02-06,11753.69,11908.4,11667.02,11761.94,66395918
2015-02-09,11724.72,11912.14,11719.54,11823.89,213423256
2015-02-10,11966.68,12304.43,12011.23,12014.3,158218055
2015-02-11,11888.24,12080.65,11902.22,11929.96,195543400
2015-02-12,11555.22,11655.2,11551.12,11581.56,60679811
2015-02-13,11564.88,11712.08,11317.53,11527.05,254623135
2015-02-16,11714.46,11781.53,11517.74,11666.04,212996908
2015-02-17,11774.83,11899.29,11694.04,11750.92,299632951
2015-02-18,11850.01,11903.2,11767.0,11820.11,147827066
2015-02-19,11815.02,11911.24,11671.04,11784.1,161307042
2015-02-20,11485.38,11786.32,11531.68,11601.25,279073844
2015-02-23,11682.85,11702.61,11682.17,11682.37,296455069
2015-02-24,11482.62,11711.2,11545.86,11565.73,207773158
2015-02-25,11918.29,11923.32,11774.54,11894.06,200940271
2015-02-26,11885.22,12022.96,11981.3,11985.57,258109872
2015-02-27,11895.28,11911.01,11653.73,11903.88,138148317
2015-03-02,11844.06,11936.02,11802.76,11818.16,96655440
2015-03-03,11757.15,11964.06,11803.98,11809.95,229984307
2015-03-04,11825.3,11849.83,11757.18,11779.98,232421982
2015-03-05,11976.82,12029.83,11803.04,11952.6,197305936
2015-03-06,12004.67,12137.95,11964.85,11986.41,159157367
2015-03-09,11915.26,11969.21,11783.09,11882.08,127213825
2015-03-10,12156.79,12277.26,12095.15,12174.28,104296762
2015-03-11,12195.05,12195.52,12117.65,12187.64,274820719
2015-03-12,12312.63,12483.73,12113.75,12312.14,161478300
2015-03-13,12223.35,12268.48,12218.95,12223.97,265653021
2015-03-16,12252.84,12311.3,12205.56,12285.87,176715765
2015-03-17,12278.66,12389.06,12321.37,12339.99,85088618
2015-03-18,12039.18,12060.69,11964.86,12055.42,120885653
2015-03-19,12351.92,12415.0,12309.86,12371.32,220884197
2015-03-20,12543.04,12665.96,12304.04,12580.11,106247754
2015-03-23,12565.96,12551.14,12451.61,12523.28,93012882
2015-03-24,12298.51,12544.64,12331.52,12356.45,236866498
2015-03-25,12408.07,12464.55,12262.73,12416.59,293119335
2015-03-26,12494.1,12440.43,12288.22,12436.08,169711573
2015-03-27,12543.33,12620.14,12302.9,12497.88,138848657
2015-03-30,12595.03,12590.98,12533.71,12534.05,166011372
2015-03-31,12590.43,12672.0,12470.37,12620.25,277292637
2015-04-01,12898.95,12888.45,12561.25,12858.61,276082752
2015-04-02,12902.05,12961.69,12884.19,12957.14,190915155
2015-04-03,12778.89,12888.24,12755.36,12793.01,151754480
2015-04-06,13011.25,13089.56,12915.59,13020.72,134051844
2015-04-07,13268.35,13360.18,13062.93,13298.99,283338827
2015-04-08,13824.3,13845.65,13763.62,13844.34,283638538
2015-04-09,13629.3,13726.19,13563.6,13656.26,98738007
2015-04-10,13650.78,13760.33,13682.36,13704.63,158051257
2015-04-13,13401.92,13432.37,13323.02,13356.17,292607377
2015-04-14,13446.16,13480.34,13397.44,13455.98,196203975
2015-04-15,13380.5,13380.44,13273.5,13369.73,221682652
2015-04-16,13713.18,13727.76,13636.86,13704.2,147740983
2015-04-17,13580.54,13627.51,13398.03,13577.57,291253269
2015-04-20,13302.94,13334.07,13187.39,13298.0,81536951
2015-04-21,13209.42,13235.73,13189.43,13225.57,181819500
2015-04-22,12979.84,12927.48,12858.46,12906.61,85448001
2015-04-23,13075.2,13035.97,12887.21,13035.53,73002902
2015-04-24,12707.74,12880.16,12684.45,12706.8,189804943
2015-04-27,12694.67,12818.21,12705.92,12717.41,294434219
2015-04-28,12388.83,12401.09,12375.49,12394.72,83922631
2015-04-29,12371.31,12506.17,12344.44,12350.68,182090051
2015-04-30,12690.76,12652.62,12489.31,12615.07,160639885
2015-05-01,12608.92,12791.67,12647.03,12678.56,103562248
2015-05-04,12580.46,12575.28,12492.7,12547.35,60502474
2015-05-05,12604.94,12585.74,12443.2,12548.39,214009711
2015-05-06,12482.54,12585.43,12433.6,12557.22,296336997
2015-05-07,12629.07,12694.12,12502.92,12638.23,75569899
2015-05-08,12375.45,12487.56,12275.97,12428.37,172890738
2015-05-11,12549.04,12671.37,12490.91,12527.47,151920143
2015-05-12,12096.22,12141.16,12086.13,12113.59,221679116
2015-05-13,12017.3,12077.53,11926.73,12023.56,52033443
2015-05-14,11935.86,11979.5,11901.28,11955.51,176232363
2015-05-15,12091.76,12215.73,11964.99,12057.03,291663075
2015-05-18,12077.27,12088.91,12029.84,12066.21,223271120
2015-05-19,11871.02,11925.46,11720.12,11860.07,122965901
2015-05-20,11726.9,11783.6,11625.83,11719.37,75539420
2015-05-21,11781.26,11805.98,11701.02,11754.34,104655993
2015-05-22,11735.92,11804.11,11659.37,11748.23,151194768
2015-05-25,11747.76,11787.83,11518.08,11668.38,243879744
2015-05-26,11546.12,11707.79,11493.03,11603.43,111652179
2015-05-27,11630.38,11788.93,11586.3,11711.23,289120224
2015-05-28,11556.42,11695.72,11629.01,11640.63,188430589
2015-05-29,11536.49,11668.74,11609.26,11633.26,216623029
2015-06-01,11993.59,11981.2,11847.15,11961.38,173047549
2015-06-02,11780.26,11873.77,11660.7,11754.34,108932880
2015-06-03,11544.25,11607.77,11453.83,11488.74,285984639
2015-06-04,11559.19,11634.45,11555.57,11608.25,282195606
2015-06-05,11549.24,11573.02,11359.38,11514.9,158472533
2015-06-08,11476.9,11553.64,11418.67,11474.29,117980416
2015-06-09,11374.91,11430.33,11355.86,11367.33,288958091
2015-06-10,11363.95,11354.15,11305.96,11335.58,174817036
2015-06-11,11536.69,11607.48,11485.1,11571.7,141803085
2015-06-12,11815.83,11770.93,11677.25,11694.8,92849225
2015-06-15,11891.18,11901.0,11781.52,11828.17,284219275
2015-06-16,11599.8,11654.29,11594.26,11624.53,161651896
2015-06-17,11412.6,11583.23,11342.57,11462.61,120259285
2015-06-18,11061.22,11153.18,10931.37,11065.11,246656401
2015-06-19,10966.06,11004.87,10859.64,10958.07,79516390
2015-06-22,11143.53,11109.52,11037.54,11096.23,236248530
2015-06-23,11121.82,11293.57,11123.21,11174.06,55406557
2015-06-24,11160.96,11149.33,11065.78,11148.22,175457550
2015-06-25,11082.2,11179.69,10964.83,11150.4,249405990
2015-06-26,11078.61,11063.74,10988.96,11059.31,245324237
2015-06-29,11088.39,11223.76,11000.22,11093.16,154974152
2015-06-30,11292.86,11221.98,11201.02,11206.05,228732996
2015-07-01,10917.52,11055.29,10883.24,10985.45,136960032
2015-07-02,11092.74,11095.03,10977.54,11032.25,198882095
2015-07-03,11091.82,11221.11,11104.76,11167.94,55463172
2015-07-06,11055.97,11230.45,11051.18,11114.97,185638871
2015-07-07,11143.61,11244.18,11132.21,11218.87,190679431
2015-07-08,11641.03,11693.46,11619.42,11629.38,60522770
2015-07-09,11565.09,11676.32,11557.82,11619.64,57318963
2015-07-10,11619.91,11815.55,11538.72,11682.92,181344395
2015-07-13,11589.69,11760.92,11563.41,11580.3,218843079
2015-07-14,11633.29,11674.29,11602.42,11612.3,244860935
2015-07-15,11687.26,11777.36,11566.83,11685.4,195823798
2015-07-16,11712.1,11845.22,11631.87,11719.7,283928933
2015-07-17,11660.3,11657.63,11462.64,11575.61,96776275
2015-07-20,11618.05,11690.3,11544.36,11611.28,111781113
2015-07-21,11870.93,11901.78,11801.31,11832.79,261774300
2015-07-22,11912.34,11951.41,11788.48,11905.53,232938856
2015-07-23,12003.5,12079.84,12041.99,12056.44,279583009
2015-07-24,12052.67,12109.51,11968.8,12026.22,139425489
2015-07-27,12114.3,12251.24,12004.55,12146.17,271288384
2015-07-28,12190.34,12276.52,12127.83,12194.78,70295626
2015-07-29,12070.02,12136.76,11935.67,12055.29,91530926
2015-07-30,12015.5,12237.01,12009.56,12109.53,235468779
2015-07-31,11887.84,12026.78,11933.63,11964.87,237382562
2015-08-03,11918.7,11883.38,11834.71,11875.5,82606194
2015-08-04,11877.91,11954.63,11798.92,11909.53,72042802
2015-08-05,11930.43,11962.76,11946.02,11959.91,205426153
2015-08-06,11795.51,11837.13,11779.89,11787.67,72748367
2015-08-07,11932.49,11983.06,11885.23,11950.93,99303429
2015-08-10,12063.21,12068.99,11934.63,12043.1,225926152
2015-08-11,11939.89,12086.64,11788.76,11942.33,240870055
2015-08-12,11728.1,11783.27,11636.37,11718.79,126595925
2015-08-13,11670.13,11766.37,11523.36,11702.99,155614767
2015-08-14,11651.98,11677.83,11642.02,11642.96,159096391
2015-08-17,11716.69,11751.59,11506.62,11665.12,286830199
2015-08-18,11591.03,11667.0,11562.91,11617.41,265621471
2015-08-19,11374.16,11469.97,11264.57,11332.67,151344409
2015-08-20,11280.4,11332.25,11278.99,11282.73,74997877
2015-08-21,11277.76,11252.14,11231.01,11244.72,169614801
2015-08-24,11346.09,11494.95,11200.09,11340.25,199170611
2015-08-25,11244.78,11321.4,11043.01,11246.29,120687115
2015-08-26,11508.22,11523.09,11474.1,11492.14,72589605
2015-08-27,11278.5,11272.77,11106.15,11224.01,275954785
2015-08-28,11427.18,11480.05,11384.97,11416.4,86926223
2015-08-31,11411.4,11396.4,11332.78,11389.6,127683644
2015-09-01,11502.12,11550.76,11373.16,11519.1,142587543
2015-09-02,11608.67,11668.74,11505.84,11536.18,113619021
2015-09-03,11738.56,11760.1,11697.09,11708.57,72954384
2015-09-04,11660.75,11731.76,11580.79,11657.12,177701106
2015-09-07,11496.72,11504.01,11316.28,11502.36,208101854
2015-09-08,11761.47,11718.96,11666.29,11715.64,203701635
2015-09-09,11676.1,11753.83,11616.12,11704.48,297163697
2015-09-10,11659.04,11838.95,11632.76,11742.79,112165867
2015-09-11,11936.03,11959.84,11812.95,11932.57,115881313
2015-09-14,11840.14,11937.27,11686.24,11784.04,148287077
2015-09-15,11954.05,12007.84,11702.28,11878.44,221970690
2015-09-16,11791.04,11955.81,11535.98,11796.1,65096071
2015-09-17,11784.14,11806.57,11648.0,11782.09,123238434
2015-09-18,11822.96,11801.78,11752.48,11798.44,161500097
2015-09-21,11570.8,11683.74,11572.06,11583.04,62316852
2015-09-22,11499.11,11546.21,11459.3,11475.41,284201436
2015-09-23,11673.98,11724.95,11501.33,11677.97,238525014
2015-09-24,11862.51,11913.55,11747.88,11814.71,285593888
2015-09-25,11845.17,11830.75,11725.67,11811.01,274960625
2015-09-28,11891.3,11891.48,11689.9,11852.89,115002599
2015-09-29,11804.95,11989.59,11797.9,11814.66,138439993
2015-09-30,12116.67,12136.2,12023.94,12024.04,178750933
2015-10-01,12022.67,12009.3,11853.54,11999.44,127596252
2015-10-02,12052.19,12064.15,12034.94,12040.28,177737644
2015-10-05,12184.0,12325.85,12165.09,12221.2,129007886
2015-10-06,12103.15,12174.38,12106.96,12107.86,279637059
2015-10-07,12359.52,12393.24,12282.13,12353.87,92544739
2015-10-08,12085.52,12365.45,11978.95,12123.72,297749060
2015-10-09,12366.63,12446.46,12291.08,12381.1,96090690
2015-10-12,12320.8,12439.14,12257.82,12328.98,53311563
2015-10-13,12299.94,12400.27,12260.9,12297.19,266410173
2015-10-14,11928.84,12079.66,12007.48,12013.55,126218963
2015-10-15,11944.13,11983.79,11823.24,11950.6,207762475
2015-10-16,11782.87,11887.32,11763.09,11800.68,149927315
2015-10-19,11715.28,11829.69,11542.24,11716.26,110157606
2015-10-20,11750.04,11761.96,11698.55,11701.58,53429670
2015-10-21,11946.56,11924.48,11698.16,11849.28,81122560
2015-10-22,11918.23,11957.81,11883.1,11885.97,127001067
2015-10-23,11878.88,12151.09,11821.91,11937.82,245802178
2015-10-26,11763.52,11845.1,11698.41,11779.79,196499630
2015-10-27,11683.14,11751.03,11606.41,11655.35,105151560
2015-10-28,11951.24,12008.69,11911.87,11928.18,286987765
2015-10-29,11870.52,11853.73,11792.5,11823.83,187071413
2015-10-30,12074.19,12143.69,12058.38,12078.89,271098643
2015-11-02,12030.18,12062.29,12046.9,12047.69,222598408
2015-11-03,12138.27,12261.45,11979.31,12053.78,261074142
2015-11-04,12226.12,12245.19,12087.55,12223.25,290130285
2015-11-05,12376.08,12461.37,12313.41,12426.61,236737435
2015-11-06,12488.44,12428.45,12376.91,12415.19,148811711
2015-11-09,12286.52,12654.5,12343.97,12360.49,273842338
2015-11-10,12184.91,12482.79,12329.47,12357.67,128437671
2015-11-11,12454.52,12490.62,12384.32,12416.31,55928828
2015-11-12,12608.27,12591.81,12444.53,12562.5,290192357
2015-11-13,12589.97,12598.25,12400.65,12569.16,256596587
2015-11-16,12607.55,12690.84,12613.89,12673.58,279904641
2015-11-17,12941.01,13009.84,12903.08,12944.06,76814850
2015-11-18,12998.11,13119.42,12936.81,13012.59,155189645
2015-11-19,13041.91,13133.81,13032.89,13070.0,269441104
2015-11-20,12900.83,12877.1,12610.06,12828.38,66890722
2015-11-23,12364.09,12453.57,12232.77,12416.07,130737603
2015-11-24,12498.7,12501.09,12407.51,12482.91,52444334
2015-11-25,12533.53,12656.64,12284.68,12473.95,69815005
2015-11-26,12418.13,12448.13,12394.79,12399.21,73374517
2015-11-27,12505.01,12539.63,12372.96,12443.24,193074233
2015-11-30,12467.74,12464.41,12323.38,12439.69,141317949
2015-12-01,12645.4,12699.71,12618.14,12623.72,141350502
2015-12-02,12661.99,12702.93,12608.21,12643.44,63542962
2015-12-03,12561.73,12640.18,12511.7,12530.98,99366733
2015-12-04,12674.75,12733.13,12627.5,12694.33,215068591
2015-12-07,12599.72,12903.03,12562.58,12665.68,259127834
2015-12-08,12804.73,12786.63,12744.46,12756.05,113466316
2015-12-09,12744.55,12726.8,12583.0,12685.6,73455670
2015-12-10,12600.85,12642.25,12587.08,12588.16,196471036
2015-12-11,12579.86,12702.75,12571.77,12607.52,179276115
2015-12-14,12536.95,12635.26,12529.46,12615.56,157472240
2015-12-15,12702.46,12867.26,12583.52,12698.1,241607728
2015-12-16,12592.9,12679.32,12620.12,12661.22,193203223
2015-12-17,12303.83,12439.42,12328.1,12377.55,162954633
2015-12-18,12315.09,12395.42,12267.58,12316.11,208587014
2015-12-21,12407.8,12455.52,12413.19,12445.83,116197363
2015-12-22,12422.32,12482.48,12357.61,12405.19,152116112
2015-12-23,12364.75,12431.49,12270.87,12372.63,123679637
2015-12-24,12502.9,12575.68,12482.98,12533.31,172820922
2015-12-25,12342.56,12557.8,12257.62,12427.31,206999979
2015-12-28,12152.29,12217.44,12167.76,12193.89,269475722
2015-12-29,12135.29,12206.72,11926.31,12175.04,134531478
2015-12-30,12047.42,12220.97,11977.32,12106.76,102482421
2015-12-31,11950.22,12041.7,11882.0,11965.97,78900053
2016-01-01,11890.42,11972.46,11840.44,11945.24,161779303
2016-01-04,12017.29,12138.51,11958.97,12025.17,207943869
2016-01-05,12041.05,12071.14,11976.18,12029.49,280808430
2016-01-06,12041.93,12189.21,12011.36,12081.85,68756661
2016-01-07,12387.99,12441.66,12279.13,12366.95,295337462
2016-01-08,12252.42,12426.39,12303.67,12319.51,291384300
2016-01-11,12313.65,12389.64,12231.69,12368.67,153838169
2016-01-12,12289.86,12341.33,12274.98,12295.43,219685103
2016-01-13,12204.26,12242.56,12161.28,12170.81,50332765
2016-01-14,12129.15,12092.61,11968.03,12087.21,120147340
2016-01-15,12097.77,12027.8,11984.95,12020.24,55323075
2016-01-18,12062.36,12100.53,12053.51,12080.56,101544682
2016-01-19,12443.01,12462.24,12405.03,12449.36,159335322
2016-01-20,12292.44,12356.63,12315.89,12343.43,206640114
2016-01-21,12223.05,12360.99,12212.93,12284.66,232650535
2016-01-22,12291.97,12373.25,12263.12,12280.74,108564169
2016-01-25,12309.69,12355.57,12328.08,12348.01,148314987
2016-01-26,12456.08,12412.28,12355.54,12394.98,132441819
2016-01-27,12529.41,12678.5,12544.2,12603.14,200107220
2016-01-28,12253.31,12359.82,12098.59,12229.51,128825843
2016-01-29,11825.11,11997.1,11678.75,11872.87,224912586
2016-02-01,11765.81,11856.92,11721.75,11804.55,170451667
2016-02-02,12000.4,12130.14,11915.13,11974.57,96509812
2016-02-03,11714.52,11817.99,11675.8,11746.28,196235899
2016-02-04,11291.55,11398.4,11291.22,11314.9,200558947
2016-02-05,11365.0,11413.39,11266.16,11402.04,117697234
2016-02-08,11524.25,11588.84,11367.85,11442.54,288692339
2016-02-09,11263.94,11311.4,11215.12,11291.83,211973641
2016-02-10,11160.1,11284.27,11138.04,11157.8,101550222
2016-02-11,11018.65,11059.77,10956.62,11027.56,224754604
2016-02-12,11057.97,11069.83,10906.67,11048.18,211511604
2016-02-15,10939.6,11019.5,10808.91,10966.57,230104699
2016-02-16,11031.43,11090.96,10861.71,11040.3,135133649
2016-02-17,10672.16,10797.52,10608.97,10655.37,233493894
2016-02-18,10509.57,10629.55,10473.53,10545.98,242742301
2016-02-19,10447.7,10475.45,10357.18,10402.37,217549005
2016-02-22,10422.96,10455.51,10319.15,10373.77,64188772
2016-02-23,10333.6,10317.98,10288.46,10308.59,213497704
2016-02-24,10420.61,10453.78,10355.33,10417.7,197089781
2016-02-25,10059.55,10194.69,10147.11,10181.34,95873306
2016-02-26,10209.33,10252.58,10093.37,10192.03,130507696
2016-02-29,10252.79,10310.44,10259.43,10268.86,214474040
2016-03-01,10506.55,10612.24,10390.47,10516.91,125520447
2016-03-02,10378.87,10477.04,10441.5,10458.25,56271844
2016-03-03,10526.83,10596.44,10401.14,10506.09,160399934
2016-03-04,10215.37,10275.25,10257.9,10274.9,103680559
2016-03-07,9979.35,10043.21,9920.41,9974.63,232516478
2016-03-08,10122.66,10203.59,10062.71,10086.16,170560808
2016-03-09,10071.31,10137.72,10002.95,10090.26,282352848
2016-03-10,10295.91,10261.36,10115.79,10246.07,240944029
2016-03-11,10045.0,10250.1,9871.34,10075.1,62608721
2016-03-14,10170.51,10263.38,10078.43,10146.14,58232194
2016-03-15,10338.57,10531.86,10367.62,10392.81,195533915
2016-03-16,10496.0,10485.27,10414.4,10452.89,207148445
2016-03-17,10531.15,10494.42,10355.82,10494.38,160566453
2016-03-18,10520.18,10569.93,10418.01,10500.51,63165012
2016-03-21,10283.43,10361.02,10288.89,10299.63,234609136
2016-03-22,10423.26,10552.44,10474.92,10482.04,89710419
2016-03-23,10390.37,10462.92,10375.19,10406.63,146691029
2016-03-24,10524.51,10525.92,10440.78,10477.97,167807075
2016-03-25,10283.89,10345.59,10250.71,10278.55,293811427
2016-03-28,10068.83,10227.51,10116.07,10131.77,125531860
2016-03-29,10275.1,10372.94,10316.93,10321.53,127523927
2016-03-30,10332.9,10428.51,10226.68,10281.36,74703700
2016-03-31,10496.78,10560.74,10288.65,10476.33,238829574
2016-04-01,10419.31,10577.47,10341.63,10471.0,236965767
2016-04-04,10163.38,10262.46,10055.16,10235.68,215071829
2016-04-05,10330.4,10380.98,10266.89,10356.3,233843413
2016-04-06,10208.35,10321.8,10265.85,10284.51,152413886
2016-04-07,10373.91,10502.83,10324.53,10380.38,228095550
2016-04-08,10490.5,10422.59,10139.69,10388.63,52997439
2016-04-11,10128.35,10250.34,10191.17,10193.46,165157405
2016-04-12,10211.84,10351.79,10154.66,10219.45,197060193
2016-04-13,10566.33,10604.94,10427.54,10511.17,93369724
2016-04-14,10613.4,10587.89,10522.66,10581.7,122871561
2016-04-15,10572.77,10634.53,10553.61,10579.07,200617028
2016-04-18,10722.2,10745.21,10675.59,10728.48,70345392
2016-04-19,10712.35,10809.72,10728.3,10762.11,250418936
2016-04-20,10784.14,10887.09,10706.59,10795.7,162038433
2016-04-21,10663.69,10753.63,10577.52,10653.31,115228133
2016-04-22,10737.09,10823.45,10652.69,10689.84,222421897
2016-04-25,10808.48,10912.42,10823.95,10835.36,237177992
2016-04-26,10718.79,10875.44,10684.75,10726.93,64229691
2016-04-27,10884.9,10973.59,10907.68,10926.39,199992031
2016-04-28,10928.81,10956.53,10857.44,10918.97,203885316
2016-04-29,10836.53,10917.03,10726.77,10802.67,102621986
2016-05-02,10972.08,10947.41,10792.01,10944.51,193923338
2016-05-03,10859.16,10929.51,10835.67,10910.23,235854249
2016-05-04,11026.85,11024.15,10999.98,11020.38,166909135
2016-05-05,10955.41,11244.15,10983.18,10985.17,68724442
2016-05-06,11026.54,11123.11,10923.25,10982.13,276759935
2016-05-09,11048.76,11099.32,10975.23,11055.89,147681043
2016-05-10,11034.29,11131.06,10925.92,11101.77,275690880
2016-05-11,10821.77,10836.65,10815.16,10831.29,251445373
2016-05-12,10704.04,10698.42,10677.24,10684.45,164944266
2016-05-13,10826.0,10867.12,10741.95,10815.44,74249660
2016-05-16,10780.48,10855.88,10641.35,10802.6,115528398
2016-05-17,10711.53,10848.93,10734.22,10736.66,211653414
2016-05-18,10517.77,10575.2,10476.77,10559.48,134648551
2016-05-19,10405.31,10468.59,10368.15,10421.77,157290415
2016-05-20,10129.7,10180.65,10064.76,10164.49,83399633
2016-05-23,10195.78,10186.5,10141.27,10156.37,51017815
2016-05-24,10048.53,10164.86,10079.99,10084.88,92384667
2016-05-25,9972.44,10044.58,9895.1,9967.56,267349464
2016-05-26,9965.92,9982.62,9796.67,9963.75,229417814
2016-05-27,10052.2,10068.68,9975.96,10014.31,185254090
2016-05-30,10331.65,10441.11,10191.88,10286.82,148200288
2016-05-31,10125.65,10139.71,10089.98,10097.54,227283407
2016-06-01,10265.47,10295.54,10176.54,10251.0,67130275
2016-06-02,10338.84,10398.4,10380.94,10382.39,194503638
2016-06-03,10241.9,10396.1,10245.92,10285.87,202352325
2016-06-06,10282.26,10387.45,10245.22,10317.16,194644285
2016-06-07,10293.6,10342.05,10140.59,10262.73,188124759
2016-06-08,10294.68,10294.37,10245.42,10291.67,116996197
2016-06-09,10530.68,10526.35,10406.25,10494.21,180069609
2016-06-10,10622.06,10589.48,10548.72,10579.62,296667333
2016-06-13,10621.77,10694.4,10582.41,10652.71,79428233
2016-06-14,10601.52,10637.51,10526.12,10600.16,285321860
2016-06-15,10408.22,10415.01,10367.84,10408.76,227195035
2016-06-16,10372.78,10477.22,10274.52,10386.4,167714234
2016-06-17,10527.95,10632.43,10418.87,10550.52,257283080
2016-06-20,10403.46,10388.64,10259.38,10354.4,104106022
2016-06-21,10224.66,10227.0,10202.11,10222.53,290828144
2016-06-22,10244.22,10297.55,10208.37,10243.68,208627322
2016-06-23,10089.71,10147.66,10065.77,10122.21,68611435
2016-06-24,10053.5,10111.51,10003.57,10026.42,127412443
2016-06-27,9937.69,10049.61,9886.73,9977.8,245059517
2016-06-28,9830.13,9892.2,9776.82,9812.27,165013464
2016-06-29,9715.91,9781.45,9672.41,9697.2,58819050
2016-06-30,9772.03,9843.09,9747.87,9788.18,82852005
2016-07-01,9645.1,9708.09,9605.12,9632.86,52488026
2016-07-04,9452.39,9564.49,9414.24,9445.38,120929047
2016-07-05,9373.69,9404.77,9270.43,9375.17,225676095
2016-07-06,9467.02,9493.98,9309.22,9466.53,59883256
2016-07-07,9449.9,9535.44,9387.31,9447.57,122514026
2016-07-08,9401.79,9410.46,9281.21,9396.9,265488170
2016-07-11,9408.9,9507.72,9314.2,9406.64,102270189
2016-07-12,9165.74,9277.05,9159.47,9206.39,211595535
2016-07-13,9262.72,9356.0,9178.08,9268.36,81731265
2016-07-14,9327.56,9357.78,9265.85,9317.68,167128001
2016-07-15,9277.78,9287.74,9247.15,9274.17,192970052
2016-07-18,9432.78,9484.54,9321.81,9396.93,155096237
2016-07-19,9291.79,9377.85,9175.89,9268.8,115076372
2016-07-20,9373.18,9505.65,9391.82,9405.93,70821563
2016-07-21,9422.46,9530.28,9337.92,9428.74,168851721
2016-07-22,9381.62,9482.38,9313.56,9393.32,184236649
2016-07-25,9395.28,9462.96,9386.75,9395.44,75082257
2016-07-26,9387.11,9439.32,9314.69,9387.22,196152025
2016-07-27,9560.53,9563.33,9504.66,9537.2,81226579
2016-07-28,9419.86,9509.38,9300.97,9413.18,118434600
2016-07-29,9373.54,9395.6,9316.54,9327.63,161227811
2016-08-01,9463.82,9460.3,9444.86,9454.71,128494320
2016-08-02,9357.31,9419.25,9236.93,9388.5,190013908
2016-08-03,9482.4,9593.16,9409.89,9500.15,92664237
2016-08-04,9733.83,9902.84,9617.84,9710.38,152910069
2016-08-05,9603.54,9746.25,9583.14,9665.95,59012960
2016-08-08,9701.41,9840.76,9687.26,9753.92,202769702
2016-08-09,9618.16,9648.75,9518.36,9617.75,182287070
2016-08-10,9751.22,9727.43,9692.46,9714.27,182403971
2016-08-11,9794.28,9794.44,9697.91,9743.34,209114664
2016-08-12,9797.74,9947.91,9720.38,9806.25,55666562
2016-08-15,9772.74,9834.6,9643.26,9731.45,133923940
2016-08-16,9537.2,9608.61,9450.14,9534.45,111217204
2016-08-17,9540.86,9748.85,9596.25,9599.66,85865207
2016-08-18,9357.47,9534.42,9304.16,9357.78,108646889
2016-08-19,9301.79,9494.14,9310.6,9324.88,200548575
2016-08-22,9475.28,9454.83,9369.44,9440.6,76833187
2016-08-23,9466.99,9564.19,9390.37,9467.96,110177584
2016-08-24,9658.24,9782.67,9674.5,9707.87,200944564
2016-08-25,9779.72,9847.24,9813.92,9838.74,112984496
2016-08-26,9761.85,9771.49,9660.45,9762.67,102480722
2016-08-29,9676.09,9840.6,9693.69,9770.68,194419685
2016-08-30,9749.25,9795.63,9708.28,9769.5,186602368
2016-08-31,9590.1,9672.14,9521.06,9581.25,199808089
2016-09-01,9432.86,9497.52,9385.81,9472.91,239381549
2016-09-02,9448.12,9460.48,9333.05,9410.7,221081533
2016-09-05,9220.44,9214.18,9153.09,9176.72,178999628
2016-09-06,9149.23,9205.84,9129.16,9186.59,281531362
2016-09-07,9151.24,9230.58,9111.49,9162.17,268813430
2016-09-08,9011.06,9001.33,8932.96,8975.35,218487489
2016-09-09,9025.43,9038.37,8971.35,9025.47,242414357
2016-09-12,9060.76,9357.64,9091.6,9111.58,147321638
2016-09-13,9136.79,9174.92,9016.16,9142.03,284035419
2016-09-14,9078.04,9164.79,9037.53,9109.12,166031787
2016-09-15,9222.32,9210.3,9150.01,9181.62,287977857
2016-09-16,9287.51,9299.61,9163.65,9265.06,179714890
2016-09-19,9293.76,9382.97,9238.36,9305.44,163737967
2016-09-20,9218.89,9287.61,9093.96,9213.65,258199482
2016-09-21,9201.82,9290.81,9127.85,9250.22,211533156
2016-09-22,9366.74,9457.11,9354.88,9395.07,51355225
2016-09-23,9387.12,9457.99,9315.09,9329.16,268520731
2016-09-26,9585.64,9595.89,9552.06,9583.59,222869849
2016-09-27,9560.3,9546.21,9473.7,9524.87,146168400
2016-09-28,9542.14,9554.69,9392.85,9533.3,136085826
2016-09-29,9507.09,9503.98,9456.25,9457.37,122055053
2016-09-30,9412.66,9514.8,9390.94,9488.53,74122895
2016-10-03,9279.95,9350.07,9284.41,9286.94,101525360
2016-10-04,9288.38,9368.88,9071.48,9227.67,81514363
2016-10-05,9140.73,9235.38,9068.8,9105.9,185895602
2016-10-06,9174.17,9161.11,9111.57,9125.79,132751843
2016-10-07,9245.0,9248.38,9178.19,9245.25,188861083
2016-10-10,9305.2,9392.89,9304.33,9325.24,150905524
2016-10-11,9017.83,9160.2,9033.84,9055.03,296968627
2016-10-12,9254.66,9344.87,9268.5,9295.44,83725043
2016-10-13,9364.67,9343.58,9317.22,9334.53,92131864
2016-10-14,9267.05,9349.09,9177.04,9248.06,70059658
2016-10-17,9268.33,9274.25,9208.05,9270.8,122542692
2016-10-18,9314.73,9329.3,9166.32,9295.83,261072618
2016-10-19,9227.7,9265.95,9150.8,9222.45,207290284
2016-10-20,9285.48,9285.9,9146.0,9249.88,192460756
2016-10-21,9218.72,9306.95,9113.0,9183.73,284536193
2016-10-24,9102.44,9214.21,9115.54,9141.41,291994421
2016-10-25,9076.95,9072.94,8977.67,9067.03,263941153
2016-10-26,8849.61,8957.22,8867.79,8909.08,189408553
2016-10-27,8934.47,8970.97,8863.37,8929.71,276921932
2016-10-28,9021.85,9036.57,8968.55,9000.09,115894212
2016-10-31,9015.35,9143.6,9010.73,9062.98,143684362
2016-11-01,9146.18,9242.4,8993.97,9161.45,270998428
2016-11-02,9203.69,9212.7,9106.11,9203.34,200407278
2016-11-03,9154.69,9193.1,9051.57,9146.13,108804827
2016-11-04,9237.5,9276.15,9231.26,9247.8,169253211
2016-11-07,9052.66,9162.48,8959.81,9095.31,88478852
2016-11-08,8995.03,9016.37,8946.67,8996.97,116594323
2016-11-09,8833.8,8898.0,8826.88,8892.57,207857380
2016-11-10,9010.3,9138.58,9006.72,9018.7,233934246
2016-11-11,9114.69,9193.65,9103.73,9130.81,158060105
2016-11-14,9186.48,9394.9,9178.26,9191.41,214886431
2016-11-15,9299.97,9523.26,9315.64,9320.82,259253020
2016-11-16,9166.91,9333.34,9122.21,9222.53,166875201
2016-11-17,9253.95,9286.89,9236.06,9267.53,67210238
2016-11-18,9291.81,9258.04,9223.44,9257.34,270045824
2016-11-21,9408.33,9383.79,9273.84,9361.1,80721235
2016-11-22,9443.22,9396.05,9322.88,9351.97,155594998
2016-11-23,9374.16,9325.5,9217.16,9311.16,297132544
2016-11-24,9334.39,9390.1,9288.73,9379.29,77923854
2016-11-25,9472.42,9495.07,9477.61,9487.92,141145390
2016-11-28,9411.98,9426.51,9402.35,9412.84,95063581
2016-11-29,9406.86,9508.97,9362.4,9410.08,239012101
2016-11-30,9292.44,9292.79,9244.01,9289.85,173807845
2016-12-01,9093.05,9018.09,8945.31,9006.32,283687424
2016-12-02,8994.29,9042.7,8962.24,9033.39,259631686
2016-12-05,9081.3,9123.02,9050.19,9107.3,251350205
2016-12-06,9201.88,9224.98,9083.77,9141.77,233632831
2016-12-07,8902.22,8949.46,8883.58,8924.21,259505156
2016-12-08,8903.07,8905.25,8879.73,8889.08,236040885
2016-12-09,8683.99,8737.95,8636.07,8648.2,177801136
2016-12-12,8820.06,8808.51,8717.69,8802.92,82403462
2016-12-13,8694.09,8702.34,8661.46,8687.43,269362147
2016-12-14,8863.28,8836.94,8804.0,8830.13,149768834
2016-12-15,8908.31,9028.74,8882.74,8940.25,145373643
2016-12-16,8826.03,8861.82,8796.95,8843.59,187506170
2016-12-19,8741.11,8811.98,8705.95,8722.43,82088508
2016-12-20,8692.63,8772.45,8708.81,8765.19,261016014
2016-12-21,8725.74,8736.23,8621.19,8676.57,93011539
2016-12-22,8702.47,8739.16,8598.18,8691.92,139341864
2016-12-23,8648.61,8664.39,8636.46,8643.32,183876372
2016-12-26,8400.4,8497.52,8446.58,8455.55,54409631
2016-12-27,8182.83,8404.76,8106.01,8225.16,250287243
2016-12-28,8239.45,8252.96,8223.5,8252.61,215219300
2016-12-29,8224.81,8228.48,8181.56,8198.33,157854951
2016-12-30,8077.62,8214.57,8117.35,8145.28,294178542
2017-01-02,8246.84,8257.31,8207.48,8220.92,160724358
2017-01-03,8335.31,8385.65,8302.13,8347.33,261101106
2017-01-04,8315.25,8325.88,8315.41,8322.68,220010796
2017-01-05,8299.4,8381.69,8290.09,8290.99,161773278
2017-01-06,8356.37,8368.5,8330.57,8347.38,270625216
2017-01-09,8186.4,8299.52,8148.91,8209.79,168312891
2017-01-10,8257.42,8255.34,8192.3,8236.83,115191626
2017-01-11,8221.26,8351.95,8265.93,8298.25,158809260
2017-01-12,8358.57,8446.98,8328.85,8373.66,255952545
2017-01-13,8180.73,8256.57,8153.97,8175.7,208546130
2017-01-16,8090.33,8222.72,8009.07,8101.51,52190218
2017-01-17,7957.6,8048.19,7979.45,8016.18,64430944
2017-01-18,8054.44,8076.25,7957.43,8030.09,156197408
2017-01-19,8042.36,8133.39,8043.9,8082.72,51032455
2017-01-20,8238.28,8287.2,8215.93,8240.51,259344812
2017-01-23,8198.2,8244.02,8133.76,8193.18,65701447
2017-01-24,8146.5,8268.98,8098.59,8145.86,224021857
2017-01-25,8307.31,8269.39,8179.67,8268.64,146637031
2017-01-26,8301.78,8331.86,8262.8,8303.55,131384410
2017-01-27,8455.68,8507.45,8376.78,8441.25,146674012
2017-01-30,8474.15,8620.84,8390.92,8476.04,192000461
2017-01-31,8377.84,8379.85,8308.32,8357.35,67428897
2017-02-01,8267.9,8242.34,8163.53,8222.07,118134188
2017-02-02,8071.19,8089.13,8048.93,8066.75,138599162
2017-02-03,8163.65,8180.18,8067.32,8138.19,135439972
2017-02-06,8313.03,8313.15,8256.91,8264.92,94032960
2017-02-07,8509.72,8499.24,8449.85,8463.78,194745928
2017-02-08,8545.04,8651.74,8533.55,8558.23,261386803
2017-02-09,8724.7,8743.26,8591.57,8688.67,115784201
2017-02-10,8638.11,8764.07,8573.09,8629.52,109595485
2017-02-13,8546.78,8558.83,8475.45,8508.76,223735978
2017-02-14,8624.04,8668.21,8469.14,8604.47,257272145
2017-02-15,8663.53,8735.49,8623.29,8653.99,97314768
2017-02-16,8684.89,8797.05,8550.36,8669.84,254489669
2017-02-17,8725.3,8839.93,8506.48,8716.41,105275530
2017-02-20,8766.45,8842.29,8707.85,8756.14,219214167
2017-02-21,8897.5,8960.4,8891.8,8903.15,279518499
2017-02-22,9044.8,9087.94,8992.36,9053.91,80953696
2017-02-23,9184.87,9142.48,9062.09,9120.55,98133856
2017-02-24,9240.26,9255.63,9096.5,9222.65,190113141
2017-02-27,9265.7,9303.29,9229.4,9286.99,125631249
2017-02-28,9227.34,9240.2,9210.16,9237.59,186658622
2017-03-01,9369.92,9384.46,9260.08,9330.5,290427780
2017-03-02,9145.36,9332.01,9161.76,9172.37,275953566
2017-03-03,9244.27,9373.27,9234.44,9299.4,56443023
2017-03-06,9113.23,9205.13,9136.48,9164.86,254078273
2017-03-07,9138.66,9220.49,9180.92,9202.3,80635016
2017-03-08,9061.85,9191.5,8903.52,9109.17,152267393
2017-03-09,9133.92,9213.31,9098.08,9177.27,299682212
2017-03-10,9228.57,9260.76,9093.28,9177.72,195845331
2017-03-13,8997.78,9008.5,8894.31,8999.45,295178298
2017-03-14,9038.43,9129.29,9000.37,9051.58,140827984
2017-03-15,8938.29,9051.25,8984.82,8990.2,89395385
2017-03-16,9089.68,9190.1,9022.04,9094.89,127730642
2017-03-17,9036.14,9110.54,8982.87,9099.37,214525567
2017-03-20,9135.65,9212.59,9045.94,9149.17,248127209
2017-03-21,9118.44,9109.37,9005.16,9043.76,162084787
2017-03-22,9004.98,9010.3,8852.96,8981.14,143705546
2017-03-23,8926.15,8938.64,8933.34,8933.64,94089804
2017-03-24,9060.12,9092.53,8847.73,9034.89,74112716
2017-03-27,9212.99,9260.36,9221.57,9232.25,293082184
2017-03-28,9114.14,9193.95,9101.28,9143.43,116354500
2017-03-29,9335.94,9283.32,9168.89,9272.73,143205713
2017-03-30,8985.75,9142.8,8934.73,9026.99,72990567
2017-03-31,8883.83,8929.14,8860.08,8896.43,298650876
2017-04-03,8804.56,8858.07,8783.87,8793.8,97704755
2017-04-04,8616.95,8658.58,8613.76,8649.34,167185997
2017-04-05,8504.6,8528.37,8427.13,8482.52,293400993
2017-04-06,8520.37,8585.21,8520.45,8530.83,259808597
2017-04-07,8534.51,8543.12,8436.37,8511.91,233516591
2017-04-10,8576.82,8580.68,8434.86,8556.77,51221728
2017-04-11,8627.25,8659.27,8632.16,8635.64,88861719
2017-04-12,8728.03,8703.92,8581.18,8668.71,292047224
2017-04-13,8721.74,8822.0,8680.25,8745.01,194866806
2017-04-14,8788.68,8841.17,8735.79,8741.52,234050396
2017-04-17,8656.36,8683.03,8495.45,8615.87,254855820
2017-04-18,8797.5,8751.66,8695.85,8735.62,205340280
2017-04-19,8681.19,8725.42,8542.05,8675.15,69783473
2017-04-20,8550.52,8809.36,8427.84,8577.58,212610266
2017-04-21,8633.58,8597.78,8481.54,8562.45,224693056
2017-04-24,8457.24,8473.88,8413.25,8468.57,255196998
2017-04-25,8400.74,8462.92,8385.36,8428.17,112298883
2017-04-26,8462.38,8501.34,8437.58,8468.81,129868479
2017-04-27,8476.69,8512.16,8398.03,8510.11,135463881
2017-04-28,8436.12,8425.94,8344.31,8418.4,270539623
2017-05-01,8350.54,8401.4,8338.77,8370.82,229009250
2017-05-02,8479.17,8507.48,8452.33,8488.93,238884982
2017-05-03,8579.34,8638.16,8487.41,8546.25,266103078
2017-05-04,8798.7,8874.02,8681.72,8776.81,85159290
2017-05-05,8913.08,8930.49,8892.01,8912.52,99525945
2017-05-08,9052.43,9143.31,9018.47,9046.25,186706296
2017-05-09,8894.11,8931.99,8743.44,8893.68,185524111
2017-05-10,8968.46,9095.67,8946.39,8983.96,159531098
2017-05-11,8982.13,9080.65,8915.74,8982.23,142843453
2017-05-12,8941.86,8976.77,8827.61,8924.34,195521801
2017-05-15,8942.99,9049.33,8900.95,8947.51,293222636
2017-05-16,9074.22,9062.88,8968.43,9059.01,156154813
2017-05-17,9090.17,9166.52,9084.07,9120.69,298445344
2017-05-18,9002.8,9073.75,8985.28,9024.6,88395846
2017-05-19,9086.98,9135.06,9093.92,9113.75,58305065
2017-05-22,9024.7,9141.35,9000.13,9045.14,84792491
2017-05-23,9120.91,9116.98,9014.51,9074.19,87091245
2017-05-24,9070.15,9106.21,9024.55,9043.88,165321834
2017-05-25,8984.4,9030.31,8987.81,9023.27,107216848
2017-05-26,9131.1,9131.67,9065.96,9115.14,74639688
2017-05-29,8986.69,9047.49,8980.94,9000.75,219490809
2017-05-30,9203.26,9261.92,9204.23,9228.45,125826279
2017-05-31,8969.8,9147.48,9019.91,9023.43,229624393
2017-06-01,8994.84,9052.45,8926.78,8960.0,68075619
2017-06-02,8957.05,9096.51,8978.09,9006.18,263722078
2017-06-05,9075.16,9132.59,9050.67,9077.05,253771294
2017-06-06,9035.55,9200.19,9008.41,9069.88,114551812
2017-06-07,9095.78,9084.9,9051.51,9067.64,184779511
2017-06-08,9106.81,9137.58,9071.22,9119.01,64591377
2017-06-09,9091.94,9177.58,8989.99,9096.83,232588805
2017-06-12,9258.59,9386.91,9189.47,9262.32,100533737
2017-06-13,9376.58,9365.87,9364.32,9365.24,239959550
2017-06-14,9473.8,9547.26,9457.33,9473.31,59225243
2017-06-15,9361.53,9406.97,9284.82,9363.15,291392746
2017-06-16,9338.84,9362.49,9322.5,9358.25,164063127
2017-06-19,9268.58,9363.06,9224.77,9327.33,176023620
2017-06-20,9173.06,9216.29,9209.14,9214.29,243579547
2017-06-21,9287.22,9366.52,9237.79,9260.6,109395257
2017-06-22,9191.21,9307.07,9183.12,9202.47,89553218
2017-06-23,9258.53,9298.28,9173.74,9283.19,266202385
2017-06-26,9111.7,9175.0,8980.98,9163.23,191562627
2017-06-27,9303.87,9432.08,9284.36,9368.31,230953959
2017-06-28,9241.45,9323.67,9208.86,9267.52,89377584
2017-06-29,9330.61,9342.6,9263.61,9297.59,154022143
2017-06-30,9374.35,9416.35,9144.55,9395.28,251299839
2017-07-03,9347.37,9435.5,9236.57,9332.42,68767977
2017-07-04,9414.92,9468.8,9360.19,9437.68,236693983
2017-07-05,9320.84,9336.14,9259.32,9297.08,284325374
2017-07-06,9459.92,9654.26,9460.32,9473.25,278912850
2017-07-07,9432.74,9542.72,9448.55,9479.45,228900316
2017-07-10,9402.84,9465.01,9364.82,9412.97,86591072
2017-07-11,9450.85,9390.9,9315.01,9382.02,231861185
2017-07-12,9550.53,9543.58,9420.75,9482.64,88234425
2017-07-13,9435.88,9420.43,9398.5,9417.56,298950282
2017-07-14,9328.39,9349.23,9302.45,9333.51,259796974
2017-07-17,9323.24,9323.78,9230.67,9311.92,280957046
2017-07-18,9190.87,9231.84,9124.08,9179.23,56127584
2017-07-19,9395.18,9444.72,9329.37,9396.68,235869288
2017-07-20,9350.77,9414.98,9271.79,9334.31,279715303
2017-07-21,9444.98,9465.81,9382.47,9437.12,265522624
2017-07-24,9454.6,9509.81,9427.6,9466.56,81142271
2017-07-25,9309.59,9411.99,9286.18,9354.32,150406249
2017-07-26,9340.85,9471.91,9271.13,9358.07,53313680
2017-07-27,9485.7,9479.26,9373.97,9455.46,237286897
2017-07-28,9436.37,9553.09,9417.86,9437.56,225966031
2017-07-31,9596.57,9634.29,9455.91,9585.05,231814337
2017-08-01,9702.84,9871.32,9595.6,9713.84,235676661
2017-08-02,9789.96,9863.26,9692.93,9831.63,276653296
2017-08-03,9770.18,9798.96,9751.23,9779.51,214249219
2017-08-04,9612.49,9654.62,9622.66,9651.96,236324383
2017-08-07,9540.56,9631.43,9567.26,9582.2,291029190
2017-08-08,9656.84,9613.15,9556.9,9610.49,129869852
2017-08-09,9665.15,9721.01,9675.81,9681.41,248470716
2017-08-10,9396.66,9447.41,9369.0,9424.61,269189691
2017-08-11,9489.16,9491.62,9375.26,9428.14,108686777
2017-08-14,9482.25,9465.37,9414.62,9451.44,121248354
2017-08-15,9408.93,9468.91,9354.97,9422.93,189660531
2017-08-16,9598.43,9599.82,9523.16,9582.04,245743540
2017-08-17,9628.6,9664.06,9531.84,9637.69,110860932
2017-08-18,9775.6,9893.22,9763.24,9802.76,121107953
2017-08-21,9799.35,9809.74,9678.15,9780.78,282585532
2017-08-22,9888.86,10164.78,9834.69,9901.7,264199316
2017-08-23,10115.66,10160.36,10053.42,10112.61,121838393
2017-08-24,10328.03,10292.75,10270.05,10286.01,255538000
2017-08-25,10187.28,10196.05,10120.17,10150.28,51577190
2017-08-28,10100.44,10144.47,9942.27,10122.71,103022221
2017-08-29,10103.19,10111.63,10070.48,10083.59,237208543
2017-08-30,10104.97,10327.78,10123.54,10150.77,273649358
2017-08-31,10262.26,10248.46,10166.46,10243.8,65424980
2017-09-01,10146.95,10277.18,10065.92,10140.93,259743541
2017-09-04,10169.83,10252.59,10135.48,10154.44,116907213
2017-09-05,9892.21,9918.82,9891.23,9903.99,258342824
2017-09-06,10174.48,10193.39,9926.98,10090.37,78901135
2017-09-07,9994.05,10060.0,10022.21,10030.22,72753842
2017-09-08,10081.08,10043.52,10006.57,10042.06,61686656
2017-09-11,9966.42,10009.29,9956.01,10007.72,250432145
2017-09-12,10178.6,10216.1,10017.78,10158.1,232133025
2017-09-13,9828.63,9848.72,9741.59,9806.04,230729049
2017-09-14,9810.82,9842.2,9624.41,9808.66,222785596
2017-09-15,9780.84,9908.87,9799.81,9800.26,97978595
2017-09-18,9754.55,9795.3,9733.07,9749.05,151750932
2017-09-19,9978.79,9999.12,9789.52,9968.14,275525120
2017-09-20,9932.63,9927.15,9717.51,9862.02,190901530
2017-09-21,9928.36,10039.73,9891.3,9963.13,159293490
2017-09-22,9990.45,10146.73,10001.81,10012.71,140202506
2017-09-25,10189.56,10225.32,10161.88,10177.97,177402359
2017-09-26,10087.24,10166.69,10053.19,10097.58,110659314
2017-09-27,10005.52,10154.68,10003.04,10009.53,267469709
2017-09-28,10197.02,10237.42,10051.23,10153.54,105199835
2017-09-29,10097.75,10412.42,10183.78,10212.96,290863158
2017-10-02,9996.9,10069.73,9834.76,10020.86,192256538
2017-10-03,9888.35,10110.48,9955.7,9957.75,193856021
2017-10-04,9963.22,10077.51,9963.02,10011.11,104745108
2017-10-05,10219.51,10182.22,10039.85,10122.15,115448567
2017-10-06,10064.7,10071.35,9899.68,10040.68,121981074
2017-10-09,9720.18,9728.9,9657.67,9683.32,268281495
2017-10-10,9748.86,9786.14,9643.51,9752.01,90365593
2017-10-11,9636.95,9652.17,9583.5,9607.79,225728792
2017-10-12,9304.92,9484.34,9298.71,9371.14,131768748
2017-10-13,9084.52,9284.9,8920.58,9046.94,296505884
2017-10-16,9114.56,9154.88,9106.45,9144.55,120392009
2017-10-17,9144.27,9187.63,9163.42,9163.75,287426674
2017-10-18,9160.55,9150.37,9091.82,9142.08,127936778
2017-10-19,9319.69,9325.98,9287.49,9307.91,259516311
2017-10-20,9390.59,9396.63,9382.22,9387.42,214542487
2017-10-23,9532.84,9683.78,9483.39,9585.1,203131019
2017-10-24,9426.63,9432.25,9402.47,9422.86,169363718
2017-10-25,9459.46,9510.9,9376.27,9423.25,266397904
2017-10-26,9217.97,9249.6,9228.58,9237.65,227096034
2017-10-27,9263.85,9249.62,9148.86,9215.38,266384581
2017-10-30,9158.85,9295.63,9162.73,9190.94,74884427
2017-10-31,9268.44,9355.03,9203.08,9268.19,90956494
2017-11-01,9334.91,9285.91,9180.02,9277.93,107170911
2017-11-02,9330.04,9451.25,9343.78,9355.54,119434646
2017-11-03,9483.13,9535.93,9403.72,9443.32,271643462
2017-11-06,9784.52,9709.01,9681.72,9707.84,79388154
2017-11-07,9680.58,9699.99,9618.38,9673.96,109333925
2017-11-08,9544.33,9593.16,9517.41,9564.5,109624862
2017-11-09,9569.1,9635.64,9517.9,9598.76,154338204
2017-11-10,9556.37,9551.84,9495.49,9506.76,194035243
2017-11-13,9740.03,9692.35,9636.06,9690.54,197360923
2017-11-14,9716.63,9844.77,9659.26,9660.62,214357707
2017-11-15,9595.34,9681.15,9490.73,9596.6,273494874
2017-11-16,9583.95,9592.2,9521.89,9544.32,83945411
2017-11-17,9633.81,9728.77,9589.98,9635.69,164907412
2017-11-20,9587.16,9683.78,9563.24,9621.14,260607368
2017-11-21,9591.16,9562.01,9469.82,9548.22,146376880
2017-11-22,9819.07,9773.0,9574.41,9755.32,288789217
2017-11-23,9615.83,9755.5,9594.12,9655.25,258591892
2017-11-24,9624.0,9761.79,9572.8,9664.18,197342779
2017-11-27,9750.13,9753.06,9734.88,9748.57,164066966
2017-11-28,9591.35,9591.15,9487.88,9554.8,66296407
2017-11-29,9573.75,9668.44,9610.34,9617.37,84903177
2017-11-30,9503.51,9513.2,9414.89,9494.89,53621093
2017-12-01,9575.73,9631.73,9590.06,9598.4,297225157
2017-12-04,9513.8,9529.23,9441.81,9487.21,288097812
2017-12-05,9544.37,9607.13,9543.75,9574.93,119054820
2017-12-06,9743.88,9759.88,9666.7,9713.89,94999196
2017-12-07,9818.35,9923.54,9733.02,9824.57,188218298
2017-12-08,9823.46,10007.37,9841.47,9860.42,284808231
2017-12-11,9838.91,9846.22,9834.21,9836.41,55753876
2017-12-12,9694.15,9855.82,9705.06,9769.88,152342485
2017-12-13,9935.11,9985.39,9889.18,9957.38,92331710
2017-12-14,9888.04,9968.33,9799.3,9874.72,250350509
2017-12-15,9682.07,9833.98,9730.38,9751.18,270426766
2017-12-18,9736.77,9917.31,9799.23,9837.95,117644413
2017-12-19,9653.22,9751.73,9681.77,9744.4,251233512
2017-12-20,9684.18,9684.55,9491.98,9633.04,222421742
2017-12-21,9461.02,9569.51,9299.49,9463.93,265903058
2017-12-22,9390.96,9414.02,9384.38,9411.01,291921359
2017-12-25,9441.24,9521.03,9398.78,9405.68,245899815
2017-12-26,9423.76,9462.42,9424.84,9439.03,125274862
2017-12-27,9567.65,9617.42,9472.71,9557.39,100526038
2017-12-28,9626.62,9690.61,9525.08,9625.62,213348483
2017-12-29,9588.98,9628.88,9470.48,9607.08,118760020
2018-01-01,9598.96,9688.65,9551.17,9587.68,290980631
2018-01-02,9683.96,9878.75,9553.17,9654.1,84434601
2018-01-03,9807.55,9910.81,9676.75,9814.81,245808118
2018-01-04,9817.0,9907.16,9800.48,9835.12,81979369
2018-01-05,9768.42,9845.96,9717.39,9781.82,171511105
2018-01-08,9575.98,9690.82,9646.16,9664.82,185580007
2018-01-09,9505.71,9516.99,9473.01,9494.96,202177159
2018-01-10,9533.23,9609.75,9539.31,9579.56,196465864
2018-01-11,9678.48,9700.2,9573.69,9654.16,188225601
2018-01-12,9725.76,9803.23,9639.91,9729.28,149650637
2018-01-15,9722.23,9812.85,9575.19,9718.15,64311059
2018-01-16,9924.38,9928.03,9769.53,9896.65,96628673
2018-01-17,9804.69,9890.78,9772.25,9841.16,230074563
2018-01-18,9979.78,10090.26,9959.26,9965.06,67406646
2018-01-19,9975.61,10042.38,9828.56,9964.94,233436621
2018-01-22,9886.25,10003.99,9795.98,9893.57,254822612
2018-01-23,9935.42,10096.68,9945.58,9972.45,64767599
2018-01-24,10052.7,10043.83,9963.49,10028.82,167563470
2018-01-25,10107.19,10129.3,9837.16,10078.83,123295398
2018-01-26,10098.55,10204.58,10085.47,10093.96,55889329
2018-01-29,10050.73,10145.74,10042.86,10093.95,153741459
2018-01-30,10385.29,10499.72,10392.9,10407.25,280426181
2018-01-31,10566.17,10592.01,10547.88,10568.73,258515227
2018-02-01,10699.88,10748.49,10625.72,10670.49,89918708
2018-02-02,10622.91,10706.54,10652.85,10690.62,268813295
2018-02-05,10807.87,10944.63,10723.59,10832.3,240802858
2018-02-06,10890.84,10927.92,10850.33,10908.41,71288385
2018-02-07,10913.58,11046.82,10850.99,10917.21,66770934
2018-02-08,10824.08,11007.1,10727.96,10880.72,218014433
2018-02-09,10865.35,10957.24,10796.24,10874.81,271033421
2018-02-12,10440.99,10558.76,10285.7,10453.97,110048712
2018-02-13,10443.21,10494.31,10341.49,10486.74,220004118
2018-02-14,10422.44,10525.46,10385.74,10427.36,55512555
2018-02-15,10620.73,10740.4,10619.35,10643.77,175600162
2018-02-16,10672.55,10688.09,10538.51,10651.44,158834837
2018-02-19,10460.9,10540.78,10493.23,10498.07,258969988
2018-02-20,10500.25,10531.96,10475.77,10496.47,192690363
2018-02-21,10330.46,10530.94,10315.92,10363.97,76389416
2018-02-22,10405.91,10440.81,10358.26,10430.94,254928412
2018-02-23,10486.69,10567.75,10462.55,10474.23,95684898
2018-02-26,10616.4,10620.97,10504.67,10606.45,230665457
2018-02-27,10488.76,10602.35,10499.35,10506.29,203024865
2018-02-28,10504.46,10615.48,10504.87,10515.8,147128643
2018-03-01,10281.29,10474.2,10274.88,10341.42,237675692
2018-03-02,10496.76,10527.5,10424.41,10438.19,224144112
2018-03-05,10540.56,10512.0,10498.32,10511.65,84415496
2018-03-06,10610.14,10598.2,10483.05,10582.56,123238706
2018-03-07,10520.26,10608.82,10451.82,10587.82,241360781
2018-03-08,10622.99,10696.9,10641.88,10648.36,218599020
2018-03-09,10856.41,10929.75,10804.84,10870.96,287515076
2018-03-12,10753.43,10923.29,10761.73,10837.14,57846257
2018-03-13,10899.92,10883.25,10795.75,10861.26,200135351
2018-03-14,10781.08,10754.75,10675.2,10718.75,203597806
2018-03-15,10694.67,10609.03,10547.46,10607.18,96923098
2018-03-16,10580.87,10675.57,10550.05,10625.32,56505226
2018-03-19,10784.32,10807.61,10647.32,10779.27,94360605
2018-03-20,10806.51,10795.85,10600.4,10749.63,56772850
2018-03-21,10711.96,10763.03,10613.39,10722.84,149842404
2018-03-22,10648.88,10776.92,10670.23,10673.09,201678118
2018-03-23,10527.31,10667.51,10549.18,10606.47,76795361
2018-03-26,10699.29,10662.16,10397.45,10651.03,117844210
2018-03-27,10456.17,10495.57,10346.32,10456.98,225713687
2018-03-28,10601.15,10669.24,10621.01,10632.17,53196495
2018-03-29,10560.4,10587.61,10416.13,10548.43,129103801
2018-03-30,10656.39,10697.19,10641.27,10649.87,292006813
2018-04-02,10492.88,10576.69,10394.17,10485.82,249002007
2018-04-03,10570.4,10630.88,10528.85,10579.59,288864706
2018-04-04,10743.89,10755.12,10580.76,10674.61,197758620
2018-04-05,10725.78,10757.92,10614.22,10731.52,278696105
2018-04-06,10671.63,10685.04,10567.84,10602.95,205973067
2018-04-09,10665.42,10689.46,10562.69,10641.41,126794998
2018-04-10,10503.7,10586.45,10344.84,10488.97,180691645
2018-04-11,10455.86,10655.84,10407.09,10460.6,157241114
2018-04-12,10643.5,10712.11,10360.72,10602.2,163968924
2018-04-13,10719.1,10715.33,10674.17,10714.25,124053057
2018-04-16,10681.43,10795.8,10659.25,10721.41,264966712
2018-04-17,10554.66,10734.33,10583.48,10595.58,65758524
2018-04-18,10705.26,10902.94,10569.36,10687.2,177449372
2018-04-19,10656.09,10745.4,10663.58,10694.9,232231143
2018-04-20,10389.14,10401.75,10381.39,10391.73,79295160
2018-04-23,10544.1,10655.59,10491.58,10499.7,125735496
2018-04-24,10514.26,10542.35,10498.18,10501.49,216854966
2018-04-25,10636.06,10761.29,10611.2,10666.88,279123755
2018-04-26,10585.07,10534.26,10514.14,10525.7,56229375
2018-04-27,10139.75,10161.63,10103.0,10117.57,287356699
2018-04-30,10199.4,10245.63,10157.43,10158.05,288132388
2018-05-01,10107.77,10265.92,10123.29,10200.29,202572310
2018-05-02,10003.29,10008.11,9849.36,9990.07,175283148
2018-05-03,9905.62,9973.58,9805.99,9872.37,85537476
2018-05-04,10295.5,10287.21,10193.88,10225.95,139442271
2018-05-07,10131.83,10245.58,10124.24,10191.5,285855323
2018-05-08,10340.34,10504.94,10275.29,10290.69,277406905
2018-05-09,10278.7,10250.55,10167.56,10211.54,71306062
2018-05-10,9870.57,10023.88,9931.77,9950.86,187105367
2018-05-11,9953.29,9963.44,9846.56,9934.27,138055199
2018-05-14,9930.27,9908.3,9705.63,9905.8,271398852
2018-05-15,9847.81,9888.28,9821.92,9860.71,220929764
2018-05-16,9831.86,9922.34,9814.9,9851.17,187350947
2018-05-17,9915.15,9905.94,9852.31,9888.73,99388794
2018-05-18,9850.46,9946.47,9803.93,9874.75,144309595
2018-05-21,9714.92,9747.83,9630.31,9723.37,179658015
2018-05-22,9819.58,9891.56,9716.26,9787.77,134271290
2018-05-23,9621.9,9567.59,9511.42,9554.86,128056319
2018-05-24,9335.68,9388.01,9256.52,9315.63,73343035
2018-05-25,9412.29,9571.13,9351.16,9407.27,225032783
2018-05-28,9452.5,9610.36,9425.11,9472.07,213313137
2018-05-29,9431.45,9525.69,9412.72,9469.73,176249289
2018-05-30,9350.44,9355.82,9251.95,9309.13,133286364
2018-05-31,9225.2,9416.09,9124.11,9230.86,50678387
2018-06-01,9247.11,9337.79,9180.91,9204.74,143472610
2018-06-04,9013.91,9133.68,8989.57,9025.81,273703529
2018-06-05,8923.19,8970.09,8796.18,8946.42,226995308
2018-06-06,9039.74,9199.71,8973.56,9024.55,53965782
2018-06-07,9189.86,9219.76,9187.62,9192.68,58222530
2018-06-08,9104.47,9220.11,9071.43,9148.58,147719459
2018-06-11,9307.77,9253.87,9170.27,9240.59,218326124
2018-06-12,9002.08,9028.29,9001.05,9024.72,127873549
2018-06-13,9138.12,9122.68,9066.71,9104.34,90713283
2018-06-14,9047.25,9032.01,9000.07,9016.89,164192811
2018-06-15,9010.56,9100.27,8951.28,9056.18,59440687
2018-06-18,8996.04,9058.79,9012.09,9032.26,97480681
2018-06-19,9177.06,9190.46,9182.4,9188.14,281362934
2018-06-20,9060.32,9201.6,9060.76,9091.8,246423455
2018-06-21,9231.66,9385.95,9116.59,9168.34,92884087
2018-06-22,9133.15,9177.75,9129.09,9140.47,148356947
2018-06-25,9159.08,9179.0,9053.34,9126.6,117142263
2018-06-26,9128.54,9193.41,9039.21,9109.82,167522320
2018-06-27,9027.09,9022.25,8873.39,9017.57,187376440
2018-06-28,9021.72,9035.26,8960.27,9020.26,116647462
2018-06-29,9062.06,9088.56,8960.16,9017.44,240841759
2018-07-02,9019.33,9157.14,8953.36,9049.19,109439043
2018-07-03,9125.73,9084.94,9013.44,9063.15,273297239
2018-07-04,9111.93,9178.65,9118.45,9159.09,74963051
2018-07-05,9299.67,9395.18,9261.31,9270.69,280424553
2018-07-06,9101.7,9308.68,9096.4,9153.14,170153729
2018-07-09,9246.6,9309.39,9237.08,9258.29,215781581
2018-07-10,9128.69,9232.29,8993.55,9125.28,181568103
2018-07-11,9179.59,9277.89,9190.25,9197.5,125066537
2018-07-12,9267.27,9312.77,9174.37,9274.01,251475109
2018-07-13,9007.41,9090.17,8994.33,9057.67,246975158
2018-07-16,9036.77,9136.6,9019.22,9072.6,125381686
2018-07-17,9041.49,9066.18,8878.3,9023.5,265710253
2018-07-18,8942.97,9052.65,8875.44,8941.91,206856490
2018-07-19,9074.59,9145.48,9090.45,9099.73,152024867
2018-07-20,9077.22,9036.72,8997.33,9029.39,216139461
2018-07-23,8898.75,8996.3,8836.3,8942.38,216838563
2018-07-24,8942.23,9015.56,8954.78,8955.18,296929301
2018-07-25,9018.89,9076.12,9034.74,9037.17,256586436
2018-07-26,9047.55,9032.4,8931.27,9025.35,271737381
2018-07-27,9165.08,9286.72,9055.32,9163.32,207290600
2018-07-30,9225.22,9348.34,9193.29,9229.22,263088821
2018-07-31,8917.39,8984.21,8921.01,8983.66,55207445
2018-08-01,8959.08,9022.83,8914.59,8928.18,140899311
2018-08-02,8861.7,9018.8,8787.77,8869.43,114947658
2018-08-03,8931.54,9074.64,8921.24,8927.41,230190058
2018-08-06,8615.25,8696.44,8637.37,8641.13,269293943
2018-08-07,8895.04,8928.58,8861.89,8927.39,61672478
2018-08-08,9045.52,9017.86,8879.36,8991.59,54659508
2018-08-09,8948.84,9092.38,8879.04,9012.77,211377652
2018-08-10,9113.7,9222.43,9069.46,9152.29,298374377
2018-08-13,9486.91,9505.8,9325.99,9431.05,290719708
2018-08-14,9564.08,9561.51,9527.74,9539.63,243708346
2018-08-15,9646.37,9809.78,9651.22,9658.95,97129184
2018-08-16,9727.74,9685.51,9658.26,9679.47,260603861
2018-08-17,9684.11,9758.31,9635.2,9666.83,149134384
2018-08-20,9622.58,9652.62,9584.31,9613.63,286669466
2018-08-21,9527.21,9603.44,9456.32,9518.62,184416455
2018-08-22,9458.66,9652.56,9410.69,9441.09,272781817
2018-08-23,9305.01,9308.84,9277.27,9286.22,255583855
2018-08-24,9363.3,9378.83,9270.09,9281.77,100191544
2018-08-27,9084.08,9132.75,9023.03,9091.17,110711045
2018-08-28,9111.42,9245.96,9083.6,9117.4,141819181
2018-08-29,9072.46,9225.81,9112.27,9117.57,245585816
2018-08-30,9136.92,9173.11,9136.19,9138.82,112840417
2018-08-31,9150.9,9119.78,9058.13,9083.22,248218120
2018-09-03,9483.94,9523.34,9411.35,9446.74,276593855
2018-09-04,9593.68,9663.02,9551.4,9614.59,167734371
2018-09-05,9470.66,9562.9,9388.02,9469.52,65323550
2018-09-06,9452.59,9534.46,9470.59,9501.87,213060114
2018-09-07,9397.28,9543.74,9387.73,9433.85,118027504
2018-09-10,9324.05,9363.48,9234.02,9318.48,250890432
2018-09-11,9148.71,9212.9,9051.48,9166.84,96286551
2018-09-12,9182.75,9343.83,9216.63,9221.28,258343905
2018-09-13,9164.73,9260.22,9022.67,9146.81,271550992
2018-09-14,9260.39,9301.5,9167.18,9263.44,241865121
2018-09-17,9325.77,9440.9,9327.81,9384.62,151180898
2018-09-18,9473.73,9611.0,9537.37,9553.02,277450275
2018-09-19,9433.92,9502.56,9358.24,9455.48,249309196
2018-09-20,9456.35,9602.57,9425.08,9516.81,110253498
2018-09-21,9525.77,9605.09,9590.3,9597.52,245837016
2018-09-24,9588.0,9697.76,9514.38,9544.89,93367158
2018-09-25,9453.34,9460.37,9368.48,9457.04,191863755
2018-09-26,9645.11,9743.48,9575.67,9655.36,235112932
2018-09-27,9680.39,9710.4,9648.11,9687.69,145196013
2018-09-28,9725.81,9816.04,9644.49,9770.27,198888549
2018-10-01,9690.11,9803.56,9671.29,9674.21,275699776
2018-10-02,9526.29,9559.56,9501.84,9531.27,247804783
2018-10-03,9438.96,9523.31,9422.95,9467.64,206470789
2018-10-04,9434.38,9521.4,9345.4,9457.36,257618796
2018-10-05,9290.01,9466.11,9315.05,9335.85,133870060
2018-10-08,9323.96,9355.11,9173.93,9339.14,256127370
2018-10-09,9138.15,9220.34,9118.6,9146.92,69791695
2018-10-10,9007.44,9048.97,8909.77,9023.05,216834581
2018-10-11,9105.98,9198.69,9049.18,9103.97,98189165
2018-10-12,9174.98,9283.14,9162.03,9177.86,151666954
2018-10-15,9145.44,9187.86,9080.61,9137.01,136025380
2018-10-16,9058.94,9063.11,9024.29,9024.89,215697305
2018-10-17,8934.21,9009.77,8891.84,8913.07,226748216
2018-10-18,8909.37,8910.99,8823.92,8875.48,80972569
2018-10-19,8921.75,8990.21,8816.64,8952.1,84507881
2018-10-22,9043.29,9136.4,9039.93,9061.73,71286036
2018-10-23,9033.06,9185.79,8972.31,9009.5,51833144
2018-10-24,8907.61,8950.3,8870.26,8883.75,131057177
2018-10-25,8893.82,8931.76,8738.26,8918.02,216095630
2018-10-26,8851.78,8884.77,8820.65,8830.18,212509670
2018-10-29,8743.76,8784.89,8735.15,8776.89,130364222
2018-10-30,8946.1,8953.2,8847.12,8928.91,61544226
2018-10-31,9025.79,9167.77,8894.89,9026.74,265858058
2018-11-01,8998.92,9137.75,9022.71,9049.04,137064776
2018-11-02,8893.96,8919.03,8862.77,8909.42,131719913
2018-11-05,9015.46,8938.75,8909.08,8937.44,76898134
2018-11-06,9069.57,9070.73,9061.13,9062.22,167587779
2018-11-07,9106.76,9031.57,8939.23,9023.73,294828125
2018-11-08,9129.98,9191.55,9173.25,9183.02,84650331
2018-11-09,9366.3,9403.48,9302.28,9338.25,235938776
2018-11-12,9443.88,9587.08,9499.75,9540.6,258047573
2018-11-13,9581.91,9614.03,9452.34,9581.92,138028888
2018-11-14,9682.08,9892.11,9593.02,9657.69,203164787
2018-11-15,9868.96,9859.58,9813.68,9835.99,196614233
2018-11-16,9864.66,10027.38,9829.14,9896.3,160235057
2018-11-19,9879.58,9889.56,9832.6,9838.69,259251356
2018-11-20,9767.01,9903.36,9773.15,9787.9,237645677
2018-11-21,9815.6,9894.82,9709.77,9822.04,281903295
2018-11-22,9651.48,9688.48,9563.25,9668.23,202574888
2018-11-23,9611.51,9701.69,9642.27,9655.4,197731551
2018-11-26,9855.87,9891.18,9752.27,9794.38,101015321
2018-11-27,9534.05,9539.46,9480.92,9532.22,192678525
2018-11-28,9765.21,9857.36,9674.05,9722.92,224388563
2018-11-29,9907.31,9898.74,9850.49,9866.08,92591919
2018-11-30,9775.78,9832.81,9709.0,9813.77,215589242
2018-12-03,9933.98,9891.29,9797.54,9885.89,276977473
2018-12-04,9910.91,9955.72,9722.62,9891.0,56941974
2018-12-05,10008.4,10189.96,9990.36,10050.25,284926118
2018-12-06,10198.58,10187.25,10084.24,10180.3,205336772
2018-12-07,9966.12,10012.67,9996.47,10007.06,103973268
2018-12-10,10150.99,10144.71,9907.99,10086.18,290921719
2018-12-11,10097.64,10079.99,9911.01,10064.88,153212117
2018-12-12,10077.32,10163.95,10068.81,10080.18,114280752
2018-12-13,10043.44,9993.48,9954.81,9992.89,264305738
2018-12-14,10155.61,10308.82,10217.53,10220.28,234552029
2018-12-17,10328.97,10519.58,10328.36,10360.02,149857499
2018-12-18,10258.43,10328.53,10209.81,10268.8,58910243
2018-12-19,10192.73,10149.19,10053.92,10102.39,101705936
2018-12-20,10015.14,10095.79,10046.26,10058.21,223039956
2018-12-21,10049.14,10223.7,10026.77,10118.23,135860772
2018-12-24,10095.07,10207.76,10150.11,10153.74,128465251
2018-12-25,10357.64,10438.38,10288.13,10320.23,217217022
2018-12-26,10403.63,10434.26,10389.2,10428.41,114586200
2018-12-27,10554.89,10590.97,10534.53,10561.61,57579735
2018-12-28,10642.62,10681.74,10455.7,10610.24,184417757
2018-12-31,10424.51,10437.77,10411.99,10431.11,135802623
2019-01-01,10418.88,10461.31,10217.38,10410.38,103892905
2019-01-02,10577.97,10710.41,10463.66,10555.38,216049981
2019-01-03,10535.37,10590.8,10445.02,10553.55,263496674
2019-01-04,10618.64,10722.31,10621.07,10625.71,57072724
2019-01-07,10598.42,10607.79,10537.1,10588.17,212453125
2019-01-08,10492.97,10511.54,10346.18,10456.66,184345684
2019-01-09,10412.29,10538.29,10433.72,10445.39,87435527
2019-01-10,10364.38,10625.75,10369.16,10491.14,170307012
2019-01-11,10438.08,10466.36,10377.37,10409.79,50165927
2019-01-14,10422.39,10512.71,10377.14,10383.86,247697161
2019-01-15,10274.78,10390.19,10183.58,10266.57,184901022
2019-01-16,10428.5,10548.64,10388.92,10417.32,66015353
2019-01-17,10360.26,10385.25,10253.09,10383.69,268603775
2019-01-18,10601.7,10692.51,10572.16,10580.53,200359837
2019-01-21,10828.26,10839.06,10660.88,10791.43,76573746
2019-01-22,10787.99,10946.58,10782.37,10785.55,229201443
2019-01-23,10760.63,10719.26,10420.79,10654.46,272830396
2019-01-24,10318.11,10526.7,10350.8,10383.05,176853658
2019-01-25,10203.76,10318.76,10180.93,10197.12,175073125
2019-01-28,9979.81,10026.95,9880.19,10026.91,275246498
2019-01-29,10243.35,10210.22,10070.31,10207.43,185548219
2019-01-30,10162.51,10269.18,10147.42,10227.2,174446495
2019-01-31,10227.56,10318.91,10222.18,10282.42,176403417
2019-02-01,9978.19,10009.31,9930.9,10003.53,225505539
2019-02-04,9868.85,9902.71,9855.56,9858.37,223528666
2019-02-05,9950.16,10087.38,9922.51,9973.91,51592163
2019-02-06,9991.33,10032.01,10006.77,10014.78,100541284
2019-02-07,9993.75,10086.87,9984.77,10000.99,113162906
2019-02-08,10067.45,10147.31,9980.47,10077.21,192052654
2019-02-11,10353.18,10358.62,10249.86,10291.95,298416239
2019-02-12,10296.39,10371.0,10231.84,10268.21,235108357
2019-02-13,10268.74,10305.46,10278.64,10282.09,196442193
2019-02-14,10398.47,10441.31,10305.22,10311.98,265355673
2019-02-15,10653.46,10687.46,10467.75,10632.55,284641899
2019-02-18,10319.79,10418.29,10299.35,10359.94,61168023
2019-02-19,10465.21,10528.9,10383.19,10454.48,129179251
2019-02-20,10466.72,10479.5,10430.48,10444.34,84856134
2019-02-21,10495.25,10534.35,10505.66,10524.2,183174646
2019-02-22,10398.41,10497.7,10406.35,10442.37,231677355
2019-02-25,10444.51,10486.52,10375.95,10440.9,238706701
2019-02-26,10524.73,10659.19,10530.61,10539.92,51274764
2019-02-27,11031.6,11030.15,10947.21,10966.72,119763737
2019-02-28,11117.07,11193.96,11069.97,11084.21,78603690
2019-03-01,10943.51,11069.78,10970.04,10971.63,223365802
2019-03-04,10937.01,10990.2,10661.77,10918.41,266388929
2019-03-05,10916.44,11007.43,10803.46,10861.39,275768557
2019-03-06,10564.26,10623.68,10566.06,10623.49,263141102
2019-03-07,10541.14,10653.7,10525.66,10584.44,179839574
2019-03-08,10687.22,10698.22,10636.81,10687.7,172622363
2019-03-11,10524.0,10568.85,10497.97,10522.5,209707648
2019-03-12,10665.27,10720.13,10574.79,10667.5,193578591
2019-03-13,10725.02,10775.59,10696.14,10738.37,172160267
2019-03-14,10630.68,10781.13,10601.62,10644.56,126745581
2019-03-15,10647.0,10753.46,10603.85,10630.66,239815473
2019-03-18,10901.29,10853.74,10790.01,10852.07,296905780
2019-03-19,10936.96,10960.0,10795.15,10958.04,71913079
2019-03-20,11071.42,10994.61,10902.47,10964.47,249571515
2019-03-21,11022.67,11100.97,10922.02,10936.9,141567286
2019-03-22,11010.91,10961.83,10849.95,10952.67,129589794
2019-03-25,10914.57,10939.56,10735.15,10887.46,182682684
2019-03-26,10692.8,10690.38,10581.47,10607.6,153126809
2019-03-27,10876.61,10956.15,10828.79,10889.25,277815326
2019-03-28,10879.42,10961.74,10803.81,10915.78,87937976
2019-03-29,10952.8,10982.17,10927.84,10975.89,146252811
2019-04-01,10929.09,10982.67,10908.75,10973.11,269095772
2019-04-02,10882.43,10967.02,10821.74,10877.13,157231108
2019-04-03,10869.87,10970.63,10751.01,10856.85,124939618
2019-04-04,10653.89,10839.79,10615.52,10645.34,75481606
2019-04-05,10959.83,10979.09,10802.68,10960.38,100502799
2019-04-08,10802.12,10836.83,10790.31,10796.37,158452575
2019-04-09,10736.03,10674.97,10575.51,10661.98,290051763
2019-04-10,10634.37,10712.63,10546.66,10608.06,106618576
2019-04-11,10826.55,10824.49,10760.75,10786.75,135668500
2019-04-12,10802.09,10842.55,10764.59,10793.86,57372826
2019-04-15,10563.41,10829.91,10620.08,10632.12,218648423
2019-04-16,10728.21,10827.14,10745.83,10806.62,202128110
2019-04-17,11002.71,11001.54,10879.7,10911.8,262538875
2019-04-18,10967.93,11025.78,10956.51,10991.31,283800563
2019-04-19,11068.78,11098.66,11094.84,11096.15,118943438
2019-04-22,11452.67,11479.99,11355.8,11441.43,51382166
2019-04-23,11792.29,11861.95,11748.63,11766.38,277852414
2019-04-24,11702.17,11728.76,11663.21,11670.58,170407495
2019-04-25,12002.06,12073.56,11881.78,11917.48,119331224
2019-04-26,12052.77,11997.42,11965.3,11980.85,238003722
2019-04-29,12023.04,12171.12,11986.56,12062.17,257774014
2019-04-30,11859.12,11819.63,11729.93,11813.34,58276408
2019-05-01,11775.5,12003.49,11720.43,11793.62,249983444
2019-05-02,11672.6,11710.5,11577.82,11679.03,268411701
2019-05-03,11755.46,11849.85,11776.98,11807.13,287252726
2019-05-06,11892.15,12133.74,11875.98,11973.24,194511753
2019-05-07,11668.44,11688.02,11636.98,11669.91,144714545
2019-05-08,11627.6,11710.37,11594.84,11672.23,201509704
2019-05-09,11887.97,11925.63,11788.01,11844.02,252272767
2019-05-10,11808.53,11855.53,11722.41,11821.82,202434031
2019-05-13,11951.33,12082.24,11784.3,11936.59,124297728
2019-05-14,12060.85,12013.92,11869.26,11995.23,155715669
2019-05-15,11981.11,12082.15,11943.09,12052.71,160986821
2019-05-16,11982.47,12046.07,11945.47,12017.31,211830045
2019-05-17,11848.72,11899.22,11745.44,11840.15,126431158
2019-05-20,11694.19,11687.38,11556.5,11679.59,146204385
2019-05-21,11842.09,11821.49,11581.9,11790.05,199853900
2019-05-22,11839.48,11829.85,11639.37,11798.56,212723717
2019-05-23,11788.16,11791.17,11681.34,11783.6,115309032
2019-05-24,11740.65,11730.22,11653.89,11726.42,111205485
2019-05-27,11702.45,11758.14,11639.01,11686.98,239139735
2019-05-28,11778.14,11859.22,11774.15,11847.79,236090580
2019-05-29,11796.09,11836.51,11749.29,11803.47,233308646
2019-05-30,11622.79,11628.04,11426.62,11611.25,51432278
2019-05-31,11747.64,11793.17,11715.05,11726.13,263085316
2019-06-03,11658.2,11735.16,11587.55,11701.47,248850438
2019-06-04,11652.24,11901.98,11687.96,11711.67,276647426
2019-06-05,11945.77,12044.29,11841.86,11956.99,177868150
2019-06-06,12053.7,11986.25,11807.37,11959.59,92560652
2019-06-07,11969.6,12046.18,11945.52,12008.96,117827637
2019-06-10,11893.13,11860.95,11790.9,11837.54,160866878
2019-06-11,11885.31,11841.74,11765.98,11810.45,230616267
2019-06-12,11909.33,11933.76,11848.54,11907.16,283998213
2019-06-13,11649.89,11841.48,11503.14,11681.66,239938785
2019-06-14,11740.87,11814.06,11660.77,11716.84,55281742
2019-06-17,11746.47,11796.71,11615.32,11737.31,147514798
2019-06-18,11708.64,11865.83,11662.92,11749.01,70536785
2019-06-19,11877.83,12125.4,11761.99,11909.21,59135158
2019-06-20,11986.9,12058.72,11888.3,11965.2,106231864
2019-06-21,12241.44,12219.58,12035.29,12195.91,164027266
2019-06-24,12034.37,12298.66,11932.36,12049.92,275366549
2019-06-25,12072.99,12128.81,11988.95,12076.33,221624482
2019-06-26,12127.29,12269.84,11988.19,12094.94,73590427
2019-06-27,11930.55,12004.65,11915.05,11938.78,276192872
2019-06-28,12074.78,12094.4,11988.85,12089.25,95361833
2019-07-01,12416.86,12479.76,12384.03,12454.49,120968459
2019-07-02,12419.25,12588.78,12422.47,12457.75,83416182
2019-07-03,12677.14,12556.78,12299.49,12543.24,179856128
2019-07-04,12552.72,12634.71,12397.52,12562.58,218096867
2019-07-05,12524.09,12566.07,12451.73,12456.08,268659805
2019-07-08,12261.43,12204.69,12053.41,12179.39,227474932
2019-07-09,12068.46,12152.1,11979.04,12077.33,210203510
2019-07-10,11890.52,11952.91,11778.83,11873.02,221199510
2019-07-11,12141.44,12192.24,12078.11,12136.47,167503844
2019-07-12,12046.46,12172.89,11990.14,12124.65,122356123
2019-07-15,12002.7,12146.72,12011.71,12077.68,69546224
2019-07-16,12221.94,12249.76,12190.56,12219.55,163559924
2019-07-17,12033.32,12066.72,12012.67,12053.81,108725539
2019-07-18,12033.97,12002.04,11877.16,11943.6,85599228
2019-07-19,11948.22,12007.08,11851.68,11959.54,131543989
2019-07-22,12215.92,12128.49,12051.77,12121.33,120743470
2019-07-23,12180.74,12442.2,12192.85,12204.0,260751031
2019-07-24,12341.75,12277.58,12188.28,12248.07,201238665
2019-07-25,12290.81,12325.94,12260.8,12265.97,241572365
2019-07-26,12361.64,12415.98,12264.93,12333.85,144873751
2019-07-29,12345.79,12419.78,12207.41,12371.11,158835006
2019-07-30,12245.63,12430.24,12109.0,12217.43,139442075
2019-07-31,12313.16,12269.41,12118.89,12230.35,215118228
2019-08-01,12064.77,12159.35,12042.08,12071.77,118314354
2019-08-02,12073.45,12126.22,11969.55,12089.86,260000359
2019-08-05,12010.73,12047.72,11991.05,12022.6,205344715
2019-08-06,12499.85,12498.03,12385.63,12419.37,131215763
2019-08-07,12461.53,12475.86,12301.74,12419.04,60213565
2019-08-08,12277.76,12269.68,12105.11,12207.07,195421938
2019-08-09,12207.55,12354.06,12100.45,12192.25,265640927
2019-08-12,12280.07,12374.85,12220.27,12278.14,80303538
2019-08-13,12566.99,12625.07,12496.04,12545.71,64796645
2019-08-14,12512.15,12537.29,12362.74,12458.82,58792359
2019-08-15,12206.63,12263.63,12116.08,12218.71,253156713
2019-08-16,12418.6,12550.35,12324.38,12350.98,192698836
2019-08-19,12161.56,12148.06,12139.62,12143.79,52196048
2019-08-20,11966.69,12138.79,12082.73,12082.99,206496754
2019-08-21,12092.16,12189.44,11999.6,12049.58,75740651
2019-08-22,11983.45,12124.24,11988.87,12044.74,271450139
2019-08-23,12197.34,12272.34,12050.7,12155.57,200370561
2019-08-26,12100.54,12179.95,12010.5,12057.06,82347088
2019-08-27,12037.14,12266.75,11957.02,12021.27,91248254
2019-08-28,12050.99,12063.54,11931.65,12024.84,278291814
2019-08-29,12106.24,12341.93,12031.61,12053.26,234627213
2019-08-30,12049.94,12154.17,11971.64,12073.88,87606413
2019-09-02,12184.71,12193.87,12123.06,12146.16,86919851
2019-09-03,12338.97,12417.9,12241.46,12281.83,136520815
2019-09-04,12435.55,12387.8,12248.93,12348.61,80079185
2019-09-05,12370.34,12508.12,12388.62,12425.3,225154215
2019-09-06,12205.78,12289.78,12158.94,12185.87,292060321
2019-09-09,12152.47,12201.13,12061.63,12199.39,236079978
2019-09-10,12229.85,12282.85,12229.23,12279.16,112631744
2019-09-11,12416.15,12517.64,12233.43,12398.35,282303849
2019-09-12,12300.33,12393.91,12172.67,12296.52,121735057
2019-09-13,12256.53,12281.19,12114.06,12200.65,201045999
2019-09-16,12101.71,12123.0,12022.52,12118.5,294059425
2019-09-17,12199.94,12214.09,12057.53,12206.48,142201814
2019-09-18,12382.88,12525.24,12220.69,12372.41,140647375
2019-09-19,12272.47,12352.86,12217.58,12314.92,151216210
2019-09-20,12426.49,12732.48,12366.08,12462.54,123428708
2019-09-23,12543.64,12514.12,12457.65,12487.89,210114555
2019-09-24,12446.89,12618.99,12390.72,12474.29,251411510
2019-09-25,12505.91,12543.22,12411.96,12447.03,85407165
2019-09-26,12601.19,12652.33,12403.23,12570.65,150657791
2019-09-27,12550.16,12695.35,12492.68,12628.33,62716439
2019-09-30,13029.44,13144.89,12972.39,13001.85,286719824
2019-10-01,12896.02,12890.08,12736.18,12869.13,285826255
2019-10-02,12981.5,13105.84,12831.9,12959.57,257531814
2019-10-03,12872.28,12916.34,12768.04,12879.59,292219183
2019-10-04,12697.44,12973.46,12694.91,12745.37,266700648
2019-10-07,12818.35,12885.28,12618.69,12749.69,173726838
2019-10-08,12772.67,12806.94,12611.53,12777.86,281168847
2019-10-09,13215.83,13530.44,13145.21,13262.7,286672776
2019-10-10,13262.49,13270.14,13215.84,13238.27,216593820
2019-10-11,13018.53,13124.46,13053.78,13057.32,283152451
2019-10-14,13058.79,13184.12,13062.46,13108.55,213463099
2019-10-15,12757.25,12784.35,12756.55,12776.44,176394265
2019-10-16,12733.74,12858.56,12686.8,12767.73,64245493
2019-10-17,12729.77,13036.62,12734.27,12776.39,130881317
2019-10-18,12952.73,13087.94,12708.56,12911.08,212132285
2019-10-21,13070.7,13131.32,12797.11,13076.66,142090777
2019-10-22,13065.26,13151.06,12837.62,13000.14,71433485
2019-10-23,12937.31,13023.86,12932.01,12981.68,59676770
2019-10-24,12774.22,12960.55,12828.35,12863.1,142283126
2019-10-25,12695.17,12733.44,12606.61,12687.62,224787370
2019-10-28,12837.93,12863.74,12668.67,12743.32,149566935
2019-10-29,12573.1,12553.76,12490.92,12546.45,81617287
2019-10-30,12647.63,12570.74,12272.14,12487.03,180494631
2019-10-31,12353.7,12347.26,12159.04,12337.32,150373528
2019-11-01,12440.68,12523.06,12354.77,12428.97,273003326
2019-11-04,12610.67,12839.89,12622.58,12720.34,263723011
2019-11-05,12540.84,12707.6,12429.96,12519.41,209827470
2019-11-06,12244.6,12268.43,12212.98,12236.34,83217039
2019-11-07,12203.0,12227.0,12012.39,12222.92,260584885
2019-11-08,12224.47,12232.72,12203.07,12231.16,88991486
2019-11-11,12267.4,12288.46,12188.1,12270.75,216952714
2019-11-12,12198.97,12267.37,12128.84,12207.75,106195099
2019-11-13,12284.57,12186.18,12158.33,12182.73,255571846
2019-11-14,12226.94,12281.16,12196.28,12245.1,189982193
2019-11-15,12420.98,12453.05,12409.18,12412.58,298696191
2019-11-18,12096.77,12175.62,12108.36,12116.34,208141733
2019-11-19,12103.71,12141.92,11884.83,12065.9,269914903
2019-11-20,12112.77,12166.81,11956.99,12104.21,243120835
2019-11-21,11957.32,12051.81,11876.55,11970.72,136149156
2019-11-22,12146.21,12242.37,12147.24,12240.51,175954935
2019-11-25,12160.52,12199.35,12116.76,12148.69,223863458
2019-11-26,12133.11,12208.26,12137.63,12148.16,225469189
2019-11-27,12236.41,12310.61,12096.53,12239.38,115475437
2019-11-28,12096.84,12216.38,12128.13,12154.33,193258272
2019-11-29,11948.6,11900.7,11826.65,11880.48,142582259
2019-12-02,11862.64,11878.52,11796.16,11822.13,199140191
2019-12-03,12050.73,12032.83,11959.97,11982.16,74753773
2019-12-04,11991.86,11989.29,11907.51,11937.09,219461861
2019-12-05,11844.09,11925.51,11633.4,11816.09,104037858
2019-12-06,11905.75,12052.84,11936.49,11960.4,174967605
2019-12-09,12004.2,11963.17,11805.53,11916.33,64434783
2019-12-10,11801.67,11952.48,11472.03,11845.63,196697101
2019-12-11,11860.86,12106.19,11759.21,11873.6,112213778
2019-12-12,12029.09,12129.87,11954.58,11995.18,133417303
2019-12-13,12403.88,12460.37,12309.96,12366.45,165956710
2019-12-16,12530.58,12545.1,12297.17,12501.97,279326474
2019-12-17,12671.71,12811.25,12554.58,12692.04,123778502
2019-12-18,12586.76,12629.94,12554.31,12617.39,170008620
2019-12-19,12587.63,12469.15,12321.01,12461.3,183063355
2019-12-20,12475.07,12607.35,12445.23,12477.03,252410583
2019-12-23,12491.75,12571.17,12496.41,12499.84,274417014
2019-12-24,12301.8,12362.87,12231.44,12337.01,186877044
2019-12-25,12327.71,12545.82,12209.53,12315.66,276002617
2019-12-26,12393.48,12555.53,12317.95,12383.67,145882327
2019-12-27,12445.14,12552.54,12444.08,12445.95,55849421
2019-12-30,12550.38,12564.02,12503.9,12531.24,94704407
2019-12-31,12672.02,12593.46,12486.78,12583.26,57168778
2020-01-01,12479.32,12518.9,12380.74,12509.09,263189831
2020-01-02,12436.42,12514.84,12353.65,12434.28,124124670
2020-01-03,12221.95,12417.53,12197.93,12253.7,154902059
2020-01-06,12553.11,12563.56,12428.41,12538.33,220177870
2020-01-07,12517.9,12612.18,12512.85,12546.43,212233321
2020-01-08,12490.59,12549.83,12495.91,12516.89,261146485
2020-01-09,12304.91,12477.92,12318.75,12377.17,120805953
2020-01-10,12854.67,12897.23,12765.01,12849.64,139577687
2020-01-13,12704.89,12792.2,12555.14,12683.09,101553196
2020-01-14,12714.67,12732.88,12566.95,12620.75,52460233
2020-01-15,12716.93,12803.02,12578.04,12693.09,268389151
2020-01-16,12772.51,12863.11,12724.47,12795.53,66569598
2020-01-17,12886.59,12974.51,12806.91,12957.06,270495376
2020-01-20,13197.05,13287.25,13123.33,13261.84,229799032
2020-01-21,13283.84,13499.48,13239.52,13353.04,68067960
2020-01-22,13281.86,13351.04,13139.02,13182.83,278495797
2020-01-23,13161.62,13147.78,13005.94,13146.48,84142677
2020-01-24,13173.07,13233.85,12999.06,13203.86,251850885
2020-01-27,13506.83,13621.48,13435.73,13558.89,244291930
2020-01-28,13282.9,13470.03,13260.04,13328.54,212631571
2020-01-29,13505.47,13603.89,13400.75,13538.47,270493312
2020-01-30,13647.13,13599.46,13538.7,13575.65,185944767
2020-01-31,13724.6,13800.2,13512.48,13726.25,186433360
2020-02-03,13635.74,13732.9,13709.75,13715.15,93590144
2020-02-04,13702.29,13614.47,13539.61,13576.81,86557668
2020-02-05,13649.85,13749.36,13608.61,13712.39,205200700
2020-02-06,13799.81,13887.42,13593.09,13832.5,71857230
2020-02-07,14083.04,14175.81,13948.95,14009.62,298001782
2020-02-10,14037.21,14092.96,13988.37,14013.94,279518080
2020-02-11,13888.9,14005.18,13768.44,13915.06,267359312
2020-02-12,13583.71,13683.06,13631.1,13650.95,83475245
2020-02-13,13745.81,13965.11,13793.88,13799.17,280228588
2020-02-14,13829.34,13995.67,13848.39,13879.67,81096379
2020-02-17,13718.72,13768.26,13688.18,13718.34,81502890
2020-02-18,13642.48,13633.25,13591.65,13632.06,103091755
2020-02-19,13550.52,13606.29,13498.61,13558.58,161882789
2020-02-20,13311.86,13492.51,13245.44,13313.95,141421034
2020-02-21,13128.36,13260.35,13102.97,13183.77,211853185
2020-02-24,13018.22,13133.93,12939.61,13002.97,234820305
2020-02-25,13008.02,12951.54,12796.66,12941.73,155489803
2020-02-26,12819.6,12910.79,12664.74,12827.96,92538716
2020-02-27,12564.5,12579.49,12543.77,12573.67,188684310
2020-02-28,12908.62,12987.41,12807.44,12904.33,122884846
2020-03-02,12913.62,13016.39,12766.53,12856.12,176246023
2020-03-03,12439.74,12563.36,12246.52,12484.42,93258289
2020-03-04,12356.43,12336.29,12261.05,12285.13,284131279
2020-03-05,12131.54,12230.89,12004.36,12111.14,195334589
2020-03-06,12057.93,12251.39,12042.68,12056.55,73528948
2020-03-09,11758.92,11757.19,11663.01,11702.13,102542812
2020-03-10,11579.85,11756.86,11579.77,11634.86,209030330
2020-03-11,11355.08,11332.08,11329.68,11331.42,163146633
2020-03-12,10945.68,10954.12,10761.13,10926.87,78113035
2020-03-13,10773.35,10871.06,10730.15,10813.82,103591997
2020-03-16,10798.46,10798.28,10778.1,10778.6,162935804
2020-03-17,10932.9,11038.04,10912.65,10920.52,80155379
2020-03-18,10541.18,10599.52,10430.1,10548.72,113526091
2020-03-19,10472.28,10495.47,10307.98,10436.26,193831197
2020-03-20,10158.49,10194.99,10177.2,10181.78,180086217
2020-03-23,10094.86,10215.87,9970.72,10083.95,290094157
2020-03-24,9702.35,9778.8,9577.88,9707.46,266168643
2020-03-25,9346.48,9380.75,9336.15,9369.52,166114862
2020-03-26,9117.29,9179.95,9063.43,9098.99,277934760
2020-03-27,8924.52,8965.08,8869.18,8931.94,148383718
2020-03-30,8637.59,8769.94,8639.87,8688.79,177512070
2020-03-31,8529.94,8601.48,8590.89,8591.84,228139997
2020-04-01,8735.35,8848.43,8657.7,8707.86,85748723
2020-04-02,8735.21,8785.88,8773.11,8778.07,245917416
2020-04-03,8973.22,8986.68,8935.92,8963.2,162719319
2020-04-06,9016.56,9050.04,9002.49,9014.58,74570313
2020-04-07,8868.56,8935.89,8819.25,8881.65,62598067
2020-04-08,9110.58,9072.82,8979.14,9039.83,171448485
2020-04-09,8981.9,9011.53,8882.95,8975.45,68317987
2020-04-10,9110.77,9107.21,9022.41,9083.31,177770192
2020-04-13,9280.18,9322.96,9251.93,9269.62,209988052
2020-04-14,9318.91,9340.21,9295.21,9327.55,133109433
2020-04-15,9157.03,9193.04,9129.33,9157.73,89211309
2020-04-16,9109.55,9111.72,8993.12,9056.72,243686138
2020-04-17,9253.4,9273.83,9212.96,9213.3,192094018
2020-04-20,9269.88,9267.64,9146.75,9198.07,192150848
2020-04-21,9219.84,9217.53,9158.2,9211.68,228775953
2020-04-22,9271.96,9325.81,9301.82,9304.59,106726401
2020-04-23,9374.5,9414.07,9340.16,9391.05,208409319
2020-04-24,9383.79,9496.38,9412.79,9428.59,168388335
2020-04-27,9437.18,9454.06,9366.96,9408.31,75366659
2020-04-28,9353.81,9385.96,9320.32,9375.78,127096543
2020-04-29,9366.3,9541.81,9430.61,9482.19,94987986
2020-04-30,9647.24,9642.74,9514.63,9553.1,197029459
2020-05-01,9504.97,9566.63,9519.34,9526.72,284575017
2020-05-04,9639.8,9813.56,9628.97,9662.09,274919088
2020-05-05,9715.52,9675.17,9630.8,9650.99,247141424
2020-05-06,9506.36,9632.23,9520.85,9552.53,202834932
2020-05-07,9509.17,9494.08,9380.82,9466.13,204361478
2020-05-08,9332.59,9383.24,9281.69,9354.58,152151432
2020-05-11,9277.58,9359.35,9313.01,9326.97,241888582
2020-05-12,9542.25,9480.83,9371.07,9477.58,202941850
2020-05-13,9421.06,9391.98,9360.36,9386.4,203218452
2020-05-14,9447.84,9481.85,9286.72,9413.2,237012642
2020-05-15,9353.82,9414.07,9284.32,9340.09,98422367
2020-05-18,9336.26,9400.09,9256.83,9313.94,167382347
2020-05-19,9097.71,9223.87,9085.42,9142.77,277008982
2020-05-20,9125.82,9148.56,9119.64,9121.75,209958947
2020-05-21,9070.03,9220.58,9039.77,9103.85,95809392
2020-05-22,9119.45,9196.26,9111.68,9170.4,147388892
2020-05-25,9215.73,9252.2,9087.98,9200.61,165453762
2020-05-26,9109.06,9144.91,8962.92,9067.06,159185066
2020-05-27,9182.03,9256.07,9187.12,9196.14,260061793
2020-05-28,9217.1,9247.89,9186.87,9224.93,293883384
2020-05-29,9210.29,9333.18,9151.11,9252.42,73760973
2020-06-01,9256.02,9419.21,9204.33,9255.75,128128163
2020-06-02,9227.92,9219.3,9183.11,9199.95,195784190
2020-06-03,9258.85,9316.61,9129.8,9229.63,245730223
2020-06-04,9309.78,9373.06,9227.36,9289.52,71312685
2020-06-05,9069.14,9142.56,9031.32,9091.63,51276831
2020-06-08,9010.93,9103.1,8996.8,9034.43,98079494
2020-06-09,9038.41,9017.39,9006.9,9009.74,218568137
2020-06-10,9072.55,9094.38,8971.3,9043.17,127097611
2020-06-11,9178.21,9232.99,9131.3,9184.53,62268598
2020-06-12,9084.48,9112.41,9078.92,9100.0,74257275
2020-06-15,9089.63,9077.43,8944.37,9047.39,298449302
2020-06-16,8980.49,9044.17,8984.03,8993.44,294761034
2020-06-17,8933.89,8924.09,8868.76,8907.32,93377331
2020-06-18,8867.81,8876.68,8802.73,8872.67,76905100
2020-06-19,8925.96,9075.26,8863.24,8963.52,89960267
2020-06-22,8906.58,8896.4,8756.32,8849.51,183871046
2020-06-23,8905.85,8950.73,8780.84,8901.57,113936308
2020-06-24,8692.1,8722.87,8688.28,8716.89,159624894
2020-06-25,8611.4,8664.84,8587.67,8659.58,135117419
2020-06-26,8583.29,8633.36,8605.17,8627.81,71696585
2020-06-29,8802.85,8994.05,8812.65,8816.0,180135494
2020-06-30,8857.4,8815.79,8770.7,8789.72,58528690
2020-07-01,8533.37,8692.68,8551.87,8553.37,105842745
2020-07-02,8392.94,8380.87,8325.86,8344.63,114811162
2020-07-03,8347.82,8481.3,8346.12,8352.18,75256454
2020-07-06,8381.24,8443.25,8403.17,8421.03,138199542
2020-07-07,8448.97,8599.57,8433.8,8464.99,83774897
2020-07-08,8443.43,8546.1,8463.96,8486.92,166608919
2020-07-09,8586.71,8721.03,8576.5,8616.21,239620566
2020-07-10,8531.57,8588.22,8430.59,8561.91,163187480
2020-07-13,8597.14,8663.15,8561.66,8663.11,191121579
2020-07-14,8542.23,8511.43,8453.13,8490.85,82502307
2020-07-15,8405.68,8405.62,8309.54,8398.59,91170016
2020-07-16,8190.91,8305.07,8160.99,8213.45,72042788
2020-07-17,8196.22,8222.6,8177.09,8188.96,122116969
2020-07-20,8160.72,8314.0,8089.47,8188.09,292068582
2020-07-21,8116.12,8230.63,8186.57,8203.77,74891827
2020-07-22,8311.23,8242.07,8192.07,8214.08,62762492
2020-07-23,8128.68,8215.31,8048.89,8122.52,172829246
2020-07-24,8087.83,8165.82,8010.55,8106.93,180814982
2020-07-27,7897.64,7988.06,7927.84,7959.21,285600989
2020-07-28,8052.53,8170.49,8079.92,8100.95,262517307
2020-07-29,8127.29,8090.71,7998.46,8073.86,257614430
2020-07-30,8076.34,8079.48,7980.2,8028.1,294059768
2020-07-31,8219.03,8240.73,8118.21,8194.34,107100140
2020-08-03,8034.93,8103.64,8014.26,8070.93,168662637
2020-08-04,8009.16,8003.01,7950.2,7961.07,74080420
2020-08-05,7869.75,7866.55,7843.69,7855.62,132593300
2020-08-06,7873.21,7905.94,7820.83,7852.64,101142753
2020-08-07,7913.32,7900.32,7845.12,7899.22,180755373
2020-08-10,7928.89,7998.09,7971.23,7976.98,294401172
2020-08-11,8204.11,8354.34,8232.5,8243.62,189277543
2020-08-12,8000.73,8101.1,8002.33,8017.09,83038803
2020-08-13,8103.47,8113.8,8077.55,8082.66,172036577
2020-08-14,7985.61,8125.11,8007.81,8029.95,274968775
2020-08-17,7969.05,8023.05,7834.81,7974.64,158275039
2020-08-18,7910.79,7969.13,7754.17,7916.38,90698931
2020-08-19,7854.82,7866.8,7789.95,7829.99,288822621
2020-08-20,8023.34,8084.86,7853.35,8001.75,84481151
2020-08-21,8058.27,8161.36,8052.42,8090.97,248289180
2020-08-24,8144.04,8186.96,8085.12,8097.19,187395524
2020-08-25,8201.77,8240.53,8170.17,8240.11,192397899
2020-08-26,8123.77,8228.27,8069.99,8088.43,83903782
2020-08-27,7940.23,8036.09,7954.01,7957.74,182445466
2020-08-28,7751.12,7821.68,7676.08,7746.04,231070324
2020-08-31,7688.68,7708.37,7603.77,7681.74,79209292
2020-09-01,7707.16,7723.91,7615.65,7701.07,191693294
2020-09-02,7735.54,7719.2,7664.33,7714.73,219971337
2020-09-03,7745.05,7736.16,7726.41,7732.94,221183139
2020-09-04,7624.12,7608.03,7594.31,7600.3,258294494
2020-09-07,7695.53,7715.56,7667.37,7681.25,282180710
2020-09-08,7669.16,7718.79,7681.37,7708.15,158380908
2020-09-09,7791.77,7842.1,7721.35,7783.37,279787299
2020-09-10,7586.43,7630.71,7498.79,7603.58,150328025
2020-09-11,7603.23,7674.2,7601.75,7637.12,96862955
2020-09-14,7518.54,7607.66,7475.94,7527.26,175877843
2020-09-15,7498.74,7574.67,7484.41,7493.25,172986750
2020-09-16,7554.99,7553.02,7542.91,7547.46,123804705
2020-09-17,7591.66,7618.2,7528.6,7559.72,112245540
2020-09-18,7521.74,7525.9,7459.38,7482.62,208389447
2020-09-21,7496.84,7505.31,7363.96,7486.77,233059267
2020-09-22,7362.39,7379.13,7320.07,7347.19,170719162
2020-09-23,7460.84,7509.34,7435.04,7457.99,67617564
2020-09-24,7465.11,7446.59,7302.08,7442.27,162249886
2020-09-25,7566.2,7560.94,7516.14,7551.49,297664193
2020-09-28,7503.5,7538.26,7496.42,7505.13,126634712
2020-09-29,7523.55,7596.69,7402.96,7459.34,244202085
2020-09-30,7375.24,7436.51,7386.53,7391.39,284916098
2020-10-01,7520.49,7537.1,7430.32,7476.99,291873148
2020-10-02,7373.83,7437.29,7351.9,7413.99,168030829
2020-10-05,7502.34,7543.01,7469.19,7478.0,128703849
2020-10-06,7488.39,7451.73,7389.89,7445.6,295425258
2020-10-07,7210.56,7303.72,7217.13,7265.99,64243396
2020-10-08,7221.42,7270.56,7207.04,7217.41,228494229
2020-10-09,7134.73,7203.29,7060.14,7114.37,265363919
2020-10-12,7127.98,7288.58,7055.42,7120.8,208887624
2020-10-13,7028.76,7032.21,6997.44,7018.14,182130868
2020-10-14,7107.75,7141.56,7059.93,7103.88,161685551
2020-10-15,7068.04,7124.83,7075.07,7099.11,78774344
2020-10-16,7153.75,7101.71,7015.24,7086.62,229144432
2020-10-19,7134.43,7201.78,7146.45,7148.83,151648203
2020-10-20,7252.19,7314.75,7168.49,7239.62,263027502
2020-10-21,7222.5,7378.43,7176.01,7241.23,287534249
2020-10-22,7109.32,7223.77,7150.04,7174.63,171703683
2020-10-23,6993.44,7113.96,6947.35,7019.4,186236400
2020-10-26,6921.99,7001.8,6938.29,6962.3,274427473
2020-10-27,6941.84,6956.79,6885.76,6911.66,210148521
2020-10-28,6907.48,6989.45,6899.56,6924.29,190271530
2020-10-29,6883.34,6967.73,6891.73,6897.53,184124532
2020-10-30,6931.25,7000.59,6918.94,6960.88,53847520
2020-11-02,6913.22,7018.28,6849.57,6910.62,169196329
2020-11-03,6889.15,6913.89,6901.19,6908.95,235545597
2020-11-04,7043.97,7078.54,6991.68,7016.12,126558309
2020-11-05,7058.27,7080.86,6952.47,7049.76,262857168
2020-11-06,7031.66,7132.75,6911.1,7047.78,273836875
2020-11-09,7021.67,7006.05,6917.39,6997.87,234448394
2020-11-10,6945.79,6979.17,6918.87,6945.57,167734224
2020-11-11,6875.39,6909.43,6843.1,6874.8,92668706
2020-11-12,6791.39,6879.74,6703.35,6831.36,160661736
2020-11-13,6898.03,6942.64,6812.06,6899.99,202227505
2020-11-16,6892.86,6995.31,6874.61,6884.0,203219774
2020-11-17,6807.27,6780.36,6697.47,6771.15,182195451
2020-11-18,6906.15,6935.9,6877.89,6926.98,131702597
2020-11-19,7021.68,7024.43,6930.23,6958.27,286223586
2020-11-20,6854.51,6849.88,6834.62,6839.28,236824709
2020-11-23,6763.19,6860.46,6760.04,6804.55,118541215
2020-11-24,6794.26,6829.06,6804.56,6817.31,101602698
2020-11-25,7008.23,6983.57,6942.23,6968.62,247184554
2020-11-26,6909.47,6890.31,6814.65,6875.28,294166438
2020-11-27,6964.16,7030.75,6927.38,6963.66,175012620
2020-11-30,7095.16,7207.57,7077.16,7090.91,212002188
2020-12-01,7005.53,7064.83,6932.02,7038.32,264620710
2020-12-02,7054.18,7053.92,6977.66,7017.09,134065197
2020-12-03,6901.99,6972.01,6821.01,6929.37,292377377
2020-12-04,6938.29,6922.64,6846.08,6914.92,213214530
2020-12-07,6952.42,6948.59,6909.97,6915.03,232233411
2020-12-08,6977.4,6989.78,6926.92,6976.06,166841063
2020-12-09,7103.29,7156.15,7074.12,7075.9,279630708
2020-12-10,7064.69,7031.5,7003.6,7012.86,294716608
2020-12-11,6851.77,6877.98,6823.03,6844.44,224493896
2020-12-14,6841.06,6871.15,6822.42,6845.87,144855024
2020-12-15,6872.66,6946.22,6869.73,6874.5,63816049
2020-12-16,6878.92,6961.6,6897.12,6899.42,155659398
2020-12-17,6853.31,6962.46,6809.39,6874.36,210660698
2020-12-18,6900.64,6942.35,6884.81,6888.45,62580866
2020-12-21,7019.97,7095.98,6936.43,7024.58,209688143
2020-12-22,7071.06,7081.28,7038.13,7061.81,204280903
2020-12-23,6990.1,7067.81,6962.41,7032.01,273218628
2020-12-24,6988.58,7034.71,6982.7,6991.17,221249977
2020-12-25,7008.3,7015.51,6939.64,6979.54,154094173
2020-12-28,7096.45,7141.31,7052.04,7128.36,107066354
2020-12-29,7115.77,7119.7,7107.38,7115.3,97218074
2020-12-30,7064.12,7190.65,7076.47,7116.92,269660785
2020-12-31,7040.21,7100.1,7041.8,7077.17,81176213
2021-01-01,7202.45,7227.43,7170.45,7179.26,298938077
2021-01-04,7353.13,7402.34,7271.94,7362.24,179052004
2021-01-05,7461.67,7448.1,7304.47,7407.68,103794886
2021-01-06,7431.77,7480.77,7379.12,7418.94,270759921
2021-01-07,7441.68,7458.69,7311.21,7425.91,90074973
2021-01-08,7178.55,7319.0,7153.26,7209.59,183905420
2021-01-11,7269.85,7376.3,7176.22,7281.06,224078357
2021-01-12,7275.47,7322.6,7268.48,7296.85,108292170
2021-01-13,7308.55,7389.07,7314.7,7339.83,173700740
2021-01-14,7297.13,7354.07,7271.26,7277.8,56380565
2021-01-15,7271.14,7268.54,7107.43,7246.08,76101710
2021-01-18,7223.6,7255.55,7149.38,7212.09,154954750
2021-01-19,7284.79,7415.81,7254.55,7309.0,238302644
2021-01-20,7287.3,7301.97,7207.98,7277.67,297277092
2021-01-21,7417.53,7544.6,7312.86,7474.71,281290910
2021-01-22,7558.77,7533.74,7455.06,7518.98,222104765
2021-01-25,7364.19,7439.51,7367.72,7402.62,260965724
2021-01-26,7361.03,7442.87,7389.74,7394.17,290033126
2021-01-27,7340.58,7453.4,7321.14,7337.2,69885648
2021-01-28,7146.36,7164.15,7055.87,7140.53,98958846
2021-01-29,7287.23,7344.73,7280.19,7289.35,61538152
2021-02-01,7325.04,7373.87,7353.52,7357.71,61933189
2021-02-02,7444.43,7481.77,7357.23,7410.84,92448488
2021-02-03,7379.73,7574.28,7397.82,7429.83,167343568
2021-02-04,7261.72,7326.44,7216.52,7305.06,276351265
2021-02-05,7261.04,7268.31,7256.87,7264.15,261687254
2021-02-08,7307.95,7397.03,7223.39,7345.09,263172787
2021-02-09,7287.37,7260.21,7150.92,7251.91,287803677
2021-02-10,6994.47,7056.06,6998.23,7027.59,97863820
2021-02-11,7054.51,7048.46,6924.06,7010.85,261170489
2021-02-12,7030.66,7133.63,6933.93,7001.67,230798173
2021-02-15,7051.64,7090.76,6970.49,7016.98,239293296
2021-02-16,7138.53,7102.32,7067.18,7085.05,254663092
2021-02-17,7147.92,7178.31,7130.35,7145.6,282632467
2021-02-18,7143.29,7200.42,7133.37,7172.35,248555525
2021-02-19,7281.66,7312.17,7154.84,7284.67,175924348
2021-02-22,7133.78,7171.92,7065.46,7149.99,247448758
2021-02-23,7178.59,7217.88,7182.55,7199.01,204094494
2021-02-24,7263.9,7301.82,7194.69,7259.52,270568122
2021-02-25,7141.52,7194.38,7134.71,7150.43,207159314
2021-02-26,6998.54,7071.35,7008.18,7019.66,262719301
2021-03-01,6950.48,7004.62,6939.35,6957.31,150400737
2021-03-02,6918.01,6914.33,6894.65,6902.85,56072987
2021-03-03,6998.68,6974.52,6907.58,6972.0,266991481
2021-03-04,6877.15,6957.89,6879.45,6921.53,268513292
2021-03-05,6842.21,6924.8,6795.88,6850.51,260236083
2021-03-08,6797.32,6836.4,6768.22,6801.17,267004541
2021-03-09,6868.34,6919.2,6865.16,6900.98,196996796
2021-03-10,6902.1,7036.28,6838.89,6905.4,267881512
2021-03-11,6897.19,6903.99,6805.66,6893.11,184137900
2021-03-12,6901.13,6937.77,6828.67,6886.84,273125126
2021-03-15,7005.36,7034.98,6985.04,7003.2,109782865
2021-03-16,6916.25,6968.26,6855.15,6940.71,252897493
2021-03-17,7116.89,7062.72,6980.71,7060.07,214013837
2021-03-18,7105.67,7113.7,7004.53,7082.19,156966307
2021-03-19,7086.89,7079.67,7033.24,7071.25,152592775
2021-03-22,7330.43,7391.04,7247.28,7301.08,147606923
2021-03-23,7215.1,7263.9,7188.9,7208.05,226144295
2021-03-24,7216.36,7209.33,7093.2,7179.42,89873519
2021-03-25,7073.78,7100.06,7043.04,7072.17,102928727
2021-03-26,7161.01,7203.92,7047.61,7160.96,242515945
2021-03-29,7337.07,7417.24,7272.45,7318.48,170877286
2021-03-30,7524.79,7492.74,7370.11,7477.64,223147837
2021-03-31,7643.41,7632.94,7569.27,7597.46,229751565
2021-04-01,7600.16,7627.09,7557.61,7582.18,161912112
2021-04-02,7566.56,7591.43,7492.41,7550.96,242540210
2021-04-05,7417.75,7414.61,7347.21,7397.16,200551229
2021-04-06,7622.9,7604.85,7538.35,7592.96,178927236
2021-04-07,7681.3,7674.49,7495.06,7641.6,158893906
2021-04-08,7590.81,7655.92,7568.7,7598.0,229950274
2021-04-09,7770.63,7782.11,7685.1,7729.88,142914176
2021-04-12,7649.84,7643.13,7610.58,7639.36,174558439
2021-04-13,7702.25,7692.9,7648.98,7682.25,151562216
2021-04-14,7711.61,7781.22,7645.9,7669.21,217965796
2021-04-15,7757.97,7763.02,7727.68,7734.85,238411519
2021-04-16,7760.67,7780.14,7721.55,7732.34,204922848
2021-04-19,7584.06,7600.59,7574.49,7595.9,263592368
2021-04-20,7652.34,7751.25,7602.92,7606.75,138043256
2021-04-21,7733.07,7753.74,7688.46,7711.61,174133357
2021-04-22,7716.33,7734.72,7689.02,7712.44,135571472
2021-04-23,7826.16,7816.47,7724.73,7791.84,203524168
2021-04-26,7773.18,7698.23,7682.74,7693.54,224949154
2021-04-27,7658.68,7714.89,7673.29,7694.66,105488962
2021-04-28,7613.43,7723.95,7548.94,7637.99,147916172
2021-04-29,7796.74,7747.61,7687.75,7713.88,200625651
2021-04-30,7733.79,7726.65,7687.86,7720.62,100781092
2021-05-03,7797.69,7868.32,7766.91,7791.74,218262693
2021-05-04,7899.37,8042.25,7771.19,7903.02,146321357
2021-05-05,8014.53,8061.19,7829.91,7975.98,119567365
2021-05-06,8090.92,8056.95,7957.04,8007.28,107277177
2021-05-07,7889.93,7955.01,7865.87,7910.98,281086812
2021-05-10,7911.4,7924.56,7880.18,7914.47,70140094
2021-05-11,7854.2,7977.52,7854.15,7865.24,263665532
2021-05-12,7857.91,7845.31,7800.43,7834.94,212484728
2021-05-13,7839.92,7884.63,7747.59,7801.78,147811376
2021-05-14,7759.71,7740.63,7664.95,7709.72,243833224
2021-05-17,7548.58,7571.08,7507.49,7525.5,204470051
2021-05-18,7541.21,7507.18,7455.03,7465.98,84658838
2021-05-19,7470.54,7499.75,7422.23,7487.75,254155982
2021-05-20,7340.56,7405.42,7322.89,7365.15,211486453
2021-05-21,7413.43,7504.14,7336.84,7370.11,293983544
2021-05-24,7556.0,7558.56,7461.79,7552.29,280525873
2021-05-25,7611.78,7706.61,7620.89,7653.9,118692462
2021-05-26,7807.88,7869.85,7767.8,7817.77,279770810
2021-05-27,7868.16,7912.72,7795.46,7860.13,286338054
2021-05-28,7959.77,8099.56,7970.62,7980.4,238401454
2021-05-31,7879.59,8012.33,7824.21,7911.7,110863227
2021-06-01,7844.96,7896.71,7809.61,7851.48,142827224
2021-06-02,7556.44,7603.39,7535.69,7588.76,122261348
2021-06-03,7726.26,7743.92,7531.61,7706.68,291744202
2021-06-04,7800.32,7956.54,7839.05,7861.45,260615735
2021-06-07,7813.39,7820.18,7756.73,7810.56,227085677
2021-06-08,7805.51,7822.94,7746.11,7789.32,80972807
2021-06-09,7716.57,7730.06,7631.55,7719.37,170736035
2021-06-10,7794.3,7840.09,7724.0,7760.37,80151081
2021-06-11,7831.71,7885.61,7855.58,7874.89,199006630
2021-06-14,7685.92,7766.41,7691.51,7707.53,93881280
2021-06-15,7740.85,7846.62,7696.26,7751.08,97104499
2021-06-16,7749.82,7803.29,7684.89,7727.79,58212011
2021-06-17,7749.29,7796.07,7682.29,7742.52,256185292
2021-06-18,7857.93,7811.12,7658.15,7791.14,266247887
2021-06-21,7751.32,7814.18,7769.28,7776.39,168079149
2021-06-22,7726.59,7814.45,7693.9,7769.94,239463180
2021-06-23,7808.21,7758.0,7720.85,7752.73,184095908
2021-06-24,7806.88,7866.86,7834.35,7851.82,241944205
2021-06-25,7918.69,7914.37,7744.71,7897.12,51100409
2021-06-28,7891.85,8008.39,7866.8,7922.87,168400396
2021-06-29,7736.16,7896.71,7793.47,7800.72,149672813
2021-06-30,7755.66,7867.35,7733.88,7767.3,59516598
2021-07-01,7887.77,7880.09,7828.1,7859.49,142415899
2021-07-02,7828.52,7915.86,7834.12,7866.97,164484245
2021-07-05,7954.68,7952.15,7864.07,7936.39,139877843
2021-07-06,8143.64,8138.95,8106.18,8118.86,159122030
2021-07-07,8187.86,8243.72,8210.01,8229.72,285244946
2021-07-08,8235.8,8258.51,8204.25,8243.31,117814602
2021-07-09,8246.0,8238.43,8158.99,8194.31,193395741
2021-07-12,7959.32,7957.37,7863.42,7938.66,59933749
2021-07-13,7917.32,7966.62,7905.34,7925.61,74503641
2021-07-14,7910.0,7936.63,7825.23,7896.88,264254606
2021-07-15,7917.83,8031.04,7910.24,7939.6,95462557
2021-07-16,7963.31,7982.15,7924.54,7927.99,161033372
2021-07-19,7934.99,8023.81,7815.36,7899.81,260454267
2021-07-20,7732.1,7777.33,7627.83,7728.36,126822687
2021-07-21,7648.07,7713.97,7587.98,7641.02,96130804
2021-07-22,7659.98,7710.39,7602.71,7690.7,199863069
2021-07-23,7820.0,7869.46,7837.85,7862.52,129876715
2021-07-26,7844.77,7868.9,7725.01,7856.6,107307407
2021-07-27,7890.12,7981.85,7795.93,7892.88,115773987
2021-07-28,8025.94,8027.08,7936.75,7991.97,129116287
2021-07-29,7943.7,7948.06,7864.98,7914.5,198491089
2021-07-30,7960.83,7981.96,7945.0,7954.95,106578536
2021-08-02,7922.38,7916.54,7797.9,7884.83,261179695
2021-08-03,7944.91,8030.82,7907.81,7975.01,287276390
2021-08-04,8028.49,8013.75,7936.09,7994.04,117142427
2021-08-05,8002.6,8143.15,8007.96,8027.98,148800957
2021-08-06,7992.44,7956.08,7932.16,7953.0,122895225
2021-08-09,8027.56,8126.7,8005.77,8027.98,70857298
2021-08-10,8179.65,8389.64,8236.98,8245.56,156443191
2021-08-11,8169.18,8208.32,8087.44,8145.39,231877815
2021-08-12,8140.74,8124.97,8060.57,8114.46,169137610
2021-08-13,8127.18,8158.87,8103.53,8142.05,201372048
2021-08-16,8214.82,8246.04,8060.79,8227.04,146414397
2021-08-17,8167.92,8192.1,8164.77,8173.14,173728916
2021-08-18,7829.55,7916.94,7883.44,7890.31,119523620
2021-08-19,7954.46,8128.47,8019.62,8030.42,176088683
2021-08-20,8153.82,8161.4,8062.64,8111.59,256322546
2021-08-23,7913.02,8033.1,7855.05,7939.19,122584609
2021-08-24,7940.9,7948.4,7853.2,7882.4,53325920
2021-08-25,8087.61,8063.94,8020.59,8043.51,174546844
2021-08-26,8246.86,8205.66,8157.8,8195.48,249298627
2021-08-27,8275.34,8320.23,8252.39,8296.92,106908767
2021-08-30,8229.19,8373.67,8188.66,8282.48,84128827
2021-08-31,8259.03,8309.74,8228.66,8295.09,85886346
2021-09-01,8270.57,8312.24,8265.69,8285.36,236146521
2021-09-02,8328.16,8443.9,8393.63,8407.98,115162577
2021-09-03,8303.85,8438.03,8262.94,8319.67,112293887
2021-09-06,8232.91,8255.17,8213.68,8239.56,231685108
2021-09-07,8305.85,8358.04,8333.14,8349.08,226496827
2021-09-08,8313.64,8409.86,8278.74,8348.39,148874842
2021-09-09,8491.19,8570.56,8401.7,8498.69,139129167
2021-09-10,8443.12,8502.75,8346.63,8431.11,297464009
2021-09-13,8399.27,8438.46,8358.47,8429.3,94851051
2021-09-14,8345.62,8355.43,8283.84,8335.88,184199969
2021-09-15,8345.19,8430.93,8240.37,8340.62,199410464
2021-09-16,8192.13,8191.28,8186.48,8190.59,273780233
2021-09-17,8123.06,8205.3,8105.2,8144.3,239921769
2021-09-20,7959.39,8046.92,8000.69,8002.07,159914683
2021-09-21,8130.98,8084.15,8041.67,8076.18,142873753
2021-09-22,8173.86,8224.37,8079.83,8153.3,131597289
2021-09-23,8013.4,8072.89,7972.31,7981.29,136547992
2021-09-24,8117.7,8127.33,8098.13,8120.42,230229889
2021-09-27,8378.47,8420.37,8306.56,8383.97,83726291
2021-09-28,8409.3,8454.55,8384.56,8392.83,104141442
2021-09-29,8268.15,8378.98,8192.0,8329.28,147949471
2021-09-30,8596.61,8647.86,8604.17,8635.11,163782016
2021-10-01,8469.73,8575.54,8361.03,8496.85,92074391
2021-10-04,8487.58,8537.79,8436.74,8503.05,278129585
2021-10-05,8496.37,8595.8,8491.07,8526.37,129260586
2021-10-06,8687.78,8728.87,8631.63,8676.23,292406135
2021-10-07,8722.63,8788.12,8641.69,8719.79,162878123
2021-10-08,8717.61,8678.92,8636.15,8669.31,205964448
2021-10-11,8654.92,8650.35,8550.18,8570.12,180981157
2021-10-12,8494.23,8537.7,8492.93,8537.36,205967087
2021-10-13,8438.72,8463.66,8370.52,8433.75,182476211
2021-10-14,8447.77,8545.9,8398.56,8442.85,202998672
2021-10-15,8386.57,8424.09,8274.1,8387.05,259070905
2021-10-18,8198.84,8285.98,8168.96,8234.57,167570863
2021-10-19,8339.1,8377.68,8279.71,8369.81,259599530
2021-10-20,8329.46,8345.04,8258.11,8321.46,247746479
2021-10-21,8162.48,8248.4,8154.68,8193.46,161435307
2021-10-22,8185.22,8190.29,8179.53,8180.0,111316896
2021-10-25,8182.89,8194.81,8169.84,8190.95,155901002
2021-10-26,8021.05,8047.66,7932.33,8016.51,53491414
2021-10-27,8023.2,8189.66,8048.95,8053.91,102310757
2021-10-28,7957.15,8008.66,7871.67,7952.14,140459615
2021-10-29,8100.65,8135.06,8064.05,8129.29,157958354
2021-11-01,8192.29,8187.24,8171.85,8187.03,146144587
2021-11-02,8193.43,8183.99,8077.25,8149.77,100440155
2021-11-03,8085.89,8138.85,8008.99,8077.46,76107986
2021-11-04,8081.02,8106.31,8049.61,8070.63,167542811
2021-11-05,8163.65,8187.31,8111.28,8137.05,137398062
2021-11-08,8092.62,8180.85,8129.82,8138.31,102353642
2021-11-09,8175.77,8189.53,8103.91,8119.94,144466198
2021-11-10,8095.46,8216.49,8051.7,8129.79,263562287
2021-11-11,8100.41,8120.58,7937.61,8072.01,84967148
2021-11-12,8065.04,8042.33,7988.4,8041.01,150009693
2021-11-15,7807.91,7836.21,7820.94,7836.19,149504987
2021-11-16,7968.72,7972.08,7879.42,7936.69,72829374
2021-11-17,7986.29,7987.64,7942.54,7970.42,274778060
2021-11-18,7956.59,7965.63,7851.86,7896.89,288263542
2021-11-19,8098.19,8137.45,8091.5,8091.93,237145252
2021-11-22,8101.14,8204.08,8049.28,8104.66,288841099
2021-11-23,7986.88,8048.38,7988.54,8003.36,289644233
2021-11-24,8037.62,8115.07,8042.15,8094.07,289251570
2021-11-25,8128.28,8211.57,8073.12,8138.64,124525776
2021-11-26,8174.06,8231.1,8172.52,8183.09,264653632
2021-11-29,8151.73,8199.16,8138.62,8143.19,53834581
2021-11-30,8146.8,8240.93,8113.06,8193.44,79488654
2021-12-01,8162.54,8191.51,8156.78,8170.36,76639695
2021-12-02,8250.68,8249.26,8116.72,8231.7,150435027
2021-12-03,8062.05,8082.18,7953.63,8040.32,203234185
2021-12-06,7940.78,8048.82,7991.98,8000.3,292316073
2021-12-07,8202.79,8194.64,8167.93,8179.67,51534105
2021-12-08,8096.87,8115.74,8064.66,8104.86,187226032
2021-12-09,8041.31,8067.63,7994.91,8047.27,259473788
2021-12-10,7930.07,8080.0,7897.91,8005.79,86026869
2021-12-13,7935.07,7920.01,7887.13,7887.95,254794303
2021-12-14,7680.6,7772.85,7608.42,7675.17,193750416
2021-12-15,7609.65,7688.63,7655.57,7656.55,104811553
2021-12-16,7684.84,7710.49,7654.1,7673.32,266100712
2021-12-17,7682.47,7698.58,7501.08,7671.9,154989496
2021-12-20,7699.02,7753.2,7597.2,7661.56,238119893
2021-12-21,7659.86,7669.86,7666.32,7669.36,242254458
2021-12-22,7772.91,7773.02,7765.58,7772.54,225782019
2021-12-23,7737.66,7827.21,7698.58,7757.6,188618566
2021-12-24,7723.79,7794.82,7643.79,7705.36,96678366
2021-12-27,7657.7,7687.16,7502.85,7681.78,213468370
2021-12-28,7714.09,7756.17,7701.92,7741.74,141518915
2021-12-29,7882.31,7910.77,7882.69,7884.45,50979761
2021-12-30,7787.65,7831.25,7743.94,7826.02,190757117
2021-12-31,7889.76,7908.68,7784.31,7839.52,74030421
2022-01-03,7937.48,7904.16,7735.22,7876.76,105993154
2022-01-04,7768.45,7815.78,7747.91,7782.58,90902358
2022-01-05,7745.09,7810.09,7719.72,7788.29,148789315
2022-01-06,7659.73,7751.75,7539.03,7649.43,234397399
2022-01-07,7469.96,7512.69,7434.68,7484.39,144212991
2022-01-10,7557.98,7587.04,7410.84,7522.63,288734266
2022-01-11,7466.32,7505.91,7450.55,7489.9,258144845
2022-01-12,7528.96,7531.76,7497.71,7512.59,153090800
2022-01-13,7517.9,7614.2,7431.87,7514.48,147777768
2022-01-14,7406.05,7471.23,7421.5,7426.14,288767474
2022-01-17,7432.57,7491.51,7382.22,7425.44,137625790
2022-01-18,7340.16,7405.69,7305.74,7314.46,142208066
2022-01-19,7449.9,7450.22,7400.44,7447.31,169468782
2022-01-20,7327.51,7397.69,7311.56,7324.66,237629012
2022-01-21,7284.57,7376.87,7308.95,7310.09,161333401
2022-01-24,7251.2,7238.26,7106.74,7218.16,214568703
2022-01-25,7304.08,7296.46,7265.38,7273.69,155754624
2022-01-26,7234.93,7252.43,7168.89,7246.83,181455069
2022-01-27,7199.48,7295.99,7165.08,7203.06,162843634
2022-01-28,7325.58,7325.12,7193.4,7284.37,197093955
2022-01-31,7257.48,7294.04,7231.48,7290.54,248991821
2022-02-01,7359.39,7425.04,7317.62,7341.65,70211601
2022-02-02,7238.68,7270.59,7223.38,7254.89,238603403
2022-02-03,7181.73,7222.66,7114.21,7131.01,235996965
2022-02-04,7145.86,7172.93,7094.55,7144.05,64909737
2022-02-07,7154.69,7185.03,7102.92,7118.8,142405155
2022-02-08,7156.76,7259.41,7136.58,7178.62,204779407
2022-02-09,7138.98,7222.05,7142.86,7174.81,124553280
2022-02-10,7190.06,7367.77,7173.46,7196.8,188026562
2022-02-11,7061.87,7137.27,6990.21,7054.46,131616038
2022-02-14,7212.99,7273.82,7154.65,7227.76,275814781
2022-02-15,7238.14,7217.41,7201.92,7216.25,69861346
2022-02-16,7277.3,7327.33,7281.85,7283.42,74141564
2022-02-17,7150.5,7255.74,7200.8,7210.53,175099765
2022-02-18,7258.03,7267.64,7223.03,7242.02,91322042
2022-02-21,7102.35,7198.91,7124.24,7127.51,80818254
2022-02-22,7161.26,7178.69,7136.74,7171.63,281419173
2022-02-23,7187.32,7163.9,7137.37,7142.94,96107791
2022-02-24,7199.67,7168.81,7034.17,7148.97,181887312
2022-02-25,7198.94,7265.1,7114.65,7215.55,136944993
2022-02-28,7124.18,7128.52,6998.13,7107.75,219223625
2022-03-01,7034.5,7066.51,7050.07,7050.08,273277962
2022-03-02,7086.05,7139.32,7040.26,7094.19,60162459
2022-03-03,7270.04,7407.28,7267.54,7287.7,157458138
2022-03-04,7228.29,7296.55,7275.12,7278.5,228699749
2022-03-07,7339.19,7349.23,7309.79,7336.4,122777681
2022-03-08,7338.46,7427.87,7185.41,7330.01,190020846
2022-03-09,7494.99,7607.06,7499.94,7515.16,180285295
2022-03-10,7387.04,7446.67,7323.57,7355.04,125855180
2022-03-11,7354.47,7371.77,7269.98,7367.32,248765647
2022-03-14,7203.01,7249.66,7107.39,7221.41,164015617
2022-03-15,7015.0,7094.11,6991.11,7000.26,81792531
2022-03-16,6986.51,7061.42,6988.03,7029.89,269723740
2022-03-17,7071.16,7068.17,6997.36,7045.61,138778477
2022-03-18,7012.41,7037.33,6997.71,7023.71,155465159
2022-03-21,7045.43,7044.81,6979.91,7017.66,281171365
2022-03-22,7338.11,7302.15,7265.21,7300.49,199689837
2022-03-23,7298.89,7321.92,7222.56,7280.25,156934455
2022-03-24,7306.87,7333.29,7262.39,7330.68,150820974
2022-03-25,7238.02,7410.35,7265.21,7274.41,270610771
2022-03-28,7263.09,7330.07,7274.7,7305.0,50394490
2022-03-29,7318.72,7293.67,7262.62,7286.57,231386978
2022-03-30,7248.53,7271.94,7215.43,7252.44,53707046
2022-03-31,7406.29,7437.14,7331.64,7424.09,61365918
2022-04-01,7534.62,7625.06,7503.31,7538.6,76007375
2022-04-04,7587.86,7671.81,7535.59,7555.2,207896342
2022-04-05,7365.39,7348.56,7293.68,7342.52,283432225
2022-04-06,7325.51,7321.21,7287.58,7312.68,295702239
2022-04-07,7588.92,7628.07,7497.73,7569.61,190868880
2022-04-08,7556.68,7552.68,7469.97,7551.24,212390890
2022-04-11,7669.83,7745.57,7639.78,7660.57,290942615
2022-04-12,7811.63,7869.41,7786.5,7804.73,241944098
2022-04-13,7830.01,7883.54,7802.1,7830.01,260974325
2022-04-14,7774.46,7784.98,7712.58,7751.1,241222166
2022-04-15,7531.34,7542.04,7467.64,7520.47,131177991
2022-04-18,7562.45,7677.23,7478.65,7589.19,286095925
2022-04-19,7531.16,7527.35,7459.56,7515.26,274812118
2022-04-20,7543.0,7549.77,7478.12,7535.55,50110996
2022-04-21,7439.5,7483.62,7349.9,7421.35,213123474
2022-04-22,7397.03,7418.43,7368.5,7400.12,143574558
2022-04-25,7430.84,7502.32,7345.91,7406.79,137284273
2022-04-26,7433.61,7506.66,7427.17,7435.43,287784390
2022-04-27,7356.46,7362.01,7238.34,7335.22,109398255
2022-04-28,7436.62,7557.21,7425.48,7450.22,71664535
2022-04-29,7386.47,7479.93,7387.91,7397.93,147540397
2022-05-02,7264.39,7325.75,7244.59,7246.94,227725575
2022-05-03,7230.83,7319.58,7170.7,7240.44,153940428
2022-05-04,7310.97,7334.53,7220.53,7247.03,231445634
2022-05-05,7281.62,7287.37,7250.51,7265.16,192658721
2022-05-06,7395.18,7403.94,7393.14,7394.44,295614079
2022-05-09,7400.15,7471.24,7267.38,7375.96,92944588
2022-05-10,7354.19,7447.62,7352.67,7368.36,281229624
2022-05-11,7296.96,7308.0,7125.54,7270.11,247971829
2022-05-12,7375.48,7376.98,7314.74,7349.16,78142137
2022-05-13,7406.71,7406.1,7319.33,7369.75,52072031
2022-05-16,7321.42,7357.82,7308.11,7334.35,284362018
2022-05-17,7128.82,7167.01,7129.77,7163.86,196560020
2022-05-18,7281.08,7351.58,7296.51,7298.89,142020288
2022-05-19,7182.19,7209.45,7128.45,7190.29,259065537
2022-05-20,7187.94,7161.27,7140.19,7140.32,167408696
2022-05-23,7239.05,7212.52,7007.82,7176.05,117439913
2022-05-24,7081.8,7079.78,6967.62,7072.05,147147178
2022-05-25,6943.79,6961.52,6940.6,6943.53,104144281
2022-05-26,6753.94,6790.58,6754.74,6763.41,273193026
2022-05-27,6850.9,6917.0,6774.86,6828.37,226943575
2022-05-30,6844.26,6791.01,6741.34,6784.86,297208345
2022-05-31,7093.43,7050.53,7022.71,7043.11,157343239
2022-06-01,6990.42,6976.04,6929.52,6958.74,152423214
2022-06-02,6912.62,6891.19,6831.92,6881.7,145207588
2022-06-03,6858.87,6922.8,6750.26,6836.11,230627399
2022-06-06,6859.05,6879.91,6842.09,6860.35,152620241
2022-06-07,6802.97,6858.42,6817.52,6823.08,118635281
2022-06-08,6878.62,6906.35,6786.69,6879.19,223680331
2022-06-09,6809.62,6854.63,6757.48,6798.13,252604647
2022-06-10,6645.15,6694.79,6622.86,6684.01,285084929
2022-06-13,6533.4,6562.43,6515.53,6537.4,176063187
2022-06-14,6338.81,6367.77,6311.0,6359.82,59064567
2022-06-15,6347.09,6356.23,6269.38,6321.46,161515906
2022-06-16,6286.68,6380.03,6277.02,6300.53,70825191
2022-06-17,6261.79,6298.29,6233.13,6253.58,103395819
2022-06-20,6337.55,6436.03,6319.79,6355.35,157095585
2022-06-21,6498.78,6584.62,6395.63,6457.51,294981629
2022-06-22,6389.63,6440.61,6400.72,6433.4,128905712
2022-06-23,6304.6,6351.63,6211.41,6292.62,192528365
2022-06-24,6218.89,6255.49,6216.67,6250.83,173727533
2022-06-27,6194.08,6226.83,6187.13,6206.72,195462205
2022-06-28,6163.56,6164.86,6130.86,6158.48,51627879
2022-06-29,6113.73,6124.74,6060.86,6107.49,241370424
2022-06-30,6065.86,6061.79,6002.36,6060.3,149670409
2022-07-01,6037.39,6066.72,6031.15,6033.73,236637655
2022-07-04,5973.09,6041.57,5985.39,5988.46,86420113
2022-07-05,6003.12,6075.46,5999.98,6007.06,114929184
2022-07-06,6038.03,6043.71,6023.29,6037.27,200499462
2022-07-07,5975.91,6037.47,5889.52,5971.24,83867820
2022-07-08,6068.93,6095.96,6049.83,6070.52,135162607
2022-07-11,6016.39,6007.71,5904.31,5998.88,236836459
2022-07-12,5882.85,5904.43,5820.95,5880.65,54783004
2022-07-13,5916.5,5959.42,5831.19,5911.74,147518162
2022-07-14,5845.0,5889.98,5803.64,5853.96,234305061
2022-07-15,5855.75,5904.53,5852.6,5880.51,151076518
2022-07-18,5711.33,5750.68,5688.09,5707.81,112817021
2022-07-19,5839.66,5840.49,5734.26,5811.59,246368280
2022-07-20,5874.23,5926.36,5793.64,5863.82,90004752
2022-07-21,5737.93,5908.0,5743.23,5756.75,264033724
2022-07-22,5671.61,5688.61,5605.46,5653.18,135190194
2022-07-25,5768.56,5788.64,5757.14,5776.3,265390500
2022-07-26,5741.98,5765.42,5689.14,5725.61,116776642
2022-07-27,5660.09,5674.09,5636.99,5668.45,141509271
2022-07-28,5519.32,5549.77,5501.76,5511.53,63132409
2022-07-29,5478.45,5496.84,5413.83,5489.84,91680885
2022-08-01,5465.92,5480.72,5447.53,5476.72,263342673
2022-08-02,5494.31,5533.97,5455.55,5528.94,65063088
2022-08-03,5446.06,5497.86,5398.02,5434.93,94163033
2022-08-04,5342.26,5417.07,5317.45,5334.36,121062164
2022-08-05,5376.46,5407.74,5335.19,5367.31,135385674
2022-08-08,5444.4,5497.58,5437.81,5438.41,262179640
2022-08-09,5318.09,5343.44,5279.47,5334.35,82692985
2022-08-10,5431.02,5451.73,5385.57,5410.11,252172840
2022-08-11,5436.76,5417.49,5343.13,5415.25,128063248
2022-08-12,5475.55,5523.09,5479.85,5492.87,199000946
2022-08-15,5502.31,5534.34,5456.19,5490.63,131476460
2022-08-16,5340.05,5356.11,5309.12,5321.42,270546917
2022-08-17,5303.78,5326.77,5308.41,5313.77,147303188
2022-08-18,5381.41,5389.93,5361.37,5387.79,130308291
2022-08-19,5341.39,5347.39,5271.26,5330.0,95695484
2022-08-22,5274.48,5381.16,5240.72,5306.54,60207967
2022-08-23,5274.23,5321.48,5232.16,5297.3,193988945
2022-08-24,5089.48,5169.28,5082.36,5109.71,136510271
2022-08-25,5183.42,5306.15,5116.92,5220.93,205235627
2022-08-26,5186.85,5181.15,5136.9,5164.43,181868795
2022-08-29,5158.57,5207.61,5168.07,5199.92,273628059
2022-08-30,5203.85,5228.72,5184.99,5196.72,274469283
2022-08-31,5299.38,5308.85,5203.78,5282.23,253059620
2022-09-01,5305.61,5408.49,5294.69,5311.85,226793470
2022-09-02,5284.51,5338.53,5244.7,5298.67,89699243
2022-09-05,5246.74,5306.82,5194.37,5241.85,134789297
2022-09-06,5297.37,5361.08,5270.98,5297.33,157063257
2022-09-07,5197.0,5225.64,5172.27,5176.23,56602608
2022-09-08,5166.11,5232.75,5220.85,5221.01,209314102
2022-09-09,5132.73,5164.3,5141.6,5151.66,258040182
2022-09-12,5247.84,5236.71,5234.53,5236.08,164228311
2022-09-13,5250.29,5332.07,5231.29,5249.23,287472293
2022-09-14,5310.45,5328.25,5279.99,5294.52,214542535
2022-09-15,5308.08,5308.71,5282.74,5302.52,70751105
2022-09-16,5186.41,5206.98,5157.44,5189.2,295092907
2022-09-19,5129.47,5194.56,5118.16,5135.68,269184418
2022-09-20,5230.03,5272.69,5132.44,5181.84,236188279
2022-09-21,5227.1,5244.31,5165.86,5195.2,201282291
2022-09-22,5286.05,5284.88,5236.24,5275.59,193407764
2022-09-23,5306.66,5378.87,5297.69,5304.99,207134136
2022-09-26,5254.55,5260.01,5204.0,5243.27,210989018
2022-09-27,5210.59,5210.95,5159.78,5193.42,207994774
2022-09-28,5211.35,5236.96,5189.32,5202.63,296443295
2022-09-29,5040.35,5079.28,5017.42,5055.55,125790041
2022-09-30,5202.6,5176.85,5050.6,5165.73,280749254
2022-10-03,5202.15,5245.26,5156.21,5197.03,74983312
2022-10-04,5323.05,5338.04,5231.07,5280.51,280983806
2022-10-05,5182.74,5203.17,5147.07,5178.86,76217927
2022-10-06,5258.04,5266.44,5167.27,5263.21,173221673
2022-10-07,5445.85,5423.81,5406.57,5415.86,179529360
2022-10-10,5335.44,5355.42,5326.99,5329.02,130221487
2022-10-11,5386.5,5384.24,5342.26,5383.62,185031273
2022-10-12,5360.4,5394.46,5318.82,5386.26,248748398
2022-10-13,5298.94,5295.28,5263.83,5284.99,213244207
2022-10-14,5309.94,5325.34,5287.47,5320.44,167205201
2022-10-17,5369.54,5435.03,5336.41,5379.17,264841315
2022-10-18,5330.65,5368.74,5328.0,5341.13,242167480
2022-10-19,5432.27,5453.17,5420.83,5422.75,164940262
2022-10-20,5279.96,5343.32,5277.23,5312.59,123184444
2022-10-21,5211.56,5222.38,5193.14,5215.96,64507563
2022-10-24,5247.93,5240.77,5216.37,5227.44,167522326
2022-10-25,5205.53,5277.02,5208.84,5231.6,179835641
2022-10-26,5190.64,5239.7,5180.41,5187.05,86100054
2022-10-27,5229.48,5359.45,5219.63,5242.72,63918004
2022-10-28,5271.9,5284.1,5274.92,5280.42,150111392
2022-10-31,5375.72,5389.11,5339.66,5340.36,150188660
2022-11-01,5299.41,5392.83,5296.3,5334.62,84257207
2022-11-02,5394.31,5395.04,5350.7,5377.84,114751131
2022-11-03,5340.05,5379.41,5334.42,5350.28,138100843
2022-11-04,5481.55,5509.35,5456.14,5493.14,291353878
2022-11-07,5415.6,5480.95,5424.48,5439.78,183916222
2022-11-08,5605.51,5597.51,5577.83,5588.66,203181702
2022-11-09,5589.5,5684.82,5590.06,5593.78,129644782
2022-11-10,5493.3,5543.26,5481.72,5500.29,212000513
2022-11-11,5601.04,5642.27,5558.35,5598.59,189118528
2022-11-14,5606.32,5630.29,5551.58,5610.14,225725699
2022-11-15,5627.92,5752.67,5660.37,5673.33,77935239
2022-11-16,5752.91,5841.82,5714.91,5764.23,236951549
2022-11-17,5812.32,5807.44,5779.11,5791.58,228029872
2022-11-18,5716.6,5866.44,5705.06,5751.26,182013084
2022-11-21,5799.78,5826.31,5746.1,5825.17,187845585
2022-11-22,5818.05,5872.89,5735.34,5828.0,65480630
2022-11-23,5864.31,5911.19,5850.78,5881.38,108106788
2022-11-24,5726.03,5830.05,5687.34,5726.66,126832094
2022-11-25,5736.56,5835.82,5750.18,5761.75,125785733
2022-11-28,5709.43,5791.26,5701.56,5718.3,281710187
2022-11-29,5840.32,5888.9,5766.79,5841.44,215101975
2022-11-30,5905.57,5901.02,5886.8,5890.28,72988283
2022-12-01,5940.36,5915.44,5869.26,5910.92,293974767
2022-12-02,5943.86,5995.8,5936.69,5950.08,108670184
2022-12-05,5922.9,5961.04,5875.7,5878.5,264960846
2022-12-06,5998.41,6012.92,5909.33,6002.82,190431911
2022-12-07,6178.68,6174.08,6113.1,6158.26,101170059
2022-12-08,6239.61,6211.01,6177.68,6191.77,57278911
2022-12-09,6323.62,6331.36,6306.6,6320.1,135619757
2022-12-12,6243.44,6349.72,6193.75,6277.93,264531312
2022-12-13,6220.42,6233.23,6216.67,6218.16,102690189
2022-12-14,6209.1,6232.81,6207.81,6224.33,228979482
2022-12-15,6254.64,6297.92,6259.39,6261.51,171610867
2022-12-16,6282.97,6261.11,6213.32,6233.47,258022564
2022-12-19,6248.13,6309.7,6277.01,6278.84,202800460
2022-12-20,6313.7,6310.99,6207.15,6306.13,238245752
2022-12-21,6208.4,6257.56,6153.13,6230.27,202835557
2022-12-22,6266.39,6330.75,6256.57,6274.12,97809645
2022-12-23,6364.67,6409.91,6266.16,6345.77,126727781
2022-12-26,6370.62,6435.39,6344.8,6362.52,238263741
2022-12-27,6452.85,6496.01,6421.45,6458.67,232044482
2022-12-28,6346.85,6373.25,6289.94,6363.39,142726863
2022-12-29,6412.16,6436.97,6363.87,6404.07,97765579
2022-12-30,6356.47,6340.9,6284.69,6313.34,121167757
2023-01-02,6205.86,6252.31,6196.26,6228.31,125010657
2023-01-03,6229.21,6190.02,6162.66,6181.94,243582577
2023-01-04,6141.24,6183.69,6088.53,6111.91,185369182
2023-01-05,6106.01,6095.06,6071.12,6072.75,88027174
2023-01-06,6066.75,6112.6,6040.68,6059.27,113181387
2023-01-09,6155.14,6172.47,6120.58,6126.44,191946649
2023-01-10,6079.97,6137.38,6073.58,6104.6,243426000
2023-01-11,5970.72,5994.44,5940.57,5986.71,62159339
2023-01-12,6094.83,6142.92,5960.28,6076.22,255029684
2023-01-13,6022.45,6039.22,6006.62,6015.33,150637758
2023-01-16,6010.18,6065.68,5940.65,6013.75,73220490
2023-01-17,5989.99,6099.68,6015.22,6050.56,106694816
2023-01-18,6058.11,6097.78,6057.63,6068.68,80508840
2023-01-19,6126.94,6175.29,6119.7,6155.85,242960551
2023-01-20,6208.29,6213.82,6146.63,6196.06,126624557
2023-01-23,6127.42,6173.47,6126.26,6132.11,75143555
2023-01-24,6289.9,6364.63,6226.3,6305.75,242584415
2023-01-25,6391.08,6338.47,6274.58,6324.22,259993438
2023-01-26,6341.73,6324.69,6277.61,6315.5,234047882
2023-01-27,6422.72,6506.08,6352.36,6395.71,162986064
2023-01-30,6475.44,6420.78,6342.79,6418.9,279253786
2023-01-31,6475.05,6548.01,6405.95,6454.34,258731911
2023-02-01,6642.83,6725.77,6657.88,6663.38,278230804
2023-02-02,6619.89,6727.1,6605.63,6643.49,210513248
2023-02-03,6645.65,6679.42,6415.86,6620.1,199329393
2023-02-06,6578.34,6696.08,6575.98,6632.98,257100542
2023-02-07,6724.24,6820.83,6635.71,6726.34,81820804
2023-02-08,6545.67,6644.33,6571.89,6603.01,170984572
2023-02-09,6447.12,6468.32,6442.97,6444.58,150442557
2023-02-10,6421.99,6459.98,6291.72,6400.13,54591903
2023-02-13,6279.72,6363.62,6222.68,6272.71,294244312
2023-02-14,6265.62,6278.08,6217.0,6242.2,59987129
2023-02-15,6334.23,6296.05,6249.54,6284.84,132832455
2023-02-16,6214.09,6218.18,6142.91,6217.66,248596250
2023-02-17,6178.41,6178.23,6037.66,6109.8,263267225
2023-02-20,6123.25,6198.31,6108.71,6118.05,78642983
2023-02-21,6211.33,6212.76,6181.35,6187.84,138651292
2023-02-22,6045.18,6085.86,6043.35,6059.99,212136008
2023-02-23,6165.53,6197.14,6108.53,6125.85,190606545
2023-02-24,6218.01,6201.64,6182.82,6192.21,212902790
2023-02-27,6306.98,6284.69,6247.13,6270.07,175050473
2023-02-28,6371.49,6386.77,6363.02,6370.1,197861780
2023-03-01,6519.52,6560.53,6530.53,6552.42,179521615
2023-03-02,6538.21,6552.01,6521.32,6526.2,238609474
2023-03-03,6493.94,6597.46,6503.83,6538.32,206426079
2023-03-06,6498.46,6517.48,6507.0,6507.21,77493897
2023-03-07,6515.45,6516.39,6473.26,6510.47,254680765
2023-03-08,6703.73,6652.89,6599.13,6640.59,187073375
2023-03-09,6540.44,6535.9,6514.55,6532.11,178134279
2023-03-10,6468.32,6530.56,6458.54,6464.71,215571295
2023-03-13,6579.33,6650.37,6579.14,6580.99,154161393
2023-03-14,6633.49,6787.43,6620.4,6669.29,224547715
2023-03-15,6644.29,6685.45,6615.52,6642.01,189868316
2023-03-16,6719.85,6761.57,6706.51,6717.09,183387659
2023-03-17,6723.09,6794.79,6742.87,6749.24,229717108
2023-03-20,6848.64,6898.19,6847.8,6881.3,167824740
2023-03-21,6877.77,7008.64,6886.98,6891.05,167730915
2023-03-22,6985.81,7041.36,6927.97,6983.99,216000894
2023-03-23,7210.59,7233.66,7213.04,7223.82,63561010
2023-03-24,7251.31,7289.82,7268.72,7281.92,137498514
2023-03-27,7298.35,7302.91,7248.79,7289.92,189500910
2023-03-28,7375.94,7381.8,7244.15,7360.08,153672862
2023-03-29,7333.33,7330.46,7291.76,7329.77,183288043
2023-03-30,7540.22,7564.54,7456.41,7557.24,135250329
2023-03-31,7596.05,7616.76,7525.87,7578.02,130349804
2023-04-03,7549.84,7614.96,7548.66,7555.6,244271621
2023-04-04,7444.45,7505.8,7461.89,7480.03,91319964
2023-04-05,7619.21,7668.53,7554.64,7587.76,140794512
2023-04-06,7685.62,7722.11,7559.85,7674.77,110469242
2023-04-07,7626.82,7651.73,7608.81,7630.46,117528083
2023-04-10,7641.42,7750.89,7655.92,7689.74,55606569
2023-04-11,7526.07,7551.11,7538.74,7548.56,90436589
2023-04-12,7630.9,7581.05,7553.42,7569.78,265860398
2023-04-13,7570.75,7692.79,7531.48,7616.71,282406089
2023-04-14,7778.2,7834.95,7770.4,7786.03,101937733
2023-04-17,7713.95,7754.69,7624.54,7714.45,145605244
2023-04-18,7604.55,7600.89,7542.07,7594.82,155080047
2023-04-19,7468.2,7602.16,7483.34,7513.19,188004575
2023-04-20,7396.41,7421.34,7384.87,7391.26,147889793
2023-04-21,7469.64,7618.32,7492.04,7520.36,164464969
2023-04-24,7675.17,7780.79,7649.43,7672.18,266674394
2023-04-25,7686.76,7710.83,7705.59,7706.87,212722024
2023-04-26,7802.98,7906.06,7821.85,7830.1,136127250
2023-04-27,7873.26,7887.77,7809.93,7847.06,290569330
2023-04-28,7834.01,7844.05,7766.8,7841.4,193313704
2023-05-01,7827.09,7822.62,7724.02,7812.28,268112911
2023-05-02,7801.28,7829.52,7638.45,7785.5,105163132
2023-05-03,7677.59,7745.2,7585.17,7638.78,192540146
2023-05-04,7630.85,7842.28,7558.84,7667.91,272276307
2023-05-05,7695.85,7684.75,7653.91,7667.66,161240635
2023-05-08,7744.2,7765.56,7733.25,7743.69,200602168
2023-05-09,7744.78,7762.56,7732.2,7756.52,223376483
2023-05-10,7708.72,7760.41,7683.02,7744.32,64747711
2023-05-11,7682.03,7714.44,7661.47,7663.43,200245380
2023-05-12,7645.75,7740.66,7666.62,7674.05,169778961
2023-05-15,7765.5,7819.85,7703.72,7749.45,78350535
2023-05-16,7701.19,7667.04,7588.66,7642.26,78609932
2023-05-17,7684.34,7686.16,7598.07,7654.33,213951208
2023-05-18,7723.24,7838.92,7576.25,7680.5,295406025
2023-05-19,7593.05,7642.05,7585.84,7614.95,110177955
2023-05-22,7585.43,7564.68,7514.11,7562.36,243221778
2023-05-23,7553.25,7669.73,7574.71,7587.98,216067614
2023-05-24,7476.97,7506.3,7480.82,7483.96,99164031
2023-05-25,7572.98,7609.57,7450.6,7520.6,95668700
2023-05-26,7421.7,7572.49,7397.83,7439.79,75170284
2023-05-29,7577.21,7587.09,7507.36,7543.67,156916630
2023-05-30,7804.44,7811.74,7742.06,7772.87,150694431
2023-05-31,7725.76,7750.74,7620.98,7692.69,184312560
2023-06-01,7709.06,7748.88,7668.22,7748.33,127967866
2023-06-02,7697.5,7751.03,7595.59,7681.37,297210506
2023-06-05,7781.6,7869.0,7723.8,7786.48,184636225
2023-06-06,7700.37,7726.19,7616.76,7666.99,67237727
2023-06-07,7666.14,7761.74,7621.31,7717.23,191885689
2023-06-08,7647.68,7759.74,7612.92,7636.45,186762244
2023-06-09,7627.09,7700.82,7617.49,7620.19,253591928
2023-06-12,7465.52,7531.05,7456.48,7525.43,200660446
2023-06-13,7580.48,7631.28,7564.89,7607.42,103458188
2023-06-14,7476.07,7583.32,7395.95,7531.21,217721813
2023-06-15,7565.33,7664.78,7529.18,7587.37,90376767
2023-06-16,7574.76,7629.85,7548.87,7558.15,82007970
2023-06-19,7556.75,7601.12,7479.93,7550.85,181669532
2023-06-20,7573.65,7618.21,7533.35,7568.53,103128598
2023-06-21,7468.61,7558.25,7413.65,7499.8,257886674
2023-06-22,7557.0,7642.66,7510.34,7523.29,243160271
2023-06-23,7672.82,7687.61,7616.55,7673.4,241715422
2023-06-26,7603.19,7641.93,7601.94,7602.16,200600591
2023-06-27,7747.94,7813.21,7655.81,7718.9,150183961
2023-06-28,7838.52,8003.05,7848.47,7869.72,227172601
2023-06-29,7800.05,7869.27,7767.8,7792.93,203298043
2023-06-30,7667.98,7717.78,7649.65,7655.01,83454614
2023-07-03,7671.07,7749.03,7658.81,7687.85,162319416
2023-07-04,7658.58,7676.47,7630.14,7638.65,97547272
2023-07-05,7839.27,7873.71,7814.91,7824.34,184763442
2023-07-06,7828.33,7895.88,7783.32,7831.5,265473879
2023-07-07,7752.34,7835.32,7729.57,7756.44,115985824
2023-07-10,7664.8,7715.51,7510.59,7648.78,216444493
2023-07-11,7782.7,7823.09,7681.98,7758.23,167524571
2023-07-12,7708.21,7764.09,7615.41,7706.27,254346391
2023-07-13,7748.76,7812.86,7568.12,7714.2,278805738
2023-07-14,7831.95,7902.41,7806.61,7811.37,51965873
2023-07-17,7711.99,7806.38,7712.04,7767.56,127926451
2023-07-18,7723.12,7796.52,7734.46,7766.76,257010502
2023-07-19,7805.58,7821.89,7705.34,7768.84,76956069
2023-07-20,7832.0,7856.29,7836.0,7839.74,117438891
2023-07-21,7907.26,7917.31,7891.76,7902.07,249276888
2023-07-24,7919.87,7895.74,7836.25,7883.94,73545399
2023-07-25,7893.82,7946.59,7860.44,7894.02,291092801
2023-07-26,7862.05,7875.24,7842.85,7860.88,133250732
2023-07-27,7692.74,7733.87,7678.18,7719.57,285583923
2023-07-28,7759.82,7819.42,7746.4,7748.35,281225728
2023-07-31,7957.69,7989.28,7817.83,7939.07,250303446
2023-08-01,7836.75,7904.3,7811.3,7854.9,140407662
2023-08-02,7753.78,7854.03,7743.33,7782.48,201139699
2023-08-03,7782.14,7733.57,7698.19,7701.24,120835943
2023-08-04,7772.68,7830.21,7721.15,7775.56,169926737
2023-08-07,7801.95,7903.55,7803.16,7823.35,275274175
2023-08-08,7833.53,7815.94,7793.81,7811.46,218206574
2023-08-09,7723.74,7781.2,7668.68,7725.31,223283719
2023-08-10,7704.38,7786.93,7673.64,7737.99,88631393
2023-08-11,7605.23,7640.02,7572.91,7590.56,59500586
2023-08-14,7581.95,7723.71,7487.25,7607.91,251280135
2023-08-15,7744.1,7746.57,7548.29,7695.57,122088860
2023-08-16,7593.81,7667.33,7532.54,7578.82,90900620
2023-08-17,7429.2,7464.96,7433.36,7437.43,187952640
2023-08-18,7593.85,7618.17,7533.08,7590.53,230523548
2023-08-21,7563.07,7550.44,7481.29,7535.84,246426417
2023-08-22,7653.79,7684.19,7635.24,7648.1,105747876
2023-08-23,7701.74,7716.35,7604.04,7636.91,114768256
2023-08-24,7659.62,7765.57,7519.46,7624.98,147386603
2023-08-25,7685.82,7746.77,7620.27,7670.86,54884036
2023-08-28,7561.07,7622.56,7533.4,7589.52,254785524
2023-08-29,7601.35,7610.57,7591.43,7605.82,151777071
2023-08-30,7587.46,7604.9,7523.2,7572.96,173062454
2023-08-31,7427.03,7543.53,7418.48,7451.56,180752241
2023-09-01,7525.61,7560.6,7433.22,7486.87,220520257
2023-09-04,7436.54,7466.33,7420.44,7465.63,277041646
2023-09-05,7435.42,7485.88,7382.79,7454.42,108350587
2023-09-06,7328.61,7439.79,7295.9,7345.13,125685397
2023-09-07,7519.76,7552.63,7490.53,7497.45,154754013
2023-09-08,7559.92,7593.33,7550.76,7584.34,76529290
2023-09-11,7625.38,7735.16,7626.0,7680.68,141979036
2023-09-12,7688.14,7704.77,7637.29,7654.83,79100905
2023-09-13,7480.11,7514.41,7387.59,7493.43,278654338
2023-09-14,7650.91,7723.68,7668.55,7683.75,118776108
2023-09-15,7658.3,7702.55,7673.98,7681.49,237696844
2023-09-18,7665.27,7678.67,7539.27,7612.99,137243511
2023-09-19,7636.6,7717.84,7651.15,7656.72,93715330
2023-09-20,7770.0,7851.7,7680.93,7773.84,184956361
2023-09-21,7761.38,7895.11,7741.64,7775.28,219271747
2023-09-22,7866.33,7946.92,7756.51,7905.31,244772749
2023-09-25,7993.91,8101.81,7942.2,8017.73,183830652
2023-09-26,7872.32,8023.79,7855.72,7913.5,174514774
2023-09-27,7880.36,7917.87,7790.6,7850.35,155641040
2023-09-28,7952.62,7971.11,7827.88,7949.41,266854968
2023-09-29,7762.31,7701.58,7645.22,7685.98,74226190
2023-10-02,7653.41,7684.95,7639.03,7675.18,173955387
2023-10-03,7515.74,7602.76,7490.9,7541.65,168287797
2023-10-04,7546.09,7510.85,7395.56,7500.07,267080692
2023-10-05,7507.09,7615.63,7474.75,7475.45,146966529
2023-10-06,7456.79,7453.3,7443.15,7445.33,78580689
2023-10-09,7364.28,7460.06,7364.56,7397.23,268754495
2023-10-10,7350.11,7346.18,7265.91,7299.16,104444774
2023-10-11,7514.41,7518.77,7316.04,7516.57,163300949
2023-10-12,7685.92,7735.34,7659.37,7699.18,190459547
2023-10-13,7625.6,7611.06,7505.1,7590.9,153029597
2023-10-16,7746.72,7779.03,7722.6,7747.41,211160652
2023-10-17,7676.23,7747.52,7694.37,7712.19,204036215
2023-10-18,7729.68,7738.72,7727.48,7728.43,252366786
2023-10-19,7701.81,7802.36,7597.48,7725.95,126171778
2023-10-20,7573.38,7792.59,7646.65,7665.65,257144172
2023-10-23,7737.57,7818.03,7695.69,7764.96,132784436
2023-10-24,7764.56,7896.94,7693.25,7780.99,99738137
2023-10-25,7702.32,7777.05,7693.59,7738.09,109849219
2023-10-26,7633.1,7658.33,7534.21,7615.57,112749531
2023-10-27,7510.47,7614.58,7458.0,7533.9,283207989
2023-10-30,7397.35,7436.16,7340.46,7383.22,112938383
2023-10-31,7351.43,7416.57,7380.95,7387.87,263125406
2023-11-01,7307.27,7382.02,7162.84,7280.79,189040854
2023-11-02,7222.86,7316.56,7204.55,7259.93,222351873
2023-11-03,7320.64,7469.14,7354.85,7389.85,116632776
2023-11-06,7543.08,7597.69,7485.15,7505.93,75231962
2023-11-07,7480.76,7578.32,7502.35,7506.46,224390956
2023-11-08,7554.52,7527.73,7409.47,7501.8,208121269
2023-11-09,7702.61,7688.06,7677.54,7685.25,183839546
2023-11-10,7763.99,7766.67,7738.59,7739.52,282112570
2023-11-13,7743.54,7728.69,7613.91,7711.3,89745429
2023-11-14,7581.01,7673.37,7537.7,7577.6,90848619
2023-11-15,7622.7,7633.46,7569.29,7618.92,62134984
2023-11-16,7742.09,7836.14,7690.37,7702.61,136316768
2023-11-17,7648.6,7700.12,7583.88,7645.2,50667519
2023-11-20,7654.59,7678.16,7676.88,7676.95,199703909
2023-11-21,7663.42,7668.33,7603.2,7645.51,87357821
2023-11-22,7566.91,7697.68,7548.79,7631.43,214518839
2023-11-23,7438.53,7408.53,7312.17,7399.47,168677153
2023-11-24,7421.92,7406.98,7364.93,7382.34,263242210
2023-11-27,7512.44,7507.97,7417.56,7476.61,253437817
2023-11-28,7455.33,7549.76,7401.98,7420.9,218037870
2023-11-29,7426.85,7456.96,7359.13,7429.35,259213849
2023-11-30,7359.29,7430.18,7349.63,7362.44,234892614
2023-12-01,7363.07,7403.38,7379.24,7399.47,279689772
2023-12-04,7434.45,7481.94,7339.86,7382.83,251785071
2023-12-05,7285.29,7439.51,7170.63,7299.45,137242476
2023-12-06,7436.67,7458.12,7382.98,7426.57,178905690
2023-12-07,7525.21,7577.27,7473.94,7517.58,195029707
2023-12-08,7424.03,7496.82,7393.17,7464.05,128650320
2023-12-11,7462.15,7531.54,7447.63,7514.59,243493908
2023-12-12,7569.41,7596.89,7555.52,7569.25,212910122
2023-12-13,7620.52,7677.04,7626.56,7634.38,145701333
2023-12-14,7474.03,7504.23,7414.32,7476.71,269019737
2023-12-15,7608.02,7576.16,7539.63,7575.74,247805862
2023-12-18,7531.91,7563.44,7517.84,7525.14,144738828
2023-12-19,7517.6,7518.91,7461.6,7494.86,229130345
2023-12-20,7765.63,7866.86,7636.95,7751.82,76711465
2023-12-21,7775.21,7848.59,7769.68,7785.06,233301164
2023-12-22,7719.9,7784.11,7718.06,7750.96,180379094
2023-12-25,7550.14,7604.28,7447.13,7542.16,149547826
2023-12-26,7681.61,7701.83,7603.25,7679.03,191316829
2023-12-27,7581.23,7584.3,7538.33,7553.58,265850870
2023-12-28,7457.74,7506.88,7442.0,7462.24,252142736
2023-12-29,7425.85,7442.15,7375.77,7434.69,157464922
2024-01-01,7565.21,7597.73,7537.39,7572.16,258577107
2024-01-02,7621.82,7723.88,7537.54,7649.93,226218302
2024-01-03,7682.58,7667.42,7554.21,7638.37,163184134
2024-01-04,7706.72,7721.02,7591.97,7671.75,270659126
2024-01-05,7580.6,7735.95,7584.52,7617.57,216191747
2024-01-08,7659.17,7662.18,7632.48,7634.62,236177310
2024-01-09,7588.89,7654.7,7566.44,7645.31,226631901
2024-01-10,7773.4,7770.84,7693.81,7742.88,176542942
2024-01-11,7819.7,7912.85,7837.7,7841.54,124993335
2024-01-12,7905.62,7972.28,7786.99,7894.26,70424323
2024-01-15,7801.36,7902.12,7740.12,7862.04,215917011
2024-01-16,7901.58,8038.63,7901.77,7939.65,108002215
2024-01-17,7949.1,7977.34,7820.93,7934.23,71961063
2024-01-18,7808.59,7836.75,7816.24,7830.54,221390964
2024-01-19,7768.38,7797.02,7731.51,7794.57,92551407
2024-01-22,7850.18,7823.07,7759.96,7806.59,75661742
2024-01-23,7970.26,7992.32,7858.38,7900.39,253568945
2024-01-24,7915.45,7892.89,7785.68,7885.9,220702742
2024-01-25,7736.43,7859.04,7738.7,7770.37,150945970
2024-01-26,7834.51,7801.93,7696.09,7779.63,75322277
2024-01-29,7745.78,7927.2,7753.17,7794.47,162662408
2024-01-30,7806.94,7932.24,7766.23,7816.46,263623484
2024-01-31,7913.07,7963.15,7878.12,7911.34,54296399
2024-02-01,8079.07,8052.44,7980.71,8017.37,226919188
2024-02-02,7990.43,8024.28,7883.12,7961.36,280467336
2024-02-05,7888.9,7983.92,7825.19,7903.56,217921523
2024-02-06,7774.88,7824.83,7710.83,7804.38,230303128
2024-02-07,7908.72,7932.1,7729.68,7877.14,195130608
2024-02-08,8008.95,8036.74,8014.68,8026.07,62865571
2024-02-09,8005.01,8169.53,7981.9,7998.08,256307950
2024-02-12,7933.88,8016.17,7933.43,7977.59,244116266
2024-02-13,8148.76,8243.72,8098.38,8130.25,81988813
2024-02-14,8202.1,8190.12,8123.23,8186.1,197573584
2024-02-15,8194.23,8344.13,8215.38,8235.13,56641179
2024-02-16,8149.85,8147.71,8003.32,8116.36,258223167
2024-02-19,8208.13,8210.58,8168.55,8189.96,81520812
2024-02-20,8122.48,8166.62,8081.47,8098.5,200049640
2024-02-21,7975.32,8046.35,7972.64,7987.42,198044727
2024-02-22,7962.09,7957.96,7926.79,7956.39,166430127
2024-02-23,7903.65,7923.76,7887.24,7901.65,150506253
2024-02-26,7878.7,8039.19,7802.37,7883.37,55982222
2024-02-27,7750.51,7810.48,7725.87,7745.23,272546559
2024-02-28,7882.51,7874.12,7819.62,7843.09,123240742
2024-02-29,7993.33,8043.9,7922.12,7959.11,97023768
2024-03-01,7733.18,7828.41,7767.89,7769.91,274137278
2024-03-04,7901.06,7871.52,7809.5,7870.04,131026618
2024-03-05,7830.92,7869.62,7723.0,7793.79,195072330
2024-03-06,7877.38,7909.76,7717.22,7882.15,57042204
2024-03-07,7895.13,7879.2,7768.97,7879.1,137614978
2024-03-08,7901.3,7895.35,7850.65,7885.71,292073126
2024-03-11,7844.33,7901.49,7863.74,7871.09,157313429
2024-03-12,7983.81,8022.48,7953.34,7996.02,172881124
2024-03-13,7899.52,7929.58,7694.66,7875.87,211961128
2024-03-14,7924.44,7978.93,7893.92,7940.19,200267411
2024-03-15,8086.4,8064.28,8008.84,8054.97,53426706
2024-03-18,8174.31,8134.05,8070.57,8131.87,282371340
2024-03-19,8415.87,8450.56,8334.5,8377.55,232327642
2024-03-20,8391.8,8333.45,8315.32,8325.87,132092818
2024-03-21,8427.85,8431.92,8342.96,8430.91,255530063
2024-03-22,8429.63,8464.06,8401.51,8423.65,215876545
2024-03-25,8570.63,8589.15,8485.34,8559.65,227752962
2024-03-26,8560.83,8586.86,8536.55,8562.9,259166059
2024-03-27,8543.7,8586.65,8465.12,8525.21,296312741
2024-03-28,8611.44,8710.96,8601.02,8670.79,248422913
2024-03-29,8628.42,8652.93,8547.94,8621.36,68757559
2024-04-01,8426.61,8527.0,8428.62,8473.3,183590223
2024-04-02,8389.88,8439.31,8372.27,8422.31,267009116
2024-04-03,8517.19,8553.87,8422.12,8492.3,153669284
2024-04-04,8639.78,8737.05,8597.3,8646.67,131039339
2024-04-05,8687.08,8780.61,8640.18,8662.91,241878531
2024-04-08,8804.39,8867.46,8744.31,8812.17,170182736
2024-04-09,8705.15,8754.52,8631.25,8666.79,100311339
2024-04-10,8614.39,8752.72,8570.68,8622.63,256265900
2024-04-11,8528.22,8701.65,8590.2,8595.43,256692688
2024-04-12,8594.87,8666.28,8578.53,8587.12,261226195
2024-04-15,8525.71,8605.94,8537.08,8600.32,106732539
2024-04-16,8629.21,8705.1,8602.94,8679.64,62924334
2024-04-17,8604.75,8648.06,8588.22,8635.25,188355292
2024-04-18,8619.62,8698.26,8513.5,8654.51,231291496
2024-04-19,8634.84,8716.32,8625.14,8653.71,171209497
2024-04-22,8521.75,8613.27,8473.02,8557.42,103868649
2024-04-23,8501.17,8593.68,8517.19,8549.25,232322384
2024-04-24,8590.51,8654.47,8477.14,8537.85,67379019
2024-04-25,8501.05,8564.01,8462.63,8524.17,103501687
2024-04-26,8455.52,8739.18,8466.63,8531.65,80244187
2024-04-29,8531.52,8610.02,8517.34,8543.85,279857160
2024-04-30,8463.24,8579.56,8407.81,8501.49,285480801
2024-05-01,8612.43,8683.54,8616.86,8643.02,181025743
2024-05-02,8544.88,8555.37,8403.86,8520.67,69429423
2024-05-03,8432.5,8491.86,8338.17,8447.64,92917109
2024-05-06,8712.57,8831.98,8728.54,8752.92,87574686
2024-05-07,8658.75,8657.17,8623.73,8643.32,171171638
2024-05-08,8540.3,8636.46,8437.51,8501.2,146489946
2024-05-09,8602.75,8624.79,8544.51,8584.32,207215196
2024-05-10,8284.46,8382.24,8266.83,8366.57,100863360
2024-05-13,8308.56,8362.15,8302.1,8345.78,214881533
2024-05-14,8580.19,8655.57,8441.37,8578.57,191891802
2024-05-15,8408.99,8436.46,8312.26,8417.21,184626783
2024-05-16,8202.79,8224.16,8198.33,8213.54,197395002
2024-05-17,8032.0,8091.58,7923.92,8063.7,194357002
2024-05-20,8113.5,8318.7,8106.96,8159.37,72551028
2024-05-21,8346.26,8335.31,8250.08,8279.76,241913186
2024-05-22,8231.27,8308.04,8191.78,8230.38,93252609
2024-05-23,8326.82,8362.39,8235.96,8305.49,252342189
2024-05-24,8456.48,8457.21,8420.89,8456.27,50555776
2024-05-27,8654.57,8712.86,8648.02,8652.97,114622846
2024-05-28,8628.12,8683.31,8537.8,8630.27,147124421
2024-05-29,8350.02,8422.37,8285.83,8387.61,97610310
2024-05-30,8254.95,8423.91,8241.57,8305.27,181490369
2024-05-31,8277.43,8331.01,8144.26,8264.66,142019713
2024-06-03,8247.86,8339.41,8095.74,8241.67,114999918
2024-06-04,8256.97,8314.67,8212.61,8226.1,177078388
2024-06-05,8371.41,8388.15,8336.91,8346.86,183837580
2024-06-06,8458.55,8539.36,8463.16,8486.0,77748754
2024-06-07,8510.08,8511.6,8408.36,8471.7,297870290
2024-06-10,8620.15,8605.33,8499.3,8593.85,93112238
2024-06-11,8660.64,8737.7,8507.32,8636.77,185995520
2024-06-12,8725.72,8690.16,8586.1,8647.91,119600738
2024-06-13,8822.96,8758.88,8745.61,8751.41,146612344
2024-06-14,8787.74,8815.93,8732.02,8763.56,230910225
2024-06-17,9018.36,9093.12,8967.76,8998.01,239105776
2024-06-18,8878.88,9059.63,8756.75,8840.63,274354296
2024-06-19,8767.09,8789.62,8695.38,8787.62,262481823
2024-06-20,8757.79,8787.77,8745.04,8777.8,80968927
2024-06-21,8854.52,8919.53,8779.29,8830.74,156252788
2024-06-24,8946.46,9042.92,8967.0,8977.21,159249991
2024-06-25,9000.02,8981.46,8914.58,8978.73,234542986
2024-06-26,8829.01,8832.66,8813.05,8823.48,84084243
2024-06-27,8891.33,9029.24,8835.01,8921.88,83521671
2024-06-28,9012.37,9051.55,8901.7,9011.44,231485787
2024-07-01,8843.76,8834.24,8773.29,8797.84,105517908
2024-07-02,8804.5,8832.86,8796.55,8801.6,266584293
2024-07-03,8634.13,8715.46,8446.62,8631.14,182495013
2024-07-04,8574.51,8571.5,8488.85,8563.24,96275333
2024-07-05,8485.98,8564.43,8415.29,8470.42,285997185
2024-07-08,8549.97,8633.68,8496.36,8561.3,177045321
2024-07-09,8590.02,8676.55,8529.49,8578.0,75370089
2024-07-10,8408.77,8504.88,8388.94,8444.2,127713224
2024-07-11,8515.11,8553.6,8486.55,8542.42,267574070
2024-07-12,8370.95,8463.61,8284.85,8393.48,218862466
2024-07-15,8448.33,8663.79,8292.76,8432.48,89121729
2024-07-16,8355.77,8358.11,8326.26,8350.42,52474723
2024-07-17,8311.53,8403.26,8219.68,8315.99,229327175
2024-07-18,8396.12,8412.25,8278.56,8372.98,157575240
2024-07-19,8444.96,8474.38,8393.5,8432.19,233783449
2024-07-22,8569.56,8689.65,8519.38,8579.51,126982241
2024-07-23,8539.2,8586.32,8520.59,8574.7,251053103
2024-07-24,8583.74,8638.18,8535.58,8611.97,170028509
2024-07-25,8518.41,8673.92,8483.61,8568.69,161079525
2024-07-26,8597.28,8682.51,8446.13,8592.45,63033095
2024-07-29,8614.46,8704.06,8613.12,8644.27,208694338
2024-07-30,8620.57,8787.13,8601.09,8637.68,146482634
2024-07-31,8443.32,8509.87,8397.12,8447.63,135842776
2024-08-01,8522.46,8534.92,8448.97,8487.02,131459571
2024-08-02,8561.84,8547.62,8412.07,8530.15,216125764
2024-08-05,8459.54,8578.51,8342.86,8461.39,240956029
2024-08-06,8371.71,8381.3,8287.32,8329.54,55669878
2024-08-07,8421.58,8569.16,8456.78,8489.91,185089181
2024-08-08,8610.89,8684.49,8537.36,8546.71,212612122
2024-08-09,8549.76,8526.34,8466.12,8526.14,194435498
2024-08-12,8412.33,8462.54,8358.84,8408.87,66247940
2024-08-13,8296.54,8501.09,8280.91,8326.22,106993535
2024-08-14,8453.19,8479.46,8462.25,8468.02,214468019
2024-08-15,8507.45,8574.6,8406.83,8486.76,154996884
2024-08-16,8453.43,8537.96,8403.43,8432.11,264165378
2024-08-19,8513.17,8526.48,8433.57,8490.47,142029992
2024-08-20,8383.31,8414.32,8318.54,8407.81,133187579
2024-08-21,8540.5,8634.66,8549.99,8572.38,216049265
2024-08-22,8730.7,8753.36,8706.47,8723.89,78534719
2024-08-23,8703.61,8692.02,8665.67,8676.89,214382571
2024-08-26,8612.65,8628.66,8593.6,8612.54,195193923
2024-08-27,8386.46,8460.78,8298.3,8337.05,214414406
2024-08-28,8187.86,8211.55,7997.22,8186.77,265602839
2024-08-29,8053.59,8084.5,7976.76,8053.61,283551155
2024-08-30,8092.83,8106.03,7955.3,8071.18,298998346
2024-09-02,8081.12,8081.32,8002.51,8041.9,294605441
2024-09-03,7867.82,7915.76,7843.01,7910.51,66420342
2024-09-04,7851.03,7906.53,7877.64,7886.29,265444523
2024-09-05,7930.49,7951.04,7928.53,7940.44,188674216
2024-09-06,8098.28,8071.24,7933.54,7997.23,205884357
2024-09-09,7803.65,7882.2,7808.41,7811.82,146387334
2024-09-10,7799.12,7817.93,7753.44,7802.92,268608933
2024-09-11,7690.74,7718.89,7590.84,7671.76,263098449
2024-09-12,7793.45,7775.19,7709.35,7763.11,203680556
2024-09-13,7849.25,7846.04,7806.3,7843.92,173773960
2024-09-16,7795.5,7788.76,7693.53,7759.37,151182516
2024-09-17,7651.78,7699.67,7628.95,7688.5,102594459
2024-09-18,7624.15,7729.65,7535.11,7647.59,226765950
2024-09-19,7471.7,7442.62,7333.38,7437.12,131576063
2024-09-20,7472.55,7480.31,7429.81,7472.23,95173266
2024-09-23,7412.51,7536.39,7336.32,7450.13,163342403
2024-09-24,7505.43,7564.01,7497.64,7545.35,270232323
2024-09-25,7421.04,7459.56,7352.21,7445.19,98771596
2024-09-26,7390.92,7439.89,7341.71,7390.86,69879643
2024-09-27,7268.92,7256.61,7223.65,7255.36,264253560
2024-09-30,7158.11,7192.16,7137.8,7167.55,205959050
2024-10-01,7075.85,7069.49,7059.28,7064.97,85943156
2024-10-02,7145.07,7164.54,7128.14,7157.58,231165825
2024-10-03,7133.02,7152.54,7027.2,7098.27,144890949
2024-10-04,7185.37,7135.46,7086.81,7112.77,268090635
2024-10-07,7070.98,7086.49,6990.78,7082.1,63699830
2024-10-08,6986.44,7039.12,6964.3,6973.05,58095975
2024-10-09,6972.69,6975.9,6936.12,6961.6,299453476
2024-10-10,7021.58,7054.85,6944.67,7017.68,166561463
2024-10-11,6933.07,6937.07,6898.53,6915.0,105554135
2024-10-14,7002.57,7084.66,6977.26,6989.18,57924477
2024-10-15,6905.02,6968.78,6901.09,6918.05,226256563
2024-10-16,6915.58,6909.49,6830.13,6879.36,113102710
2024-10-17,6934.39,6969.02,6901.83,6928.8,268154747
2024-10-18,6863.82,6953.59,6801.97,6874.4,145375996
2024-10-21,6948.18,6940.15,6835.37,6880.94,288299336
2024-10-22,6853.79,6888.06,6843.65,6856.97,240299523
2024-10-23,6878.44,6930.17,6775.68,6871.43,206936552
2024-10-24,6676.24,6729.29,6629.67,6671.56,197242987
2024-10-25,6519.24,6601.02,6466.42,6522.63,105969923
2024-10-28,6588.38,6584.85,6502.02,6576.58,241990835
2024-10-29,6643.72,6669.92,6474.12,6666.26,171640481
2024-10-30,6609.1,6622.05,6591.17,6593.36,123506837
2024-10-31,6530.0,6619.7,6501.53,6576.25,142783244
2024-11-01,6569.57,6702.28,6550.36,6603.86,133365182
2024-11-04,6713.64,6693.48,6611.85,6664.96,197841806
2024-11-05,6467.29,6525.17,6407.69,6499.95,236392743
2024-11-06,6380.44,6515.04,6409.28,6430.85,203838629
2024-11-07,6375.46,6483.63,6381.45,6407.01,85988328
2024-11-08,6512.12,6537.42,6450.56,6467.1,58521461
2024-11-11,6629.23,6708.51,6667.33,6677.09,153470826
2024-11-12,6635.64,6709.49,6644.13,6661.11,261416630
2024-11-13,6509.0,6581.02,6465.33,6547.19,293735467
2024-11-14,6576.37,6641.95,6558.4,6583.59,88036852
2024-11-15,6685.58,6733.83,6680.94,6697.26,227300087
2024-11-18,6696.67,6725.13,6700.22,6709.58,146880193
2024-11-19,6685.8,6760.4,6624.41,6636.53,207240129
2024-11-20,6688.08,6742.03,6617.41,6720.32,218486314
2024-11-21,6777.19,6787.62,6748.49,6779.96,244348871
2024-11-22,6705.13,6741.95,6659.24,6696.06,273665317
2024-11-25,6705.13,6771.6,6654.11,6731.52,121664337
2024-11-26,6833.16,6864.94,6756.89,6819.88,183103093
2024-11-27,6914.41,7001.45,6861.26,6925.49,97054748
2024-11-28,6933.36,6923.99,6921.32,6922.99,183504074
2024-11-29,6892.13,6926.29,6780.62,6895.11,283828791
2024-12-02,6948.43,7090.76,6980.95,7005.89,85880581
2024-12-03,6939.23,7033.42,6807.3,6903.17,60038536
2024-12-04,7002.24,7015.78,6868.66,6944.73,125488661
2024-12-05,6824.31,6832.16,6787.1,6829.13,250187565
2024-12-06,6899.84,6948.81,6833.15,6924.71,288600434
2024-12-09,6947.12,6951.29,6844.01,6905.52,202758872
2024-12-10,7073.2,7062.53,6983.82,7020.12,164891513
2024-12-11,7062.31,7094.72,7006.48,7067.08,225182366
2024-12-12,6956.23,7095.14,6951.54,6962.32,159941012
2024-12-13,7089.52,7148.71,7085.85,7091.79,229360293
2024-12-16,7186.74,7308.45,7215.16,7235.2,192071091
2024-12-17,7311.03,7330.8,7274.09,7319.56,230150674
2024-12-18,7302.87,7287.94,7209.8,7253.11,59075337
2024-12-19,7223.77,7273.8,7213.3,7228.65,189249069
2024-12-20,7215.21,7273.65,7225.62,7245.35,152130660
2024-12-23,7199.09,7302.81,7143.89,7184.82,183075019
2024-12-24,7323.55,7385.74,7332.29,7343.15,118573522
2024-12-25,7358.06,7393.01,7311.92,7360.02,260819836
2024-12-26,7080.83,7126.94,7113.63,7116.95,171001409
2024-12-27,7121.2,7158.39,7145.96,7150.85,138566862
2024-12-30,7143.96,7143.6,7108.03,7122.95,223324325
2024-12-31,7122.91,7120.46,7019.01,7119.61,292069821
2025-01-01,7067.99,7122.98,7082.49,7090.0,224570823
2025-01-02,7169.3,7278.42,7108.28,7165.87,58916397
2025-01-03,7253.48,7304.6,7257.78,7271.14,215479586
2025-01-06,7277.7,7357.38,7286.67,7300.59,94664165
2025-01-07,7306.77,7300.02,7265.97,7272.91,290433066
2025-01-08,7295.36,7325.49,7269.16,7272.58,106162943
2025-01-09,7277.22,7332.49,7261.55,7277.84,257805085
2025-01-10,7212.23,7251.72,7152.75,7208.07,178921928
2025-01-13,7264.05,7272.05,7179.14,7264.29,75225022
2025-01-14,7324.24,7340.52,7271.74,7310.0,119189021
2025-01-15,7432.96,7501.37,7403.23,7456.81,279001072
2025-01-16,7605.44,7670.69,7534.08,7579.29,273063634
2025-01-17,7528.31,7577.33,7508.35,7517.67,104749084
2025-01-20,7591.39,7610.01,7552.75,7599.39,160374849
2025-01-21,7497.8,7587.37,7469.58,7512.46,68313691
2025-01-22,7607.74,7632.36,7534.45,7582.23,189963847
2025-01-23,7532.09,7588.9,7484.8,7536.63,299693912
2025-01-24,7422.82,7446.2,7378.31,7443.63,217405257
2025-01-27,7462.0,7537.32,7450.27,7473.5,221173653
2025-01-28,7251.55,7249.43,7228.3,7229.31,219314210
2025-01-29,7029.36,7202.44,7061.25,7074.94,252502057
2025-01-30,7052.46,7073.19,6956.47,7062.5,280511767
2025-01-31,7103.5,7082.05,6975.79,7073.21,83915417
2025-02-03,7038.99,7056.4,7028.28,7043.73,88329758
2025-02-04,6915.78,6942.92,6898.69,6908.24,100350422
2025-02-05,6870.41,6852.57,6772.57,6840.67,199579517
2025-02-06,6902.3,6881.39,6748.72,6877.75,284995073
2025-02-07,6919.44,6933.02,6903.27,6931.65,126537594
2025-02-10,6929.91,6956.42,6912.06,6933.53,77889504
2025-02-11,7064.15,7062.88,7019.74,7038.68,93599319
2025-02-12,7103.97,7104.92,7067.55,7077.37,199088395
2025-02-13,7011.91,7091.82,6933.17,7014.38,84241764
2025-02-14,6991.46,7024.25,6955.29,6992.96,148080840
2025-02-17,6881.08,6919.2,6821.04,6873.72,268386859
2025-02-18,6905.18,6935.0,6865.05,6867.63,225639850
2025-02-19,6997.61,6997.17,6889.85,6967.85,139851115
2025-02-20,7051.12,7083.84,6914.63,7031.62,201131842
2025-02-21,7129.44,7250.81,7072.73,7160.34,95141995
2025-02-24,7128.62,7148.12,7115.92,7136.46,272530518
2025-02-25,7255.52,7272.6,7260.13,7261.98,214893271
2025-02-26,7288.89,7345.04,7235.58,7247.77,253194464
2025-02-27,7379.85,7441.73,7365.13,7386.91,67641949
2025-02-28,7425.44,7425.66,7269.49,7388.4,168093477
2025-03-03,7441.05,7480.32,7408.97,7458.07,240034941
2025-03-04,7586.67,7611.79,7545.17,7601.59,285991530
2025-03-05,7601.31,7614.28,7586.59,7586.7,85356609
2025-03-06,7658.97,7673.27,7607.52,7611.23,227262997
2025-03-07,7732.96,7761.81,7666.66,7739.52,80892746
2025-03-10,7650.99,7744.35,7639.79,7730.24,76298814
2025-03-11,7558.69,7623.47,7591.7,7606.28,140163898
2025-03-12,7827.48,7863.47,7768.18,7818.16,196552082
2025-03-13,7729.86,7812.12,7753.09,7775.73,55537654
2025-03-14,7768.02,7868.21,7794.55,7795.01,298955464
2025-03-17,7913.53,7979.71,7900.21,7913.14,240364074
2025-03-18,7779.47,7917.9,7813.2,7856.44,54441017
2025-03-19,7749.22,7764.21,7742.0,7761.01,297728977
2025-03-20,7753.27,7837.67,7753.38,7789.57,290360808
2025-03-21,7573.51,7673.14,7564.25,7619.2,166656110
2025-03-24,7570.85,7601.61,7589.44,7595.23,241184181
2025-03-25,7589.74,7714.12,7543.21,7622.34,269890257
2025-03-26,7614.35,7661.36,7556.09,7600.08,59668391
2025-03-27,7492.96,7579.81,7266.4,7457.27,263377379
2025-03-28,7601.09,7640.16,7582.07,7612.18,139012250
2025-03-31,7607.56,7671.29,7623.45,7625.75,229086988
2025-04-01,7755.32,7794.18,7759.73,7768.19,207620679
2025-04-02,7712.13,7781.63,7623.76,7746.47,82635626
2025-04-03,7625.2,7725.68,7629.46,7664.71,62152470
2025-04-04,7643.76,7702.24,7661.76,7694.41,138641910
2025-04-07,7636.35,7737.15,7576.25,7677.18,209724858
2025-04-08,7617.1,7691.11,7545.63,7567.7,279794636
2025-04-09,7691.51,7777.99,7682.79,7712.81,246446333
2025-04-10,7566.14,7666.27,7608.08,7656.23,221576326
2025-04-11,7466.75,7504.06,7436.43,7484.32,120642225
2025-04-14,7565.8,7669.78,7504.1,7614.24,209712615
2025-04-15,7571.42,7585.33,7492.36,7569.62,256608961
2025-04-16,7514.0,7552.96,7462.9,7515.45,295023081
2025-04-17,7355.28,7369.93,7345.23,7353.64,128635686
2025-04-18,7519.07,7581.95,7489.83,7520.3,177865814
2025-04-21,7391.6,7456.46,7402.31,7402.63,202079099
2025-04-22,7368.45,7470.73,7342.4,7411.61,133544838
2025-04-23,7498.66,7564.34,7500.64,7500.9,241620803
2025-04-24,7575.2,7569.26,7511.83,7544.45,209627252
2025-04-25,7597.09,7543.98,7491.29,7542.37,209135414
2025-04-28,7378.87,7424.78,7349.35,7385.91,227136903
2025-04-29,7310.63,7375.32,7293.71,7314.42,77153183
2025-04-30,7349.93,7355.63,7224.18,7335.24,295358866
2025-05-01,7309.72,7289.92,7183.2,7266.31,258221813
2025-05-02,7274.25,7362.27,7254.44,7288.42,84191755
2025-05-05,7375.17,7423.48,7345.89,7354.8,97809417
2025-05-06,7423.56,7616.11,7364.59,7448.07,131223629
2025-05-07,7347.07,7386.35,7290.74,7337.39,173324250
2025-05-08,7576.18,7603.29,7408.4,7546.88,176058987
2025-05-09,7584.47,7650.21,7559.56,7623.84,130084756
2025-05-12,7611.28,7704.98,7606.67,7627.31,149759507
2025-05-13,7765.96,7740.31,7625.81,7736.41,140880376
2025-05-14,7993.88,7978.21,7916.97,7974.23,230608643
2025-05-15,7867.19,7856.0,7790.86,7834.72,197976850
2025-05-16,7842.76,8015.49,7800.22,7816.24,107451036
2025-05-19,7578.75,7670.73,7571.66,7589.11,60718022
2025-05-20,7678.13,7653.87,7593.57,7611.17,110567871
2025-05-21,7654.12,7705.8,7599.43,7649.94,65456244
2025-05-22,7556.3,7658.59,7633.57,7649.8,166963552
2025-05-23,7582.02,7639.97,7567.24,7590.59,162542151
2025-05-26,7386.74,7449.3,7320.75,7400.63,189821706
2025-05-27,7462.74,7447.44,7378.12,7439.08,135026080
2025-05-28,7566.67,7648.55,7539.63,7580.35,145929624
2025-05-29,7560.79,7532.59,7462.24,7527.7,77578784
2025-05-30,7590.07,7624.62,7560.25,7573.16,202548835
2025-06-02,7398.83,7437.53,7382.96,7428.54,200687257
2025-06-03,7470.82,7526.39,7443.56,7475.02,53580707
2025-06-04,7418.52,7443.24,7426.22,7441.6,210889610
2025-06-05,7379.42,7418.25,7354.72,7373.97,157537181
2025-06-06,7284.31,7310.25,7172.02,7307.15,270892472
2025-06-09,7276.63,7297.22,7270.11,7274.47,72712928
2025-06-10,7305.12,7324.98,7276.94,7313.08,286093065
2025-06-11,7192.22,7236.74,7084.82,7196.61,189913180
2025-06-12,7222.87,7227.56,7114.77,7164.1,257792920
2025-06-13,7153.44,7178.71,7101.48,7163.77,87017183
2025-06-16,7013.93,7143.13,7014.65,7068.62,207089731
2025-06-17,7263.29,7267.09,7209.85,7233.9,76749942
2025-06-18,7188.8,7163.24,7100.62,7159.94,58905784
2025-06-19,7046.96,7139.54,7083.6,7103.18,61336826
2025-06-20,6999.83,7044.92,7006.78,7019.51,254488422
2025-06-23,7196.32,7227.11,7147.55,7183.8,88774049
2025-06-24,7252.64,7354.65,7172.99,7237.46,187382485
2025-06-25,7155.83,7244.9,7037.4,7155.97,181029964
2025-06-26,7260.38,7318.22,7252.01,7259.86,293160373
2025-06-27,7254.37,7369.39,7226.98,7281.71,139452082
2025-06-30,7238.66,7332.3,7288.75,7308.82,182709603
2025-07-01,7340.33,7301.14,7236.63,7280.64,188807301
2025-07-02,7187.7,7273.16,7148.43,7215.66,65617466
2025-07-03,7255.0,7270.16,7221.57,7249.88,255095221
2025-07-04,7199.11,7215.28,7180.9,7203.69,246731664
2025-07-07,7400.45,7498.48,7302.46,7373.99,120940569
2025-07-08,7263.8,7296.75,7212.94,7260.46,75246551
2025-07-09,7410.42,7491.19,7285.4,7405.87,280888449
2025-07-10,7321.05,7419.88,7369.52,7399.01,243822483
2025-07-11,7405.72,7469.78,7370.44,7430.49,218515162
2025-07-14,7534.85,7560.5,7417.28,7512.47,297823109
2025-07-15,7476.13,7490.35,7386.4,7456.6,122588017
2025-07-16,7513.12,7543.99,7532.42,7541.83,218908150
2025-07-17,7246.34,7307.91,7285.61,7292.37,250326389
2025-07-18,7233.63,7264.49,7195.58,7229.96,273010263
2025-07-21,7066.55,7196.92,7079.4,7149.68,64100046
2025-07-22,7008.66,7083.79,7022.71,7041.01,220894134
2025-07-23,7074.78,7037.9,6958.14,7025.31,105059759
2025-07-24,7103.73,7067.43,6995.5,7062.9,118108345
2025-07-25,7142.99,7145.06,7044.87,7129.1,80238121
2025-07-28,7162.97,7169.36,7093.08,7154.17,160523593
2025-07-29,7042.43,7178.96,7049.57,7097.8,217723525
2025-07-30,7113.14,7207.69,7112.99,7134.27,256260253
2025-07-31,7140.42,7155.79,7083.38,7148.86,190337302
2025-08-01,7216.28,7248.84,7208.34,7237.11,228516515
2025-08-04,7301.53,7336.98,7279.9,7311.78,166901997
2025-08-05,7356.1,7331.92,7317.67,7318.07,230155512
2025-08-06,7223.57,7283.68,7174.48,7239.26,156961136
2025-08-07,7173.57,7214.28,7100.86,7183.37,265138050
2025-08-08,7158.29,7178.17,7069.63,7137.18,264863449
2025-08-11,7071.89,7189.14,7040.79,7112.27,92590113
2025-08-12,7115.74,7190.2,7065.21,7139.73,223577245
2025-08-13,7186.52,7217.04,7155.94,7207.79,194132561
2025-08-14,7208.18,7271.31,7142.92,7206.58,279644752
2025-08-15,7201.52,7307.69,7179.15,7211.47,296655212
2025-08-18,7218.89,7241.69,7196.43,7227.95,137967090
2025-08-19,7165.43,7211.73,7183.9,7184.54,292501289
2025-08-20,7074.21,7203.36,7024.83,7104.64,265786644
2025-08-21,6969.49,6971.38,6846.43,6952.55,227686901
2025-08-22,6885.89,6903.42,6880.9,6895.21,198251223
2025-08-25,6956.92,7023.85,6792.1,6939.74,78015107
2025-08-26,6851.23,6906.78,6865.46,6881.83,263994928
2025-08-27,6846.24,6891.87,6813.18,6864.51,276445563
2025-08-28,6902.14,7056.94,6895.84,6908.25,224411695
2025-08-29,6953.48,6988.72,6916.6,6957.03,113227352
2025-09-01,6887.04,6890.23,6846.71,6866.32,86084274
2025-09-02,6944.45,7005.11,6887.72,6956.43,51554967
2025-09-03,7080.39,7131.47,7009.25,7059.3,221224109
2025-09-04,6973.28,6983.61,6944.95,6962.84,212142835
2025-09-05,6891.28,6934.21,6835.46,6894.23,198430362
2025-09-08,6975.15,7041.4,6958.9,7001.8,57631454
2025-09-09,7013.35,7069.4,6966.68,6992.18,78065646
2025-09-10,6777.38,6836.6,6786.06,6802.58,77943346
2025-09-11,6686.29,6782.16,6602.01,6686.86,195623650
2025-09-12,6667.62,6699.29,6666.84,6669.06,213982963
2025-09-15,6569.73,6608.73,6482.88,6575.18,274037139
2025-09-16,6533.95,6589.69,6510.27,6544.14,234191823
2025-09-17,6528.39,6639.51,6437.89,6549.93,83359355
2025-09-18,6631.72,6739.5,6636.85,6674.89,279452894
2025-09-19,6691.04,6677.08,6611.75,6653.68,130836294
2025-09-22,6734.14,6796.2,6689.01,6747.41,214395911
2025-09-23,6869.72,6921.95,6820.84,6873.24,274166669
2025-09-24,6998.15,7045.39,6889.69,7001.9,280789952
2025-09-25,7061.23,7086.97,7012.01,7030.42,291764855
2025-09-26,6914.98,6882.07,6825.54,6861.92,170090014
2025-09-29,6909.58,7075.45,6896.41,6905.16,105650579
2025-09-30,6995.91,7022.79,6982.56,7000.31,117547461
2025-10-01,6965.05,7032.53,6908.75,6996.49,103730559
2025-10-02,7114.06,7218.99,7097.31,7155.38,148796076
2025-10-03,7185.41,7259.35,7168.41,7236.76,176495890
2025-10-06,7269.02,7357.81,7285.11,7292.23,95685030
2025-10-07,7334.39,7460.36,7324.83,7396.25,201804278
2025-10-08,7462.98,7492.64,7336.83,7430.91,296027930
2025-10-09,7216.79,7325.97,7199.71,7204.59,183337143
2025-10-10,7155.63,7206.63,7144.78,7162.84,71181327
2025-10-13,7307.44,7321.16,7271.31,7275.16,79431757
2025-10-14,7174.07,7214.72,7199.48,7204.94,218213729
2025-10-15,7164.53,7218.28,7092.82,7188.11,187491974
2025-10-16,7042.58,7140.7,7009.33,7097.48,149643411
2025-10-17,7284.76,7349.76,7247.98,7262.26,232877342
2025-10-20,7397.23,7446.09,7352.23,7421.29,69787221
2025-10-21,7343.06,7446.63,7221.15,7342.6,99269587
2025-10-22,7389.26,7401.17,7222.7,7359.74,207309518
2025-10-23,7340.42,7337.89,7255.39,7300.39,275055640
2025-10-24,7359.82,7390.43,7324.23,7360.67,232753645
2025-10-27,7423.01,7414.64,7384.65,7411.62,236101760
2025-10-28,7464.29,7501.58,7462.12,7491.37,178813968
2025-10-29,7577.03,7639.9,7495.28,7526.35,82658255
2025-10-30,7808.43,7836.91,7779.46,7813.62,217601380
2025-10-31,7719.24,7758.82,7710.88,7716.76,160797524
2025-11-03,7543.53,7595.66,7550.74,7555.83,96351642
2025-11-04,7558.16,7558.16,7427.44,7522.08,174109559
2025-11-05,7384.34,7429.25,7330.07,7378.45,55912442
2025-11-06,7266.51,7279.5,7209.54,7244.46,76558690
2025-11-07,7167.18,7276.55,7118.0,7157.05,256535703
2025-11-10,7071.51,7094.4,7009.5,7077.75,183112115
2025-11-11,7022.47,7057.35,6865.13,6996.46,219725234
2025-11-12,7055.38,7050.11,7008.65,7045.65,121494593
2025-11-13,6977.27,7057.48,6920.54,7004.19,116509368
2025-11-14,6964.03,6997.54,6951.38,6991.7,163731053
2025-11-17,7078.49,7082.47,7044.04,7074.28,215537275
2025-11-18,7035.09,7103.41,6998.42,7009.64,229862838
2025-11-19,7035.48,7017.45,6877.07,6989.65,238917556
2025-11-20,6975.33,7128.67,6995.85,7025.28,96601304
2025-11-21,6859.48,6928.18,6801.75,6858.78,276303250
2025-11-24,6671.97,6661.87,6598.51,6658.93,259627756
2025-11-25,6699.13,6740.99,6679.57,6691.21,70402828
2025-11-26,6763.22,6895.99,6681.95,6736.03,115270239
2025-11-27,6934.94,6991.48,6824.17,6916.8,196480005
2025-11-28,6906.56,6973.84,6921.89,6933.89,290172919
2025-12-01,6980.76,7038.42,6954.72,7009.21,204672584
2025-12-02,7004.04,7029.29,6978.59,6995.3,243283827
2025-12-03,7052.72,7048.92,6960.81,7024.89,177218560
2025-12-04,7181.55,7217.87,7102.24,7177.43,124505111
2025-12-05,6947.11,7002.7,6940.45,6991.24,293123554
2025-12-08,7001.66,7082.89,7011.56,7031.11,246292869
2025-12-09,7246.29,7313.96,7196.24,7226.3,251127087
2025-12-10,7245.36,7346.62,7220.46,7255.48,115206675
2025-12-11,7414.96,7484.53,7323.2,7411.46,119500133
2025-12-12,7387.8,7358.73,7356.42,7356.44,256853707
2025-12-15,7321.6,7385.79,7296.59,7356.98,112281026
2025-12-16,7351.39,7373.43,7339.94,7363.59,144253750
2025-12-17,7149.13,7206.15,7136.66,7164.12,141855633
2025-12-18,7072.85,7140.04,6996.58,7062.81,146082196
2025-12-19,6990.74,6986.66,6915.23,6969.2,254779234
2025-12-22,7003.39,7095.31,6913.29,7045.11,268688164
2025-12-23,7126.18,7129.51,7078.75,7126.34,157191570
2025-12-24,7183.79,7262.95,7149.58,7158.9,119769432
2025-12-25,7183.37,7315.09,7218.74,7237.06,107886519
2025-12-26,7223.69,7278.08,7213.47,7225.55,85481789
2025-12-29,7303.6,7386.01,7294.63,7339.29,63485073
2025-12-30,7324.76,7384.69,7328.77,7343.6,169313127
2025-12-31,7278.79,7420.62,7285.49,7352.46,205430301
2026-01-01,7372.23,7358.17,7220.55,7331.39,292031799
2026-01-02,7387.87,7478.61,7385.41,7398.4,183946985
2026-01-05,7338.98,7366.82,7361.5,7362.75,107622770
2026-01-06,7467.23,7506.21,7423.36,7457.44,183433396
2026-01-07,7324.66,7417.4,7279.85,7355.32,235804001
2026-01-08,7224.63,7299.47,7240.82,7257.65,177665865
2026-01-09,7368.51,7469.89,7266.24,7324.26,99933909
2026-01-12,7372.54,7327.55,7311.44,7319.58,97413809
2026-01-13,7264.07,7302.39,7178.5,7281.31,238360574
2026-01-14,7398.38,7438.97,7328.55,7366.93,260172675
2026-01-15,7324.68,7422.15,7234.15,7314.26,95609278
2026-01-16,7258.03,7347.14,7224.87,7299.31,76462914
2026-01-19,7405.07,7518.18,7423.64,7432.67,271922672
2026-01-20,7628.85,7602.09,7498.39,7581.81,246747511
2026-01-21,7693.03,7774.24,7613.29,7737.19,231394999
2026-01-22,7783.79,7758.99,7680.56,7713.41,184082736
2026-01-23,7819.76,7874.75,7817.55,7837.67,52317787
2026-01-26,7797.21,7834.25,7720.29,7748.22,213702421
2026-01-27,7654.47,7702.64,7647.71,7663.84,254236683
2026-01-28,7467.58,7527.5,7439.87,7443.76,53592112
2026-01-29,7648.37,7632.85,7565.64,7605.93,221913228
2026-01-30,7569.02,7634.91,7496.09,7527.17,225820136
2026-02-02,7501.19,7563.76,7426.74,7518.76,188203566
2026-02-03,7411.06,7542.75,7406.74,7436.56,212396735
2026-02-04,7503.12,7575.4,7444.26,7505.55,133735890
2026-02-05,7434.8,7475.15,7405.81,7473.68,152669928
2026-02-06,7362.36,7486.44,7304.32,7355.32,229990416
2026-02-09,7375.59,7422.13,7387.89,7399.89,271114094
2026-02-10,7302.37,7302.13,7146.43,7270.88,209565857
2026-02-11,7181.59,7283.44,7172.71,7198.0,107943363
2026-02-12,6963.91,7106.92,6976.66,7012.79,288892582
2026-02-13,6930.0,6897.29,6792.25,6891.38,297846343
2026-02-16,6915.26,6926.41,6856.06,6910.19,298239328
2026-02-17,6745.25,6766.02,6740.16,6744.46,220578560
2026-02-18,6651.92,6703.11,6615.33,6622.93,53653764
2026-02-19,6648.98,6695.03,6598.34,6625.88,206466655
2026-02-20,6563.73,6651.47,6576.36,6583.79,248182718
2026-02-23,6742.18,6779.94,6686.0,6754.34,277584896
2026-02-24,6884.72,6916.73,6897.74,6915.5,226969634
2026-02-25,6803.47,6955.48,6789.74,6843.55,116360277
2026-02-26,6911.0,6967.75,6836.38,6895.04,186352988
2026-02-27,6974.68,6997.73,6922.78,6963.76,128242192
